segment_id,geometry,current_speed,freeflow_speed,timestamp,quality
Traffic flow_04f981ba6deb7f38e19503e8605f9b41d9e3d4cf,"[(4.284592866897583, 52.08558158617159), (4.284383654594421, 52.08593759030557)]",30.0,0.0,2026-09-28 16:10:00,0.9
Traffic flow_b027427beef2bff69a27513f85c388b4537e1678,"[(4.282237887382507, 52.0906016413718), (4.282398819923401, 52.09054890571018), (4.282656311988831, 52.09044013821124), (4.282785058021545, 52.090364330403666), (4.282886981964111, 52.090295114466876), (4.283015727996826, 52.09017645832543), (4.283117651939392, 52.090070985934794), (4.2831820249557495, 52.089955625222075), (4.283214211463928, 52.08986004040558), (4.283262491226196, 52.08958646893706), (4.2833322286605835, 52.08899317565188), (4.283353686332703, 52.08886133162832), (4.283466339111328, 52.088518535343916), (4.283766746520996, 52.08772745694448), (4.283933043479919, 52.08733850492198), (4.284211993217468, 52.086735292960924), (4.284383654594421, 52.086399072919036), (4.284496307373047, 52.086168332208835), (4.284603595733643, 52.08598044246353), (4.28465723991394, 52.08589803443092), (4.284836947917938, 52.08558158617159)]",35.0,0.0,2026-09-28 16:10:00,0.9
Traffic flow_05800352a6952c87b04bb93f16b77298585cf894,"[(4.284383654594421, 52.08593759030557), (4.284265637397766, 52.086138665459536), (4.284136891365051, 52.0863759989017), (4.283997416496277, 52.08668255272971), (4.283648729324341, 52.08749672310289), (4.283224940299988, 52.088528423735156), (4.28316056728363, 52.08870641440286), (4.283085465431213, 52.08897339907319), (4.2830586433410645, 52.08910853885294), (4.283015727996826, 52.08962272549316), (4.2829835414886475, 52.089820488007824)]",45.0,0.0,2026-09-28 16:10:00,0.9
Traffic flow_8cd744c6ac209dfe050393933341d8e6ea32dec7,"[(4.28490936756134, 52.084849790977344), (4.284619688987732, 52.08488934778112), (4.284152984619141, 52.08493879373654), (4.284051060676575, 52.08493879373654), (4.283584356307983, 52.084981646853585), (4.283278584480286, 52.085034389095), (4.282822608947754, 52.08513328062965), (4.282398819923401, 52.0852288755715), (4.2822593450546265, 52.085255246553906), (4.2820340394973755, 52.08530798847198), (4.281851649284363, 52.085360730327714), (4.281342029571533, 52.085532140928365), (4.281100630760193, 52.08562114232672), (4.280869960784912, 52.0857002545318), (4.280349612236023, 52.08589144178175), (4.280006289482117, 52.086006813001816), (4.278590083122253, 52.08651773910543), (4.27768349647522, 52.08684077323635), (4.277404546737671, 52.086933068272835)]",15.0,0.0,2026-09-28 16:10:00,0.9
Traffic flow_b073441dabf7214b0df9627325af7167396e7e79,"[(4.28066611289978, 52.07883015540292), (4.2807841300964355, 52.07896532590037), (4.280987977981567, 52.07918951021325), (4.281218647956848, 52.07942688061142), (4.281524419784546, 52.07972688861432), (4.281771183013916, 52.07993458528127), (4.282076954841614, 52.08018184195803), (4.2821574211120605, 52.08025766706448), (4.282404184341431, 52.080442284176364), (4.282876253128052, 52.08076536228474), (4.2829835414886475, 52.08083459300371), (4.28342342376709, 52.081137888221164), (4.283654093742371, 52.08131261170428), (4.28392767906189, 52.081507114399855), (4.284228086471558, 52.081737879210486), (4.284946918487549, 52.082268633747084), (4.285767674446106, 52.082862016439464)]",20.0,0.0,2026-09-28 16:10:00,0.9
Traffic flow_e43c5069303522034bbd22877c0db1f0b965012d,"[(4.285767674446106, 52.08048843833502), (4.2857301235198975, 52.080491735058814), (4.284802079200745, 52.08057744979194), (4.283493161201477, 52.080686241331556), (4.282876253128052, 52.08076536228474)]",30.0,0.0,2026-09-28 16:10:00,0.9
Traffic flow_70c305441756672c5909ba893192b256e757df63,"[(4.27943229675293, 52.082018092019396), (4.279754161834717, 52.08185985441412), (4.280113577842712, 52.081695022978735), (4.280349612236023, 52.08160601375051), (4.280574917793274, 52.08151370769672), (4.280939698219299, 52.08137524825809), (4.281438589096069, 52.08120382169137), (4.281653165817261, 52.081137888221164), (4.281781911849976, 52.081095031413284), (4.282060861587524, 52.0810159110445), (4.282484650611877, 52.080917010386294), (4.2829835414886475, 52.08083459300371), (4.283600449562073, 52.080758768877324)]",30.0,0.0,2026-09-28 16:10:00,0.9
Traffic flow_12c4e70b016ccbc03454b0223a8da96949fcf8ca,"[(4.28266704082489, 52.086933068272835), (4.28266704082489, 52.08692317952805), (4.282634854316711, 52.08662651616575), (4.282581210136414, 52.08617822112089), (4.282565116882324, 52.085954071909654), (4.282500743865967, 52.08553543727962), (4.282490015029907, 52.0854200648409), (4.282479286193848, 52.085367323055294)]",30.0,0.0,2026-09-28 16:10:00,0.9
Traffic flow_abbd02327b63cafe169441d57c2af98522befaa4,"[(4.285767674446106, 52.0823741245801), (4.28566038608551, 52.08229500647871), (4.285097122192383, 52.081889524007835), (4.284614324569702, 52.081517004344775), (4.284324645996094, 52.0812763483961), (4.283600449562073, 52.080758768877324), (4.283493161201477, 52.080686241331556)]",35.0,0.0,2026-09-28 16:10:00,0.9
Traffic flow_4bcb0db57a5a2851feceb6141051d300f748ef85,"[(4.283187389373779, 52.07691134956253), (4.283246397972107, 52.07712565327531), (4.283337593078613, 52.07738611332581), (4.283745288848877, 52.07865871906128), (4.283798933029175, 52.0788499364769), (4.283965229988098, 52.07934775728562), (4.284024238586426, 52.079558752509406), (4.28417444229126, 52.0799807399649), (4.284238815307617, 52.08018184195803)]",10.0,0.0,2026-09-28 16:10:00,0.9
Traffic flow_0e2a46305063f67ab5dc6f48d847129f59f36425,"[(4.279598593711853, 52.076218976690065), (4.279695153236389, 52.07631788775788), (4.279727339744568, 52.0763640461812), (4.279974102973938, 52.07663440170217), (4.2802101373672485, 52.07691134956253), (4.280580282211304, 52.07743227064459), (4.280644655227661, 52.077511397365754), (4.280993342399597, 52.07791032578216), (4.281390309333801, 52.07835211011616), (4.28191602230072, 52.07895543539004), (4.281985759735107, 52.07904774673452), (4.282452464103699, 52.07956864288605), (4.282575845718384, 52.079697217583)]",25.0,0.0,2026-09-28 16:10:00,0.9
Traffic flow_90c79d967a8046a9ddbc796cde2bfab002e31fd7,"[(4.283010363578796, 52.080165358222196), (4.283026456832886, 52.08018184195803)]",25.0,0.0,2026-09-28 16:10:00,0.9
Traffic flow_dc8a5825689b5efb2a1702b482330f804cff399f,"[(4.28442120552063, 52.08018184195803), (4.2843568325042725, 52.079957662629056), (4.2840564250946045, 52.07905763722439), (4.283857941627502, 52.078431235206835), (4.283595085144043, 52.07762019637834), (4.283525347709656, 52.077372925511675), (4.28342878818512, 52.07710916841085), (4.283348321914673, 52.07684211275852), (4.283037185668945, 52.0758859744842), (4.283004999160767, 52.07574749758814), (4.283123016357422, 52.075549672705776), (4.283192753791809, 52.07539800636896), (4.283198118209839, 52.075355144049965), (4.283187389373779, 52.07532547011269), (4.283155202865601, 52.0753056874769), (4.283085465431213, 52.07528260772405), (4.282897710800171, 52.07523974529424), (4.282876253128052, 52.075173803014195), (4.282747507095337, 52.07401650014442), (4.28266704082489, 52.073419702610096), (4.282634854316711, 52.073122949485295), (4.282581210136414, 52.072677816099784), (4.282565116882324, 52.072450301766686), (4.282506108283997, 52.072077703325824)]",30.0,0.0,2026-09-28 16:10:00,0.9
Traffic flow_6cc6c4fd2ea61e70bd4f72412ec43843b2e73c4c,"[(4.285767674446106, 52.07009265745416), (4.285381436347961, 52.069594733432766), (4.285075664520264, 52.06916605267509), (4.284646511077881, 52.068595571130416), (4.284517765045166, 52.06840101217396), (4.284458756446838, 52.06836473837645), (4.284297823905945, 52.06829219069305)]",10.0,0.0,2026-09-28 16:10:00,0.9
Traffic flow_b095d691be55a7f8263e8f68be68bababefedada,"[(4.284297823905945, 52.06829219069305), (4.284287095069885, 52.06839771455722), (4.284308552742004, 52.068460369233584), (4.284823536872864, 52.06922540871777), (4.285188317298889, 52.069696956698046), (4.285622835159302, 52.07029050651722), (4.285767674446106, 52.07046856992442)]",15.0,0.0,2026-09-28 16:10:00,0.9
Traffic flow_711a133a9699dd4eba85cb5527670bcf763d7f90,"[(4.28191602230072, 52.07253273463001), (4.282087683677673, 52.07257559965878), (4.282275438308716, 52.07261516734113), (4.282827973365784, 52.07271738369155), (4.282951354980469, 52.07272727558401), (4.2831069231033325, 52.07271738369155), (4.283192753791809, 52.07270089719923), (4.283348321914673, 52.072654734988404), (4.283385872840881, 52.07263824847296), (4.283611178398132, 52.072565707732714), (4.283863306045532, 52.07247997761501), (4.284946918487549, 52.0721469475191), (4.285767674446106, 52.07187656482206)]",15.0,0.0,2026-09-28 16:10:00,0.9
Traffic flow_257c28f8f9d078cbc5301aaf09831436761e584c,"[(4.285767674446106, 52.07174302154447), (4.284850358963013, 52.07202824312203), (4.283723831176758, 52.0723942473327), (4.283359050750732, 52.072506356130305), (4.283144474029541, 52.07255251849455), (4.282999634742737, 52.072565707732714), (4.282903075218201, 52.072559113114124), (4.282355904579163, 52.07247668029951), (4.282130599021912, 52.072437112494434), (4.281980395317078, 52.07240413929675)]",20.0,0.0,2026-09-28 16:10:00,0.9
Traffic flow_a195faef4305ce1f24a0edeb1385fe6cadf4d80e,"[(4.283267855644226, 52.068166880780474), (4.28316593170166, 52.068229535780716), (4.283128380775452, 52.06826251206133), (4.2831069231033325, 52.06831527405965), (4.2831069231033325, 52.06842079786927), (4.283123016357422, 52.06852632142951), (4.2831069231033325, 52.06859227352804), (4.282994270324707, 52.06880991476206), (4.282720685005188, 52.06948921239733), (4.282549023628235, 52.06994097257878), (4.282516837120056, 52.070006922587915), (4.282447099685669, 52.07019817706355), (4.282339811325073, 52.07043559527296), (4.2822593450546265, 52.07063674026811), (4.281964302062988, 52.071464392926124), (4.281899929046631, 52.071629262141094), (4.281846284866333, 52.07179742811318), (4.2816585302352905, 52.07230192222919), (4.2815834283828735, 52.07233489550236), (4.281519055366516, 52.07238765268878), (4.281513690948486, 52.072417328578744), (4.281336665153503, 52.07247997761501), (4.2809343338012695, 52.07263165386509), (4.280725121498108, 52.07270419449819), (4.280580282211304, 52.07276024854305), (4.279115796089172, 52.07327792080765), (4.278702735900879, 52.073429594346955)]",25.0,0.0,2026-09-28 16:10:00,0.9
Traffic flow_cacff748e2ebc9f4fa7b8551cfefa0edb819c210,"[(4.284592866897583, 52.08558158617159), (4.284389019012451, 52.08593759030557)]",30.0,0.0,2026-09-28 16:10:00,0.9
Traffic flow_473a9f0693143f60f384f2d8cfae4707b5dd1077,"[(4.283568263053894, 52.08825484410237), (4.283718466758728, 52.08786589667676), (4.283938407897949, 52.08733850492198), (4.284217357635498, 52.086735292960924), (4.284501671791077, 52.086168332208835), (4.284603595733643, 52.08598044246353), (4.28465723991394, 52.08589803443092), (4.284836947917938, 52.08558158617159)]",35.0,0.0,2026-09-28 16:10:00,0.9
Traffic flow_e9af3b190742c5559463a0f42ae84f0b69ad64cf,"[(4.2890265583992, 52.08558158617159), (4.289565682411194, 52.08601670194966), (4.290027022361755, 52.0863825914793), (4.290429353713989, 52.08671551538153), (4.291341304779053, 52.08745387240095), (4.292183518409729, 52.08812959021675), (4.293234944343567, 52.08898328736363), (4.293953776359558, 52.089573284727535), (4.2939698696136475, 52.08958317288504)]",35.0,0.0,2026-09-28 16:10:00,0.9
Traffic flow_d22c548fc24dab87a1d689137bc5a837eef9ce16,"[(4.295933246612549, 52.09118172953589), (4.295772314071655, 52.091040004146556), (4.295530915260315, 52.09083565511827), (4.295219779014587, 52.09058845746224), (4.29441511631012, 52.08993255304374), (4.294211268424988, 52.08977763953737), (4.293953776359558, 52.089573284727535), (4.293234944343567, 52.08898328736363), (4.291738271713257, 52.08777030738371), (4.291341304779053, 52.08745387240095), (4.290429353713989, 52.08671551538153), (4.290027022361755, 52.0863825914793), (4.289565682411194, 52.08601670194966), (4.289533495903015, 52.085993627734624)]",40.0,0.0,2026-09-28 16:10:00,0.9
Traffic flow_cf7e32c46416eaf21153b87b779ec54d9f2758e5,"[(4.284389019012451, 52.08593759030557), (4.284271001815796, 52.086138665459536), (4.284142255783081, 52.0863759989017), (4.283997416496277, 52.08668255272971), (4.283648729324341, 52.08749672310289), (4.283568263053894, 52.08770273551851)]",45.0,0.0,2026-09-28 16:10:00,0.9
Traffic flow_01b3ac25b30d291962790cfba77358eed6f52c7e,"[(4.283568263053894, 52.08514316977105), (4.283992052078247, 52.0850640565784), (4.28467333316803, 52.08497175767638), (4.285837411880493, 52.084790455705935), (4.286105632781982, 52.084744305995855), (4.286357760429382, 52.08469485982496), (4.286609888076782, 52.0846223386752), (4.28691565990448, 52.084506963875896), (4.286980032920837, 52.08447070316308), (4.287114143371582, 52.08440147808408), (4.287307262420654, 52.084312474253295), (4.287462830543518, 52.08423335958805), (4.28766667842865, 52.08413446605924), (4.287897348403931, 52.08403227584927)]",10.0,0.0,2026-09-28 16:10:00,0.9
Traffic flow_bdae2758e157b9bf17730b918263d0ebc984b98f,"[(4.2897748947143555, 52.085400286678606), (4.289313554763794, 52.08507724212025), (4.288814663887024, 52.08471793471153), (4.288487434387207, 52.08447070316308), (4.288213849067688, 52.08426962049369), (4.287897348403931, 52.08403227584927), (4.287773966789246, 52.08394986421916)]",15.0,0.0,2026-09-28 16:10:00,0.9
Traffic flow_16ff491b275970e374346376144ebbeab0d37353,"[(4.290332794189453, 52.082720264624605), (4.2901986837387085, 52.082786195757286), (4.290064573287964, 52.082862016439464), (4.2898982763290405, 52.08294113353571), (4.289721250534058, 52.083030140101364), (4.289506673812866, 52.083132332605985), (4.289286732673645, 52.0832312283554), (4.288959503173828, 52.08338946109865), (4.288932681083679, 52.08340594364381), (4.288879036903381, 52.083432315703405), (4.288621544837952, 52.08353450728714), (4.2880260944366455, 52.08382789472732), (4.287773966789246, 52.08394986421916)]",15.0,0.0,2026-09-28 16:10:00,0.9
Traffic flow_b551621878b916729b686834d1bdb60960e40af5,"[(4.294983744621277, 52.08364988460047), (4.295064210891724, 52.08360703020461), (4.2951500415802, 52.08353450728714), (4.295198321342468, 52.08346198425183), (4.295225143432617, 52.08338616458888), (4.295225143432617, 52.08332682737153), (4.295203685760498, 52.083227931833946), (4.29516077041626, 52.0831488152461), (4.295123219490051, 52.08310925689958), (4.295080304145813, 52.08307299505114), (4.294951558113098, 52.0830136574174), (4.294871091842651, 52.08298728511043), (4.294774532318115, 52.08296750586997), (4.2946457862854, 52.08295761624645), (4.294533133506775, 52.08295761624645), (4.294452667236328, 52.08296420932904), (4.294350743293762, 52.08298728511043), (4.294286370277405, 52.083007064342134), (4.294238090515137, 52.08302684356506)]",15.0,0.0,2026-09-28 16:10:00,0.9
Traffic flow_3c764c6f61f32b0737686aeaea62b63908dba665,"[(4.296754002571106, 52.08523711650518), (4.2966413497924805, 52.085291506629275), (4.296013712882996, 52.08557828982374), (4.2959922552108765, 52.08558488251919), (4.294640421867371, 52.08614855437816), (4.294436573982239, 52.086227665648266), (4.294211268424988, 52.086333147123575), (4.294007420539856, 52.08642214692444), (4.293749928474426, 52.08652762794005), (4.29289698600769, 52.08689351328058), (4.292813837528229, 52.086933068272835)]",15.0,0.0,2026-09-28 16:10:00,0.9
Traffic flow_50128a66cc0c77c8d249096d03eca909adfb894c,"[(4.283568263053894, 52.08124338172674), (4.28392767906189, 52.081507114399855), (4.284367561340332, 52.081840074674005), (4.284571409225464, 52.08198842251113), (4.284946918487549, 52.082268633747084), (4.285955429077148, 52.082997174727375), (4.286609888076782, 52.08345539124277), (4.287194609642029, 52.083771854578785), (4.287323355674744, 52.08385756301277), (4.287570118904114, 52.08406194399885), (4.28766667842865, 52.08413446605924), (4.287811517715454, 52.084226766692936), (4.287897348403931, 52.084289399157086), (4.288637638092041, 52.08480364132863), (4.288927316665649, 52.08502449992949), (4.289195537567139, 52.08522228282347), (4.289560317993164, 52.08549917740245), (4.289989471435547, 52.08577936659663), (4.2906224727630615, 52.08623755454717), (4.291003346443176, 52.08652433166208), (4.291502237319946, 52.086906698281894), (4.291539788246155, 52.086933068272835)]",20.0,0.0,2026-09-28 16:10:00,0.9
Traffic flow_6bc2d3cc228fd96e1618df5fd8d3a3f0b6c79f6d,"[(4.29315984249115, 52.08045547108371), (4.29316520690918, 52.0804719547124), (4.29315984249115, 52.08048843833502), (4.29315984249115, 52.080541185886474), (4.293208122253418, 52.080607120238135), (4.293240308761597, 52.08066975778199), (4.293288588523865, 52.08072580182567), (4.2933690547943115, 52.08083788970194), (4.293433427810669, 52.080917010386294), (4.293529987335205, 52.08107525133424), (4.293465614318848, 52.08116755829481), (4.293342232704163, 52.081253271730105), (4.2930686473846436, 52.0813884348898), (4.292768239974976, 52.081526894287514), (4.292575120925903, 52.081642276790845), (4.292301535606384, 52.08176095562593), (4.292006492614746, 52.08189611724821), (4.291689991950989, 52.08204776150792), (4.291191101074219, 52.082298303069074), (4.290965795516968, 52.08240709041428), (4.290590286254883, 52.082601588340324), (4.290332794189453, 52.082720264624605)]",20.0,0.0,2026-09-28 16:10:00,0.9
Traffic flow_1ed47c18fc6d797af095f00eae57ee7c5a79b0cd,"[(4.294238090515137, 52.08302684356506), (4.29414689540863, 52.083082884649095), (4.294082522392273, 52.0831488152461), (4.294039607048035, 52.08322133879031), (4.2940181493759155, 52.08328397266548), (4.294012784957886, 52.08335649599007), (4.294028878211975, 52.08342901919681), (4.294109344482422, 52.0835476932809), (4.294195175170898, 52.083600437216994), (4.294281005859375, 52.08363999512815), (4.29440975189209, 52.083679553004245), (4.294538497924805, 52.08369933192915), (4.29465115070343, 52.08370262841577), (4.294779896736145, 52.083696035442266), (4.2948925495147705, 52.083679553004245), (4.294983744621277, 52.08364988460047)]",20.0,0.0,2026-09-28 16:10:00,0.9
Traffic flow_59385ab74f7b189601bcbd75923e4ce0757b5682,"[(4.292813837528229, 52.086933068272835), (4.29289698600769, 52.08689351328058), (4.293749928474426, 52.08652762794005), (4.294007420539856, 52.08642214692444), (4.294211268424988, 52.086333147123575), (4.294436573982239, 52.086227665648266), (4.294640421867371, 52.08614855437816), (4.2959922552108765, 52.08558488251919), (4.296013712882996, 52.08557828982374), (4.2966413497924805, 52.085291506629275), (4.296754002571106, 52.08523711650518)]",20.0,0.0,2026-09-28 16:10:00,0.9
Traffic flow_1ca7a742ce50d2a38c0086c9a48b91befc1cc9a2,"[(4.293304681777954, 52.08035656918367), (4.293299317359924, 52.08033019530665), (4.293256402015686, 52.08028733772325), (4.293208122253418, 52.08024777684051), (4.293116927146912, 52.08019502894232)]",25.0,0.0,2026-09-28 16:10:00,0.9
Traffic flow_226648e58c63f87d4ef5b992e79955e763709702,"[(4.293116927146912, 52.08019502894232), (4.29289698600769, 52.08009942321796), (4.292682409286499, 52.07999063024805), (4.292548298835754, 52.079891727318014), (4.292483925819397, 52.07983238545481), (4.292441010475159, 52.079779637065734), (4.292392730712891, 52.07967414010057), (4.292355179786682, 52.07949281660911), (4.292376637458801, 52.079298305135765), (4.29239809513092, 52.0792026974907), (4.292430281639099, 52.079107089640864), (4.292500019073486, 52.07895873222707), (4.292609989643097, 52.07883015540292)]",25.0,0.0,2026-09-28 16:10:00,0.9
Traffic flow_b05d32c245acd0e6f6888e47bf9b639dc4aa1225,"[(4.287773966789246, 52.08394986421916), (4.287682771682739, 52.084002607679956), (4.287570118904114, 52.08406194399885)]",25.0,0.0,2026-09-28 16:10:00,0.9
Traffic flow_3eaa2c205e9e9dcfc557981f03ee61e421ae4381,"[(4.293116927146912, 52.08019502894232), (4.29316520690918, 52.08027415076623), (4.293175935745239, 52.080307118151474), (4.2931705713272095, 52.0804258005367), (4.29314911365509, 52.08048514161098), (4.293133020401001, 52.08051151539645), (4.293004274368286, 52.08064008737744), (4.2929452657699585, 52.080673054492394), (4.292864799499512, 52.08070931829072), (4.292703866958618, 52.08074558205959), (4.292537569999695, 52.08075547217326), (4.290767312049866, 52.08075547217326), (4.290445446968079, 52.08074887876438), (4.290139675140381, 52.08073569194373), (4.289764165878296, 52.080706021583005), (4.2879509925842285, 52.080541185886474), (4.287291169166565, 52.08048514161098), (4.2870283126831055, 52.08045876780994), (4.286593794822693, 52.0804258005367), (4.286438226699829, 52.0804258005367), (4.286234378814697, 52.080438987448915), (4.2857301235198975, 52.080491735058814), (4.284802079200745, 52.08057744979194), (4.283568263053894, 52.08067964791247)]",30.0,0.0,2026-09-28 16:10:00,0.9
Traffic flow_be1d44e997e98b65f8c4c058b26525993742ac8e,"[(4.292609989643097, 52.07883015540292), (4.292500019073486, 52.07895873222707), (4.292430281639099, 52.079107089640864), (4.29239809513092, 52.0792026974907), (4.292376637458801, 52.079298305135765), (4.292355179786682, 52.07949281660911), (4.292392730712891, 52.07967414010057), (4.292441010475159, 52.079779637065734), (4.292483925819397, 52.07983238545481), (4.292548298835754, 52.079891727318014), (4.292682409286499, 52.07999063024805), (4.29289698600769, 52.08009942321796), (4.293116927146912, 52.08019502894232)]",30.0,0.0,2026-09-28 16:10:00,0.9
Traffic flow_594284c5fc906e14d2d29c995e179c2b4741b91d,"[(4.283568263053894, 52.08076206558115), (4.283600449562073, 52.080758768877324)]",30.0,0.0,2026-09-28 16:10:00,0.9
Traffic flow_dc35d3b8a9e03ec24b9163fcda31a2211d9f0433,"[(4.283600449562073, 52.080758768877324), (4.2838311195373535, 52.08073239523795), (4.285113215446472, 52.08061371366794), (4.2857033014297485, 52.080551076045424), (4.285950064659119, 52.08053129572533), (4.286341667175293, 52.080491735058814), (4.286507964134216, 52.08048843833502), (4.286684989929199, 52.08049503178236), (4.287275075912476, 52.080551076045424), (4.28840696811676, 52.08064668080238), (4.290139675140381, 52.08080162600807), (4.29041862487793, 52.080811516109314), (4.291110634803772, 52.080814812809244), (4.29141640663147, 52.08082140620837), (4.292585849761963, 52.08081810950893), (4.292789697647095, 52.08080821940914), (4.292864799499512, 52.08080162600807), (4.293004274368286, 52.080758768877324), (4.293240308761597, 52.08066975778199), (4.2932939529418945, 52.08052140556198), (4.293315410614014, 52.0804323939933), (4.293304681777954, 52.08035656918367)]",35.0,0.0,2026-09-28 16:10:00,0.9
Traffic flow_dc3ad15032380d740426647b1a5ec87453be6829,"[(4.287570118904114, 52.08406194399885), (4.287339448928833, 52.08418391285104), (4.286808371543884, 52.08444103528523), (4.286684989929199, 52.08450366744868), (4.286593794822693, 52.08454322455925), (4.286438226699829, 52.084592670898154), (4.2862290143966675, 52.08464211718227), (4.285950064659119, 52.08469485982496), (4.285483360290527, 52.08476078804064), (4.285022020339966, 52.084836605368295), (4.28490936756134, 52.084849790977344)]",40.0,0.0,2026-09-28 16:10:00,0.9
Traffic flow_a51c295e608d4366e120842f5b668a76aa185786,"[(4.287790060043335, 52.07883015540292), (4.287961721420288, 52.07895543539004), (4.288020730018616, 52.0789949974182), (4.288079738616943, 52.07902466891629), (4.288122653961182, 52.07903785624245), (4.288192391395569, 52.079041153073376), (4.288262128829956, 52.07903455941128), (4.288331866264343, 52.07901807525176), (4.28840696811676, 52.0789752164085), (4.288691282272339, 52.07883015540292)]",40.0,0.0,2026-09-28 16:10:00,0.9
Traffic flow_dc6a52907105d7ff9c2d7b14ce4f935c1f0af4dc,"[(4.296754002571106, 52.078246609777075), (4.296711087226868, 52.07825650044445)]",5.0,0.0,2026-09-28 16:10:00,0.9
Traffic flow_b8d398d01b87eb29f9e1a774559f189f3b1b12c1,"[(4.296711087226868, 52.07825650044445), (4.296442866325378, 52.078315844402724)]",5.0,0.0,2026-09-28 16:10:00,0.9
Traffic flow_d9572579411ba6825d958b457649aad776015c6a,"[(4.296560883522034, 52.07846090707969), (4.296754002571106, 52.078414750824514)]",10.0,0.0,2026-09-28 16:10:00,0.9
Traffic flow_03f2dae04a0a875304fedaf1df429671a6742cd0,"[(4.2940449714660645, 52.07903785624245), (4.2946940660476685, 52.078882904914046), (4.295332431793213, 52.07874114046156), (4.296185374259949, 52.07854332884521), (4.296560883522034, 52.07846090707969)]",10.0,0.0,2026-09-28 16:10:00,0.9
Traffic flow_ad9e30112c3504c5d6f0fa935de9acd733623d88,"[(4.283568263053894, 52.07810319485378), (4.283691644668579, 52.078483985189365), (4.283879399299622, 52.079084011853325), (4.283933043479919, 52.079225775216884), (4.284029603004456, 52.079558752509406), (4.28417444229126, 52.0799807399649), (4.284238815307617, 52.08018184195803)]",10.0,0.0,2026-09-28 16:10:00,0.9
Traffic flow_f48493511f4f63df5c2f7409f6c0e3d4a63bc8d2,"[(4.29441511631012, 52.07565517941879), (4.29490864276886, 52.075592534838016), (4.294994473457336, 52.07557934649402), (4.29516077041626, 52.075750794662085), (4.295203685760498, 52.07577387417288), (4.295262694358826, 52.07578706245941)]",10.0,0.0,2026-09-28 16:10:00,0.9
Traffic flow_ddf53dc6f0d618868c2a416a57b66df6eaa6da13,"[(4.291856288909912, 52.07365380646121), (4.292076230049133, 52.07382196480796), (4.292301535606384, 52.073973636499026), (4.292537569999695, 52.074145090833674), (4.293015003204346, 52.074478106025275), (4.293454885482788, 52.07481441587595), (4.293932318687439, 52.075163911663786), (4.294098615646362, 52.07529249904816), (4.294238090515137, 52.07541449186531), (4.294334650039673, 52.07553978143865), (4.29441511631012, 52.07565517941879), (4.294490218162537, 52.075909053925116), (4.2945438623428345, 52.07605412442337), (4.294613599777222, 52.07616622403096), (4.294785261154175, 52.07638382834801), (4.295386075973511, 52.077059713780955), (4.295589923858643, 52.07730698638257), (4.296110272407532, 52.07791691961034), (4.296314120292664, 52.07817078125434), (4.296442866325378, 52.078315844402724), (4.296560883522034, 52.07846090707969)]",15.0,0.0,2026-09-28 16:10:00,0.9
Traffic flow_c85b883b5c97f3ce57e20a5a7b28b799252e2ada,"[(4.293342232704163, 52.078991700583856), (4.292998909950256, 52.0790741213693), (4.291952848434448, 52.07930819557012), (4.291362762451172, 52.07942688061142), (4.290027022361755, 52.07973348217415), (4.2897480726242065, 52.07981260481622), (4.289490580558777, 52.07990491438802), (4.289018511772156, 52.08008623620543), (4.288755655288696, 52.08018184195803)]",15.0,0.0,2026-09-28 16:10:00,0.9
Traffic flow_6aa704a6641eb34eaa2caff87b73d28eeb0bb6b2,"[(4.2923954129219055, 52.08018184195803), (4.29215669631958, 52.079720295053505), (4.292038679122925, 52.079469739021), (4.291952848434448, 52.07930819557012)]",15.0,0.0,2026-09-28 16:10:00,0.9
Traffic flow_adfae32d11f9850ac1bc053a700a0a02c0904095,"[(4.296013712882996, 52.072077703325824), (4.2959922552108765, 52.072084298015525), (4.295251965522766, 52.0723942473327), (4.294436573982239, 52.07272727558401), (4.294211268424988, 52.07282949167777), (4.294007420539856, 52.07291851840747), (4.293749928474426, 52.07302403133871), (4.29289698600769, 52.07339002738638), (4.292698502540588, 52.073485647481085), (4.292489290237427, 52.07359775353821), (4.292306900024414, 52.073703264864236), (4.292076230049133, 52.07382196480796)]",15.0,0.0,2026-09-28 16:10:00,0.9
Traffic flow_f6c7ba325c6d2b58e34d9afd9712c58484313688,"[(4.294828176498413, 52.076133253587365), (4.294763803482056, 52.07604093621574), (4.294726252555847, 52.07595850982975), (4.294672608375549, 52.07579365660122), (4.294629693031311, 52.07562880276391), (4.294581413269043, 52.07548043378985), (4.294500946998596, 52.07538152086652), (4.29440975189209, 52.07529909326301), (4.294136166572571, 52.075097969271724), (4.293562173843384, 52.074666044195304), (4.293240308761597, 52.07442864848061), (4.292998909950256, 52.074240709311226), (4.29290235042572, 52.074154982409816), (4.292736053466797, 52.07403628335148), (4.292306900024414, 52.073703264864236), (4.292097687721252, 52.07355818672666), (4.2919206619262695, 52.073429594346955), (4.2917221784591675, 52.07329110983153), (4.291545152664185, 52.07318230026806), (4.291362762451172, 52.073063598623655), (4.290783405303955, 52.07263165386509), (4.290139675140381, 52.072173326231145), (4.290010929107666, 52.072077703325824)]",20.0,0.0,2026-09-28 16:10:00,0.9
Traffic flow_1238d23bf31fa34a531ab2acfe05c61023c2248b,"[(4.289227724075317, 52.08018184195803), (4.289479851722717, 52.08008953295893), (4.289710521697998, 52.08001041080776), (4.2899250984191895, 52.079951069102336), (4.290638566017151, 52.07978293384187), (4.290788769721985, 52.07975326284782), (4.291024804115295, 52.079697217583), (4.291217923164368, 52.079660952962385)]",20.0,0.0,2026-09-28 16:10:00,0.9
Traffic flow_35200725ca3ce3bc1d3376309059665374965495,"[(4.292306900024414, 52.073703264864236), (4.292489290237427, 52.07359775353821), (4.292698502540588, 52.073485647481085), (4.29289698600769, 52.07339002738638), (4.293749928474426, 52.07302403133871), (4.294007420539856, 52.07291851840747), (4.294211268424988, 52.07282949167777), (4.294436573982239, 52.07272727558401), (4.295251965522766, 52.0723942473327), (4.2959922552108765, 52.072084298015525), (4.296013712882996, 52.072077703325824)]",20.0,0.0,2026-09-28 16:10:00,0.9
Traffic flow_5159250c7d059912557be5123f499565d1c5da5d,"[(4.295262694358826, 52.07578706245941), (4.295327067375183, 52.07577387417288), (4.295487999916077, 52.07571122975866), (4.295756220817566, 52.0755859406665), (4.296013712882996, 52.07548043378985), (4.296754002571106, 52.075163911663786)]",25.0,0.0,2026-09-28 16:10:00,0.9
Traffic flow_a438022c9357488ef8c084a69eb10591128109ac,"[(4.296711087226868, 52.07825650044445), (4.296056628227234, 52.07749820958863), (4.295423626899719, 52.076812439809636), (4.295353889465332, 52.07672012384255), (4.2948979139328, 52.07621567965071), (4.294828176498413, 52.076133253587365)]",30.0,0.0,2026-09-28 16:10:00,0.9
Traffic flow_4ba1c016a2493cef3484b8bcd9c2a5ac30b7d8c2,"[(4.291217923164368, 52.079660952962385), (4.291700720787048, 52.079545565337135), (4.292038679122925, 52.079469739021), (4.292172789573669, 52.079443364619976), (4.292768239974976, 52.07930819557012), (4.2940449714660645, 52.07903785624245)]",30.0,0.0,2026-09-28 16:10:00,0.9
Traffic flow_df1f868940c5377cca34d5fe87f51bfc53f6b22e,"[(4.284423887729645, 52.08018184195803), (4.284362196922302, 52.079957662629056), (4.284244179725647, 52.0796279850999), (4.283938407897949, 52.0786554222021), (4.283857941627502, 52.078431235206835), (4.283568263053894, 52.07750974889383)]",30.0,0.0,2026-09-28 16:10:00,0.9
Traffic flow_e0cf6b9ca2af05e802cad8c284111aa365b78273,"[(4.292076230049133, 52.07382196480796), (4.292306900024414, 52.073703264864236)]",30.0,0.0,2026-09-28 16:10:00,0.9
Traffic flow_32732130ced4297b6bfa1aa46de77e69d52a69da,"[(4.291952848434448, 52.07930819557012), (4.292038679122925, 52.079469739021), (4.29215669631958, 52.079720295053505), (4.2923954129219055, 52.08018184195803)]",35.0,0.0,2026-09-28 16:10:00,0.9
Traffic flow_6f879adecedd2c2dde3a90d952f83d934e86fd16,"[(4.296754002571106, 52.078317492844874), (4.296711087226868, 52.07825650044445)]",40.0,0.0,2026-09-28 16:10:00,0.9
Traffic flow_d963dc8f2983dda814f8a30f9f4008a7697f7cf8,"[(4.296442866325378, 52.078315844402724), (4.295933246612549, 52.078424641454646), (4.295724034309387, 52.0784740945724), (4.2944687604904175, 52.07872795304774), (4.293626546859741, 52.07891917016678), (4.293347597122192, 52.07898840374927), (4.293342232704163, 52.078991700583856)]",45.0,0.0,2026-09-28 16:10:00,0.9
Traffic flow_b09313782f52a6d3e71f6bed4785efc26e6151ae,"[(4.287280440330505, 52.07220959693476), (4.28741991519928, 52.072397544654294), (4.287618398666382, 52.07264484307987), (4.287795424461365, 52.07288224827976), (4.28817093372345, 52.07341640536399), (4.288181662559509, 52.073429594346955)]",5.0,0.0,2026-09-28 16:10:00,0.9
Traffic flow_635c4297f687791d552cc7584a9c1cf6de768b7b,"[(4.293607771396637, 52.073429594346955), (4.294066429138184, 52.07323175919342), (4.294323921203613, 52.073126246753084), (4.294715523719788, 52.07295478850571), (4.295021295547485, 52.07281630251753), (4.295337796211243, 52.072677816099784), (4.295375347137451, 52.072664626894735)]",5.0,0.0,2026-09-28 16:10:00,0.9
Traffic flow_61c22a64cbca3e67ce88a706d7a9068cff2d1c38,"[(4.2863523960113525, 52.07084447922995), (4.285381436347961, 52.069594733432766), (4.285075664520264, 52.06916605267509), (4.284646511077881, 52.068595571130416), (4.284517765045166, 52.06840101217396), (4.284464120864868, 52.06836473837645), (4.284303188323975, 52.06829219069305)]",10.0,0.0,2026-09-28 16:10:00,0.9
Traffic flow_5aa84a7d131b5c56ebf7d487d792d9bfa47e1dd8,"[(4.2892760038375854, 52.06982885733971), (4.289211630821228, 52.06979917972931), (4.289136528968811, 52.06977939464474), (4.288342595100403, 52.069436451786096), (4.2878276109695435, 52.06922540871777), (4.287532567977905, 52.06909680385889), (4.287334084510803, 52.06902095979414), (4.2864274978637695, 52.06863843993905), (4.285821318626404, 52.06840101217396), (4.285692572593689, 52.06834825027694)]",10.0,0.0,2026-09-28 16:10:00,0.9
Traffic flow_6d6f0178737821e42e823a52b6d1906f92690dba,"[(4.284303188323975, 52.06829219069305), (4.284292459487915, 52.06839771455722), (4.284308552742004, 52.068460369233584), (4.284823536872864, 52.06922540871777), (4.285188317298889, 52.069696956698046), (4.285622835159302, 52.07029050651722), (4.285794496536255, 52.07050154455154), (4.285950064659119, 52.0707026892496), (4.286110997200012, 52.070930212488), (4.286314845085144, 52.07119730350592), (4.286524057388306, 52.07141822943685), (4.286518692970276, 52.071467690316396), (4.2865294218063354, 52.071503961593244), (4.286556243896484, 52.07153363807056), (4.286609888076782, 52.07156990929384), (4.286679625511169, 52.07159299096604), (4.286749362945557, 52.071602883107616), (4.286776185035706, 52.071602883107616), (4.286845922470093, 52.07166223591103), (4.286931753158569, 52.07175456233732), (4.287071228027344, 52.07192932255006), (4.287280440330505, 52.07220959693476)]",15.0,0.0,2026-09-28 16:10:00,0.9
Traffic flow_30daf89dfee2d1eeebd08b2ff9a7c12a2b49a32e,"[(4.295611381530762, 52.0701223348695), (4.295074939727783, 52.069621113652666), (4.294779896736145, 52.06936060829824), (4.294189810752869, 52.068793426826936), (4.29391086101532, 52.06854280946328), (4.293835759162903, 52.068466964457556), (4.29366409778595, 52.06830208356591), (4.293202757835388, 52.06787009274273), (4.293031096458435, 52.06768212596525), (4.292880892753601, 52.06750075376325), (4.2927199602127075, 52.06727321304986), (4.2925697565078735, 52.06701599171686), (4.29215669631958, 52.06621463883545), (4.292038679122925, 52.06596730479517), (4.291952848434448, 52.06580571248236)]",15.0,0.0,2026-09-28 16:10:00,0.9
Traffic flow_47fc098685dea592b32ebb264b0b85a003e483a0,"[(4.296517968177795, 52.07194580932727), (4.296496510505676, 52.07195240403646), (4.296458959579468, 52.07198537756775), (4.2964106798172, 52.07205791925088), (4.296378493309021, 52.07212056879147), (4.296330213546753, 52.07218651558133), (4.296287298202515, 52.07223267827626), (4.296222925186157, 52.07228213825359)]",15.0,0.0,2026-09-28 16:10:00,0.9
Traffic flow_2bdf4cdfb87ca99740bbc0154602d55e2bbd2d85,"[(4.296222925186157, 52.07228213825359), (4.296099543571472, 52.072341490154066), (4.295021295547485, 52.07281630251753), (4.294715523719788, 52.07295478850571), (4.294323921203613, 52.073126246753084), (4.294066429138184, 52.07323175919342), (4.293607771396637, 52.073429594346955)]",15.0,0.0,2026-09-28 16:10:00,0.9
Traffic flow_32188dae3f260f5228f08f1b8dc9ff2d7872209e,"[(4.293202757835388, 52.06787009274273), (4.29366409778595, 52.06830208356591), (4.293884038925171, 52.06851313099812), (4.29391086101532, 52.06854280946328), (4.294189810752869, 52.068793426826936), (4.294779896736145, 52.06936060829824), (4.295074939727783, 52.069621113652666), (4.295632839202881, 52.070142119802114), (4.296754002571106, 52.071118165593106)]",20.0,0.0,2026-09-28 16:10:00,0.9
Traffic flow_b30df5d0aa58192f735709eb31a0846244801e29,"[(4.295284152030945, 52.06981566729308), (4.29515540599823, 52.0698585349304), (4.29465115070343, 52.07004319505142), (4.294420480728149, 52.07011573989002), (4.29415762424469, 52.070208069514145), (4.293841123580933, 52.070346563592366), (4.2937445640563965, 52.07038283577997), (4.293690919876099, 52.07042900033975)]",20.0,0.0,2026-09-28 16:10:00,0.9
Traffic flow_8a1c56f0f16d2b229fe8341562a06951ab1461fc,"[(4.289962649345398, 52.070056385030846), (4.289833903312683, 52.07011244239991), (4.289640784263611, 52.070201474547325), (4.2891526222229, 52.07040591806582), (4.288074374198914, 52.070808207417365), (4.287516474723816, 52.071022540427975)]",20.0,0.0,2026-09-28 16:10:00,0.9
Traffic flow_0757f25f739fbf25c7ea27686a8e862fc88d9d33,"[(4.286749362945557, 52.07130282050482), (4.286679625511169, 52.07131271271068), (4.286636710166931, 52.07132590231509), (4.286593794822693, 52.0713456867144), (4.286550879478455, 52.071375363296916), (4.286524057388306, 52.07141822943685)]",25.0,0.0,2026-09-28 16:10:00,0.9
Traffic flow_ac4ea25807cb6fe4d6fa0257f3ba1debaafea55b,"[(4.2892760038375854, 52.06982885733971), (4.289308190345764, 52.06988491499444), (4.289597868919373, 52.07001351758347), (4.289833903312683, 52.07011244239991), (4.290053844451904, 52.07016849969862), (4.290311336517334, 52.07020477203086), (4.2905473709106445, 52.07022785440877), (4.2906492948532104, 52.070201474547325)]",25.0,0.0,2026-09-28 16:10:00,0.9
Traffic flow_694c3b2b14733c5faa4545fd0def61b6e5bbd233,"[(4.287537932395935, 52.069100101424006), (4.2878276109695435, 52.06922540871777), (4.288342595100403, 52.069436451786096), (4.289136528968811, 52.06977939464474), (4.289211630821228, 52.06979917972931), (4.2892760038375854, 52.06982885733971)]",25.0,0.0,2026-09-28 16:10:00,0.9
Traffic flow_fcefe393a8461d1875e02fa6072b3abf72e2ac52,"[(4.288508892059326, 52.073429594346955), (4.28842306137085, 52.07330100159688), (4.288085103034973, 52.07285586998656), (4.2878758907318115, 52.072565707732714)]",30.0,0.0,2026-09-28 16:10:00,0.9
Traffic flow_f4e09485cc8559c55ad0395ed0797eb45cf76c35,"[(4.287516474723816, 52.071022540427975), (4.288074374198914, 52.070808207417365), (4.2891526222229, 52.07040591806582), (4.289640784263611, 52.070201474547325), (4.289833903312683, 52.07011244239991), (4.289962649345398, 52.070056385030846)]",30.0,0.0,2026-09-28 16:10:00,0.9
Traffic flow_c127fd791059f86e38f88817ba360454aa7f001e,"[(4.302864074707031, 52.08604966509331), (4.302821159362793, 52.08607273927937), (4.302788972854614, 52.086099109763126), (4.302772879600525, 52.086128776538715), (4.302778244018555, 52.08618481372769), (4.302810430526733, 52.086224369348145), (4.302842617034912, 52.08624085084631), (4.30288553237915, 52.08625733233839), (4.302971363067627, 52.08626722123072), (4.303041100502014, 52.08626392493353)]",15.0,0.0,2026-09-28 16:10:00,0.9
Traffic flow_0506e1f6900599d1d5fed5698c0f8245e8368811,"[(4.303041100502014, 52.08626392493353), (4.303443431854248, 52.08672870043543), (4.3034809827804565, 52.08678473687108), (4.303738474845886, 52.087097880363174), (4.3037813901901245, 52.087157212566694), (4.303942322731018, 52.0873418011398), (4.304028153419495, 52.08743079892901), (4.304103255271912, 52.08748683448302), (4.304339289665222, 52.087641755942585), (4.304521679878235, 52.08778678831091), (4.304607510566711, 52.08788567374632), (4.3048542737960815, 52.08815595948505), (4.304865002632141, 52.088172440269815), (4.3049561977386475, 52.08827462099953), (4.304993748664856, 52.08832735934914)]",15.0,0.0,2026-09-28 16:10:00,0.9
Traffic flow_04830174ba6cca0b922fc629bdbe702676276634,"[(4.303041100502014, 52.08626392493353), (4.303078651428223, 52.086254036040465), (4.303116202354431, 52.08623755454717), (4.30314838886261, 52.08621448044632), (4.303175210952759, 52.086155146989356), (4.30315375328064, 52.08610899869051), (4.3031322956085205, 52.0860859245232), (4.303094744682312, 52.08605955403165), (4.3030571937561035, 52.08604307246653), (4.302987456321716, 52.086029887210046), (4.302912354469299, 52.086036479838775), (4.302864074707031, 52.08604966509331)]",30.0,0.0,2026-09-28 16:10:00,0.9
Traffic flow_020f98cf84f91becc7d52ccdc28d45bdff39a2bf,"[(4.304993748664856, 52.08832735934914), (4.3049561977386475, 52.08827462099953), (4.304865002632141, 52.088172440269815), (4.304822087287903, 52.08811970173712), (4.304564595222473, 52.087836231056), (4.304521679878235, 52.08778678831091), (4.304339289665222, 52.087641755942585), (4.304103255271912, 52.08748683448302), (4.304028153419495, 52.08743079892901), (4.303942322731018, 52.0873418011398), (4.3037813901901245, 52.087157212566694), (4.303738474845886, 52.087097880363174), (4.3034809827804565, 52.08678473687108), (4.303443431854248, 52.08672870043543), (4.303041100502014, 52.08626392493353)]",30.0,0.0,2026-09-28 16:10:00,0.9
Traffic flow_a55f6de6193bbcff281ecbd968785690eb36a408,"[(4.305111765861511, 52.07994777233861), (4.305202960968018, 52.079987333487246), (4.305256605148315, 52.08002030108432), (4.305315613746643, 52.08006315892412), (4.3054282665252686, 52.080165358222196), (4.306066632270813, 52.08083788970194), (4.306206107139587, 52.08096646074279), (4.306367039680481, 52.08110162477102), (4.306431412696838, 52.081124701515435), (4.3065279722213745, 52.08114448157256)]",5.0,0.0,2026-09-28 16:10:00,0.9
Traffic flow_d3de59ae6d64a93ba45a51dc15d349f084751e54,"[(4.3065279722213745, 52.08114448157256), (4.306597709655762, 52.08124338172674)]",5.0,0.0,2026-09-28 16:10:00,0.9
Traffic flow_eea6a47f8fcfb93e2cbbbc6bd865d94fa898e579,"[(4.306860566139221, 52.08300376780412), (4.306506514549255, 52.08267081621117), (4.305723309516907, 52.08190600710694), (4.305492639541626, 52.08166864989258)]",5.0,0.0,2026-09-28 16:10:00,0.9
Traffic flow_313cb814168d073044307fd087cce6a86fd53c4f,"[(4.303025007247925, 52.08245983569832), (4.3031322956085205, 52.082416980159785), (4.3036580085754395, 52.082196108654756), (4.303910136222839, 52.08208402418935), (4.303990602493286, 52.08205105811655), (4.304189085960388, 52.0819818292844), (4.304301738739014, 52.081958752983155), (4.304746985435486, 52.08188622738729), (4.305127859115601, 52.08180051516751), (4.305492639541626, 52.08166864989258), (4.306361675262451, 52.08133239167814), (4.30662989616394, 52.08122360171344)]",5.0,0.0,2026-09-28 16:10:00,0.9
Traffic flow_99c83cce016e8dd945c02dff5252a971ad3be27c,"[(4.299377202987671, 52.08405535107842), (4.298915863037109, 52.08425973115872), (4.2986369132995605, 52.08437510659717), (4.2980629205703735, 52.08464211718227), (4.297022223472595, 52.08510690957517), (4.2967647314071655, 52.085232171945165)]",10.0,0.0,2026-09-28 16:10:00,0.9
Traffic flow_6d61e9fe539fda048aa3c3dec9bdd7fa7a569e7f,"[(4.306919574737549, 52.08447399959273), (4.306683540344238, 52.08425973115872), (4.306200742721558, 52.08383119120447), (4.305787682533264, 52.08345209473787), (4.3056321144104, 52.0833202343425), (4.305551648139954, 52.083241117918284), (4.30539071559906, 52.08309607077628), (4.304993748664856, 52.082720264624605), (4.304811358451843, 52.08255213979542), (4.304682612419128, 52.0824268699031), (4.304618239402771, 52.082370827995334), (4.304419755935669, 52.08217962566279), (4.304253458976746, 52.08203457507101), (4.304183721542358, 52.081975236056685)]",10.0,0.0,2026-09-28 16:10:00,0.9
Traffic flow_617f9b5f0d4ae89ba27d2e5fcaa403ef3f34b5e4,"[(4.307740330696106, 52.085014610761775), (4.307654500007629, 52.085047574645614), (4.307584762573242, 52.0850640565784), (4.307541847229004, 52.085067352964224), (4.307504296302795, 52.08505416741946), (4.307456016540527, 52.085017907151254), (4.30738091468811, 52.084932200945644), (4.3071770668029785, 52.08471793471153), (4.307048320770264, 52.08459926373919), (4.306919574737549, 52.08447399959273)]",10.0,0.0,2026-09-28 16:10:00,0.9
Traffic flow_b126f5fef5de3f278854bb9303f03eefd6e56472,"[(4.294554591178894, 52.080918658732394), (4.295005202293396, 52.08077854909663), (4.295793771743774, 52.08054448260638), (4.296378493309021, 52.08037634958121), (4.297977089881897, 52.079888430549914), (4.298379421234131, 52.079773043512716), (4.298572540283203, 52.079720295053505)]",15.0,0.0,2026-09-28 16:10:00,0.9
Traffic flow_a10f81fd2576c4fb65cddb6d6dbad8dc71ed0662,"[(4.3065279722213745, 52.08114448157256), (4.306538701057434, 52.081095031413284), (4.306506514549255, 52.08102580109828), (4.306190013885498, 52.08072580182567), (4.305868148803711, 52.08040272343095), (4.3057286739349365, 52.08028404098435), (4.305664300918579, 52.08022469964272), (4.305417537689209, 52.0799807399649), (4.305374622344971, 52.07989832085351), (4.305347800254822, 52.079815901589924), (4.305342435836792, 52.07972688861432), (4.305353164672852, 52.07964117224782), (4.305337071418762, 52.07951919098092), (4.305310249328613, 52.07945655182244), (4.305261969566345, 52.07940380298922), (4.305202960968018, 52.079367538130214), (4.305117130279541, 52.07932797643225), (4.304832816123962, 52.079245556115545), (4.3046557903289795, 52.07920599430947), (4.304575324058533, 52.07916313564664), (4.304521679878235, 52.07913016741648), (4.304414391517639, 52.07903126257987), (4.304269552230835, 52.07887960807142), (4.304221272468567, 52.07883015540292)]",15.0,0.0,2026-09-28 16:10:00,0.9
Traffic flow_e13adb3c9ac466bbd98e6208ce363057a03c8871,"[(4.307509660720825, 52.08216643926484), (4.307080507278442, 52.081751065735055), (4.306790828704834, 52.08146096129456), (4.306662082672119, 52.08132579835449), (4.306592345237732, 52.08124008505847), (4.3065279722213745, 52.08114448157256)]",15.0,0.0,2026-09-28 16:10:00,0.9
Traffic flow_829cd01db30ab7a9faf9f4f2a283478cf2a7a257,"[(4.294989109039307, 52.08364988460047), (4.295064210891724, 52.08360703020461), (4.2951500415802, 52.08353450728714), (4.295198321342468, 52.08346198425183), (4.295225143432617, 52.08338616458888), (4.295230507850647, 52.08332682737153), (4.295219779014587, 52.0832707865938), (4.295187592506409, 52.08318837355755), (4.29516077041626, 52.0831488152461), (4.295123219490051, 52.08310925689958), (4.295080304145813, 52.08307299505114), (4.294951558113098, 52.0830136574174), (4.294871091842651, 52.08298728511043), (4.294779896736145, 52.08296750586997), (4.2946457862854, 52.08295761624645), (4.294554591178894, 52.08295761624645)]",15.0,0.0,2026-09-28 16:10:00,0.9
Traffic flow_3266db0b9e5efb94712c550cc7c5314143ac91dd,"[(4.2967647314071655, 52.085232171945165), (4.2966413497924805, 52.085291506629275), (4.296013712882996, 52.08557828982374), (4.2959922552108765, 52.08558488251919), (4.295257329940796, 52.085894738106454), (4.2946457862854, 52.08614855437816), (4.294554591178894, 52.08618316557608)]",15.0,0.0,2026-09-28 16:10:00,0.9
Traffic flow_2d2af4efa04f948fbd99e485722bd74415199bd5,"[(4.298175573348999, 52.07883015540292), (4.298315048217773, 52.07906093405386), (4.298497438430786, 52.079285117886556), (4.298459887504578, 52.0795158941853), (4.298470616340637, 52.079571939677784), (4.298502802848816, 52.07966754653196), (4.298540353775024, 52.079730185394354)]",20.0,0.0,2026-09-28 16:10:00,0.9
Traffic flow_95102f8ac8aeb7e8b395065a4ba76b6178613cc3,"[(4.3016839027404785, 52.085469510208306), (4.3016839027404785, 52.08538380487), (4.301351308822632, 52.08537721214484), (4.300954341888428, 52.085360730327714), (4.3008363246917725, 52.08535084123451), (4.300745129585266, 52.085354137599154), (4.300079941749573, 52.08533435940764), (4.2993879318237305, 52.08531787757467), (4.297778606414795, 52.08526843203927), (4.297472834587097, 52.08524535743734), (4.297279715538025, 52.085235468318565), (4.297006130218506, 52.085232171945165), (4.296872019767761, 52.085261839297075)]",20.0,0.0,2026-09-28 16:10:00,0.9
Traffic flow_ae0e541475f74d4f221311b42212ca0d9c1f97d8,"[(4.304189085960388, 52.0819818292844), (4.304253458976746, 52.08203457507101), (4.304419755935669, 52.08217962566279), (4.304618239402771, 52.082370827995334), (4.304682612419128, 52.0824268699031), (4.304811358451843, 52.08255213979542), (4.304993748664856, 52.082720264624605), (4.30539071559906, 52.08309607077628), (4.305551648139954, 52.083241117918284), (4.3056321144104, 52.0833202343425), (4.305787682533264, 52.08345209473787), (4.306200742721558, 52.08383119120447), (4.306871294975281, 52.08442784955541), (4.306919574737549, 52.08447399959273)]",20.0,0.0,2026-09-28 16:10:00,0.9
Traffic flow_0cf9900b087bd0c84148c345a5ac970381b86b4f,"[(4.306919574737549, 52.08447399959273), (4.307048320770264, 52.08459926373919), (4.3071770668029785, 52.08471793471153), (4.30738091468811, 52.084932200945644), (4.307456016540527, 52.085017907151254), (4.307504296302795, 52.08505416741946), (4.307541847229004, 52.085067352964224), (4.307584762573242, 52.0850640565784), (4.307654500007629, 52.085047574645614), (4.307740330696106, 52.085014610761775)]",20.0,0.0,2026-09-28 16:10:00,0.9
Traffic flow_4e4208a913e66f8d135d64dc8150068ffa3ef687,"[(4.30402010679245, 52.07883015540292), (4.304333925247192, 52.079113683292256), (4.30439293384552, 52.07917632293189), (4.304441213607788, 52.07923566566731), (4.304451942443848, 52.07926863381956), (4.304468035697937, 52.07956204930186), (4.304484128952026, 52.079624688312315), (4.304510951042175, 52.0796774368845), (4.304548501968384, 52.079720295053505), (4.304602146148682, 52.07976974673584), (4.304666519165039, 52.079799417718945), (4.304746985435486, 52.07983238545481), (4.304875731468201, 52.079868649936145), (4.305111765861511, 52.07994777233861)]",25.0,0.0,2026-09-28 16:10:00,0.9
Traffic flow_d8a5edb5decf1a42ecd17d7d451236619a038ade,"[(4.307740330696106, 52.08239225579191), (4.307509660720825, 52.08216973586469), (4.307509660720825, 52.08216643926484)]",25.0,0.0,2026-09-28 16:10:00,0.9
Traffic flow_68ebb9e6ed1bb27fdc4e7b41d909b1a579f51f24,"[(4.303810894489288, 52.086933068272835), (4.303786754608154, 52.08690999453161), (4.303443431854248, 52.08661003481002), (4.303346872329712, 52.08652103538388), (4.303084015846252, 52.08630018418933), (4.3028318881988525, 52.08606944296781), (4.302746057510376, 52.08600022036871), (4.302510023117065, 52.08582551523635), (4.3022847175598145, 52.085627735015834), (4.302204251289368, 52.08555191903223), (4.302086234092712, 52.085453028425256), (4.302048683166504, 52.085429953918776), (4.301995038986206, 52.08540687940035), (4.301844835281372, 52.08539039759417), (4.3016839027404785, 52.08538380487)]",25.0,0.0,2026-09-28 16:10:00,0.9
Traffic flow_169d6718dc726ba32e7d6d0c6733a679b8cceabf,"[(4.304183721542358, 52.081975236056685), (4.304076433181763, 52.08189611724821), (4.303411245346069, 52.08126975506418), (4.303303956985474, 52.08116096494682), (4.302880167961121, 52.080788439203), (4.302563667297363, 52.08049503178236)]",25.0,0.0,2026-09-28 16:10:00,0.9
Traffic flow_0f90e0aec864ecbecca11496facd67034e884b3d,"[(4.298572540283203, 52.079720295053505), (4.29889440536499, 52.079608204370714), (4.299350380897522, 52.079463145422196), (4.299677610397339, 52.07935435090146), (4.300444722175598, 52.079084011853325), (4.300605654716492, 52.07902137208415), (4.300798773765564, 52.0789323575241)]",30.0,0.0,2026-09-28 16:10:00,0.9
Traffic flow_ae77a8617bb39b1708ec88c794a384cd177e4eb2,"[(4.300798773765564, 52.0789323575241), (4.3010213971138, 52.07883015540292)]",30.0,0.0,2026-09-28 16:10:00,0.9
Traffic flow_ba11af31e5d7514f20ed2fa55d0b8bb5c96c180a,"[(4.306597709655762, 52.08124338172674), (4.306662082672119, 52.08132579835449), (4.306790828704834, 52.08146096129456), (4.307080507278442, 52.081751065735055), (4.307740330696106, 52.08239060750023)]",35.0,0.0,2026-09-28 16:10:00,0.9
Traffic flow_278e7c34a8653f9b8894cdbb8728cf90aaab8d84,"[(4.296872019767761, 52.085261839297075), (4.297016859054565, 52.08532776667518), (4.297129511833191, 52.0853442485045), (4.298518896102905, 52.0853739157819), (4.2993611097335815, 52.08540687940035), (4.300079941749573, 52.0854200648409), (4.3012601137161255, 52.08545632478236), (4.301796555519104, 52.08547610291981), (4.301925301551819, 52.085485991985266), (4.301995038986206, 52.08550247375613), (4.302048683166504, 52.085532140928365), (4.302504658699036, 52.085944182947934), (4.302719235420227, 52.08614196176599), (4.303239583969116, 52.086570479531424), (4.303346872329712, 52.086649590053554), (4.303464889526367, 52.086741885485445), (4.303687512874603, 52.086933068272835)]",35.0,0.0,2026-09-28 16:10:00,0.9
Traffic flow_d3a216832114eaaa5b636e8f2f673ba41972d596,"[(4.2967647314071655, 52.085232171945165), (4.296807646751404, 52.08524865380977), (4.296872019767761, 52.085261839297075)]",35.0,0.0,2026-09-28 16:10:00,0.9
Traffic flow_301702a34e2bff878f20440b49c560659ded8df5,"[(4.3000102043151855, 52.07988513378156), (4.299983382225037, 52.07981260481622), (4.299945831298828, 52.079749966069485), (4.299881458282471, 52.07966754653196), (4.299741983413696, 52.07951919098092), (4.2994362115859985, 52.07915983882473), (4.299216270446777, 52.078915873326835), (4.299039244651794, 52.07873784360847), (4.298958778381348, 52.078665312778895), (4.298851490020752, 52.078582891238604), (4.298717379570007, 52.078493875804156), (4.298486709594727, 52.07836859452161), (4.298229217529297, 52.07825979733309), (4.2980629205703735, 52.078207047085634), (4.297859072685242, 52.07816089056797), (4.2977142333984375, 52.07814440608581), (4.297483563423157, 52.0781312184957), (4.297295808792114, 52.07813781229123), (4.296872019767761, 52.078220234653344), (4.296711087226868, 52.07825650044445)]",5.0,0.0,2026-09-28 16:10:00,0.9
Traffic flow_e1bed0f167d3d338c65ee283d29ca6713a023e0f,"[(4.2999619245529175, 52.07732676813153), (4.299495220184326, 52.07743227064459), (4.2987120151519775, 52.07759711782207), (4.298508167266846, 52.077649868790296), (4.298256039619446, 52.07773888590782), (4.297950267791748, 52.07786746587531), (4.297918081283569, 52.07789384120747), (4.29790198802948, 52.07792351343753), (4.297859072685242, 52.07816748435913)]",5.0,0.0,2026-09-28 16:10:00,0.9
Traffic flow_6c7411b78e89877ca82a2cd18c1d575650be1e7e,"[(4.296560883522034, 52.07846090707969), (4.296813011169434, 52.07840156331427)]",10.0,0.0,2026-09-28 16:10:00,0.9
Traffic flow_a01e5834ca7c602f93cde8139e80d15f45e062d9,"[(4.294554591178894, 52.078915873326835), (4.2946940660476685, 52.078882904914046), (4.295337796211243, 52.07874114046156), (4.296185374259949, 52.07854332884521), (4.296560883522034, 52.07846090707969)]",10.0,0.0,2026-09-28 16:10:00,0.9
Traffic flow_68076ecff551777249d9a74d901de2a82bc19880,"[(4.3019092082977295, 52.0792026974907), (4.300680756568909, 52.079647765820305), (4.300444722175598, 52.07973677895371), (4.3002355098724365, 52.07980601126806), (4.3000102043151855, 52.07988513378156)]",10.0,0.0,2026-09-28 16:10:00,0.9
Traffic flow_9b44dd2b9c45ee66ddd22bc408cb0ef538897440,"[(4.294554591178894, 52.07563704547023), (4.29491400718689, 52.075592534838016), (4.294999837875366, 52.07557934649402), (4.29516077041626, 52.075750794662085), (4.295203685760498, 52.07577387417288), (4.2952680587768555, 52.07578706245941)]",10.0,0.0,2026-09-28 16:10:00,0.9
Traffic flow_de3397ec52d0e724dec9291e888733e6b10259ca,"[(4.294554591178894, 52.076070609677444), (4.294613599777222, 52.07616622403096), (4.294790625572205, 52.07638382834801), (4.295386075973511, 52.077059713780955), (4.295589923858643, 52.07730698638257), (4.296110272407532, 52.07791691961034), (4.296314120292664, 52.07817078125434), (4.296442866325378, 52.078315844402724), (4.296560883522034, 52.07846090707969)]",15.0,0.0,2026-09-28 16:10:00,0.9
Traffic flow_54ecb1374f273c2ef16acd67f86a5f400e9aeb10,"[(4.3006110191345215, 52.07715862298596), (4.300873875617981, 52.07707619866368), (4.301072359085083, 52.07701025909627), (4.301179647445679, 52.07696739832523), (4.301501512527466, 52.07682233079479), (4.301587343215942, 52.07678606383852), (4.301678538322449, 52.07673990585157), (4.301753640174866, 52.07670693583167), (4.301941394805908, 52.076598134593226), (4.302220344543457, 52.076449768840725), (4.302445650100708, 52.07631788775788), (4.302815794944763, 52.07611676835643), (4.303019642829895, 52.07600137156947), (4.30315375328064, 52.0759420245343), (4.3032824993133545, 52.075892568611394), (4.303518533706665, 52.07582992436373), (4.303829669952393, 52.07576398295543), (4.304076433181763, 52.07573430928991), (4.304741621017456, 52.075681556058086), (4.3056052923202515, 52.075589237752375), (4.305927157402039, 52.075562861058536), (4.30614709854126, 52.07553648434911), (4.306361675262451, 52.07550021634821), (4.306485056877136, 52.075470542507375)]",15.0,0.0,2026-09-28 16:10:00,0.9
Traffic flow_bcf4dfe649479f3015db509d4373bc6e2c69596c,"[(4.297826886177063, 52.07833562570461), (4.29790198802948, 52.07792351343753), (4.297918081283569, 52.07789384120747), (4.297950267791748, 52.07786746587531), (4.298256039619446, 52.07773888590782), (4.298508167266846, 52.077649868790296), (4.2987120151519775, 52.07759711782207), (4.299495220184326, 52.07743227064459), (4.300256967544556, 52.07726082893425), (4.300541281700134, 52.077181701768936), (4.3006110191345215, 52.07715862298596)]",15.0,0.0,2026-09-28 16:10:00,0.9
Traffic flow_90ca90de63fd9fae2ddf411ead112c794280688f,"[(4.296813011169434, 52.07840156331427), (4.297344088554382, 52.07831254751822), (4.297472834587097, 52.078302656863265), (4.297746419906616, 52.07832243817099), (4.297826886177063, 52.07833562570461), (4.298116564750671, 52.078414750824514), (4.298331141471863, 52.078493875804156), (4.298593997955322, 52.07864223476296), (4.298824667930603, 52.078813671167914), (4.298926591873169, 52.07891917016678), (4.298996329307556, 52.079008184753114), (4.299114346504211, 52.07917632293189), (4.29940402507782, 52.07952578457144), (4.299597144126892, 52.07972688861432), (4.299795627593994, 52.079957662629056), (4.29989755153656, 52.080059862168675)]",20.0,0.0,2026-09-28 16:10:00,0.9
Traffic flow_01c6a66be725ee9221212b8db848be811f3da948,"[(4.29989755153656, 52.080059862168675), (4.300063848495483, 52.08001041080776), (4.300358891487122, 52.07989502408588), (4.300814867019653, 52.07973348217415), (4.301131367683411, 52.079618094736404), (4.301421046257019, 52.079506003796965), (4.302070140838623, 52.07926863381956), (4.30239737033844, 52.07912687059211), (4.302751421928406, 52.079008184753114), (4.303502440452576, 52.07874114046156), (4.303963780403137, 52.078582891238604), (4.30439829826355, 52.07842793833086), (4.3048542737960815, 52.07826968799755), (4.305047392845154, 52.078207047085634), (4.3053048849105835, 52.0781312184957), (4.30564284324646, 52.07803890525582), (4.306173920631409, 52.077874059709806), (4.307203888893127, 52.077511397365754), (4.307740330696106, 52.077328416610214)]",20.0,0.0,2026-09-28 16:10:00,0.9
Traffic flow_4531c13680abff2332a21fab7ebf5e2620a6e907,"[(4.294554591178894, 52.07268111340044), (4.2946457862854, 52.07264484307987), (4.295257329940796, 52.0723942473327), (4.2959922552108765, 52.072084298015525), (4.296013712882996, 52.072077703325824)]",20.0,0.0,2026-09-28 16:10:00,0.9
Traffic flow_90a0ac596554c74046cf51caa42da90e48d1fcd4,"[(4.29989755153656, 52.080059862168675), (4.299919009208679, 52.08009612646519), (4.299994111061096, 52.08018184195803)]",25.0,0.0,2026-09-28 16:10:00,0.9
Traffic flow_59538a3ca679c2235d38d01a89b274c203ec97c2,"[(4.306458234786987, 52.075368332460194), (4.3064796924591064, 52.07529909326301), (4.306447505950928, 52.07521336839391), (4.306431412696838, 52.07512434624024), (4.306409955024719, 52.075081483658494), (4.306356310844421, 52.07500235263022), (4.306195378303528, 52.07480122730208), (4.30614173412323, 52.07474847296765), (4.306055903434753, 52.0746792328091), (4.305975437164307, 52.074636369800004), (4.3058037757873535, 52.07456383230623), (4.305621385574341, 52.0744912946946), (4.3054550886154175, 52.07441216262022), (4.30539071559906, 52.0743692993547), (4.305240511894226, 52.07424400649646), (4.30514931678772, 52.07415827960138), (4.305025935173035, 52.074056066549794), (4.304966926574707, 52.07401979734621), (4.304704070091248, 52.07388461187326), (4.304409027099609, 52.073765912096086), (4.304065704345703, 52.073620834162085), (4.304001331329346, 52.07358126737099), (4.3038564920425415, 52.07347575575665), (4.303786754608154, 52.073406513624214), (4.303443431854248, 52.07310646314276), (4.303346872329712, 52.07301743678782), (4.303084015846252, 52.07279651876986), (4.3028318881988525, 52.072565707732714), (4.302746057510376, 52.0724964641889), (4.302510023117065, 52.072321706196014), (4.3022847175598145, 52.07212716347484), (4.3022337555885315, 52.072077703325824)]",25.0,0.0,2026-09-28 16:10:00,0.9
Traffic flow_badaae549fb2575d42e1c6f0e2cabb885a8df543,"[(4.306568205356598, 52.08018184195803), (4.306533336639404, 52.08014228098179), (4.306447505950928, 52.080033488116335), (4.306356310844421, 52.07994117881043), (4.30613100528717, 52.0796774368845), (4.3061041831970215, 52.079624688312315), (4.306082725524902, 52.07955545571671), (4.306077361106873, 52.079489519811546), (4.306050539016724, 52.07943677101728), (4.305712580680847, 52.079008184753114)]",25.0,0.0,2026-09-28 16:10:00,0.9
Traffic flow_b5037fb74db68f59b2912c331ea8775db2b112dc,"[(4.296711087226868, 52.07825650044445), (4.296056628227234, 52.07749820958863), (4.295547008514404, 52.076937725459615), (4.295423626899719, 52.076812439809636), (4.295353889465332, 52.07672012384255), (4.2948979139328, 52.07621567965071), (4.294833540916443, 52.076133253587365)]",30.0,0.0,2026-09-28 16:10:00,0.9
Traffic flow_08ceee487d8c03b8986bebe20494ba9d8ad12ba9,"[(4.304972290992737, 52.0781509998794), (4.3047308921813965, 52.07824001599761), (4.3043071031570435, 52.07838507892099), (4.303969144821167, 52.07848728206122), (4.303470253944397, 52.078662015920216), (4.303126931190491, 52.07877740582947), (4.302692413330078, 52.07893565436283), (4.3019092082977295, 52.0792026974907)]",30.0,0.0,2026-09-28 16:10:00,0.9
Traffic flow_2c8684962dc8709fe5c9b04b8c410cd2609c3f07,"[(4.305712580680847, 52.079008184753114), (4.306050539016724, 52.07943677101728), (4.306077361106873, 52.079489519811546), (4.306082725524902, 52.07955545571671), (4.3061041831970215, 52.079624688312315), (4.30613100528717, 52.0796774368845), (4.306356310844421, 52.07994117881043), (4.306447505950928, 52.080033488116335), (4.306533336639404, 52.08014228098179), (4.306568205356598, 52.08018184195803)]",30.0,0.0,2026-09-28 16:10:00,0.9
Traffic flow_468a3487d3c3b4e0a7aac9ff9d28cefce4e5ede3,"[(4.302102327346802, 52.072077703325824), (4.302504658699036, 52.072440409812856), (4.302719235420227, 52.072641545776534), (4.303239583969116, 52.07306689589581), (4.303346872329712, 52.073146030354636), (4.303464889526367, 52.07323835371266), (4.303749203681946, 52.07348235023984), (4.303926229476929, 52.07362742862385), (4.304001331329346, 52.0736636981462), (4.304049611091614, 52.07368018428298), (4.304215908050537, 52.07375272321247), (4.304537773132324, 52.07388461187326), (4.304827451705933, 52.07402309454775), (4.30490255355835, 52.07407584973932), (4.3050044775009155, 52.074154982409816), (4.305111765861511, 52.074257195234935), (4.3052297830581665, 52.07434621911776), (4.305272698402405, 52.07438578523092), (4.30538535118103, 52.07445172867494), (4.305583834648132, 52.07454075216986), (4.305835962295532, 52.074652855577604), (4.30589497089386, 52.07467593565602), (4.305996894836426, 52.07472539292674), (4.306050539016724, 52.07477485014266), (4.306088089942932, 52.074827604445915), (4.306163191795349, 52.074910032919966), (4.3063026666641235, 52.075097969271724), (4.3063294887542725, 52.07515072319316), (4.3063884973526, 52.0753122816898), (4.306458234786987, 52.075368332460194)]",35.0,0.0,2026-09-28 16:10:00,0.9
Traffic flow_8042da70606af4dd24a8f288781f4c0ad987a02b,"[(4.306458234786987, 52.075368332460194), (4.306485056877136, 52.075470542507375), (4.3065279722213745, 52.0755958319234), (4.306683540344238, 52.075810141951465), (4.307091236114502, 52.076251947070354), (4.30738091468811, 52.076555273426486)]",35.0,0.0,2026-09-28 16:10:00,0.9
Traffic flow_6e146e06ca217d1506dcd0df500e3207178e1c1b,"[(4.296813011169434, 52.07840156331427), (4.296711087226868, 52.07825650044445)]",40.0,0.0,2026-09-28 16:10:00,0.9
Traffic flow_e68fb84cb5711d23cccb68595ae0f4bf1e0d349e,"[(4.296442866325378, 52.078315844402724), (4.295933246612549, 52.078424641454646), (4.295724034309387, 52.0784740945724), (4.294554591178894, 52.07870982034738)]",45.0,0.0,2026-09-28 16:10:00,0.9
Traffic flow_f316dfdf9c715bfb9286ae7f45b0e0a4898028b9,"[(4.3030571937561035, 52.07096648420148), (4.303421974182129, 52.07135887630906), (4.303824305534363, 52.071784238648064), (4.30415153503418, 52.07212056879147), (4.304339289665222, 52.072331598176135), (4.304564595222473, 52.072565707732714), (4.304661154747009, 52.072641545776534), (4.304784536361694, 52.07275365395319), (4.305009841918945, 52.07290862655738), (4.305101037025452, 52.07296138306586), (4.305160045623779, 52.07300424768311), (4.305283427238464, 52.073080084982024), (4.305460453033447, 52.07317900300442), (4.305734038352966, 52.073307596105884), (4.305932521820068, 52.07341310811765), (4.305970072746277, 52.073429594346955)]",5.0,0.0,2026-09-28 16:10:00,0.9
Traffic flow_7352073ba424c9fc5cebaa8a5a3dde28c2f1b60d,"[(4.299208223819733, 52.073429594346955), (4.298502802848816, 52.07268111340044), (4.298357963562012, 52.07253273463001), (4.298020005226135, 52.07215024485896), (4.297880530357361, 52.072015053725096), (4.29764449596405, 52.07181721230355), (4.297628402709961, 52.07180072547886)]",5.0,0.0,2026-09-28 16:10:00,0.9
Traffic flow_80137c9ed3d351f2f4c1d33b3eabfeaf1fc030b1,"[(4.297944903373718, 52.07135228151221), (4.297875165939331, 52.071388552882816), (4.297821521759033, 52.071441311187456)]",5.0,0.0,2026-09-28 16:10:00,0.9
Traffic flow_a73dfa32fedc1be3e41c8937ad603239310a443f,"[(4.294554591178894, 52.0730256799763), (4.294715523719788, 52.07295478850571), (4.295021295547485, 52.07281630251753), (4.295337796211243, 52.072677816099784), (4.295375347137451, 52.072664626894735)]",5.0,0.0,2026-09-28 16:10:00,0.9
Traffic flow_fe41f4df54dc61d47ef9a4f53c8a1c23a15e1c4a,"[(4.29840624332428, 52.07140503985971), (4.298261404037476, 52.07142812161714), (4.298079013824463, 52.07143801379524), (4.297821521759033, 52.071441311187456), (4.297671318054199, 52.071573206676305), (4.297617673873901, 52.071602883107616), (4.297553300857544, 52.07162596476275), (4.29714560508728, 52.07172158863555), (4.2969149351119995, 52.07180072547886), (4.296754002571106, 52.071863375380325), (4.296517968177795, 52.07194580932727)]",10.0,0.0,2026-09-28 16:10:00,0.9
Traffic flow_8a9ad149d98edf0b4f6df8401618960f64b104f6,"[(4.306050539016724, 52.06883629544563), (4.305691123008728, 52.068958305904346), (4.305310249328613, 52.06909350629354), (4.304108619689941, 52.069482617324326), (4.303711652755737, 52.06960792354466), (4.3032824993133545, 52.0697662045835)]",10.0,0.0,2026-09-28 16:10:00,0.9
Traffic flow_8773862b839f9efe004422aa9a4d0363a70733c3,"[(4.2956167459487915, 52.0701223348695), (4.295074939727783, 52.069621113652666), (4.294779896736145, 52.06936060829824), (4.294554591178894, 52.06914461852917)]",15.0,0.0,2026-09-28 16:10:00,0.9
Traffic flow_7642fbeca242c2d01cae9e6bbe9546beb0e75e37,"[(4.296222925186157, 52.07228213825359), (4.296335577964783, 52.072262354269235), (4.296534061431885, 52.07224916494147), (4.296694993972778, 52.072245867608906), (4.296850562095642, 52.07222278627423), (4.296984672546387, 52.07217992090672), (4.297134876251221, 52.07212716347484), (4.297349452972412, 52.072041432515064), (4.297435283660889, 52.07199526962239), (4.297580122947693, 52.071889754259914), (4.29764449596405, 52.07181721230355), (4.297671318054199, 52.07177434654667), (4.297859072685242, 52.07154353022529), (4.298116564750671, 52.071540232840626), (4.2982131242752075, 52.07152044852752), (4.2982882261276245, 52.07148747465287), (4.298320412635803, 52.071467690316396), (4.29840624332428, 52.07140503985971)]",15.0,0.0,2026-09-28 16:10:00,0.9
Traffic flow_7e8964d1dc34264705680655a64220cd2958963d,"[(4.297944903373718, 52.07135228151221), (4.298003911972046, 52.07127314387408), (4.298207759857178, 52.071045622383146), (4.29839551448822, 52.07085766897267), (4.298835396766663, 52.07038943072), (4.299082159996033, 52.07015860723926), (4.2995381355285645, 52.06965408890561), (4.299725890159607, 52.06946942717542), (4.300230145454407, 52.06898798407362), (4.300562739372253, 52.068628547140705), (4.300605654716492, 52.06856259509576), (4.30064857006073, 52.0684768572917)]",15.0,0.0,2026-09-28 16:10:00,0.9
Traffic flow_fbd80919eee36005e706c632322d2a5a042deb27,"[(4.3003857135772705, 52.06832516692739), (4.3003857135772705, 52.06833505979295), (4.300417900085449, 52.06837133361456), (4.300476908683777, 52.06841420263847), (4.300546646118164, 52.06845377400863), (4.30064857006073, 52.0684768572917), (4.300723671913147, 52.06847355968056), (4.300750494003296, 52.06851642860634), (4.301083087921143, 52.06884618819794), (4.301421046257019, 52.06920892093604), (4.301721453666687, 52.06954527047845), (4.301807284355164, 52.0696277087052), (4.30189311504364, 52.069647493856976), (4.30189311504364, 52.0695980309611), (4.301463961601257, 52.06911988680955), (4.3010348081588745, 52.06865822552916), (4.300975799560547, 52.06857578551254), (4.300943613052368, 52.06849994056283), (4.300943613052368, 52.06839441694024), (4.300981163978577, 52.06836473837645), (4.301002621650696, 52.06833505979295), (4.301024079322815, 52.06828889306828), (4.301024079322815, 52.06823283340987), (4.301002621650696, 52.06819326184392), (4.300970435142517, 52.0681536902429), (4.300927519798279, 52.068127309156075), (4.3008846044540405, 52.06804157051624), (4.300873875617981, 52.06796902230781), (4.3008953332901, 52.067893176327516), (4.3009597063064575, 52.067748079310604), (4.300965070724487, 52.06769201897327), (4.300948977470398, 52.067645851583784), (4.300916790962219, 52.06758649344146), (4.300766587257385, 52.06740841854108), (4.300101399421692, 52.06658728620274), (4.3000102043151855, 52.06637952743462)]",20.0,0.0,2026-09-28 16:10:00,0.9
Traffic flow_b3088c8663b4f3d5dd237b11998c02a62385388e,"[(4.30189311504364, 52.069647493856976), (4.302043318748474, 52.069809072268306), (4.3021827936172485, 52.069967352594134), (4.3022578954696655, 52.07004649254664), (4.302327632904053, 52.070132227336906), (4.302440285682678, 52.07024434181425), (4.302542209625244, 52.07036634842562), (4.302719235420227, 52.07054441153038), (4.302965998649597, 52.070808207417365)]",20.0,0.0,2026-09-28 16:10:00,0.9
Traffic flow_2b9e180bb96da6f1b838e117398a36eb6993044b,"[(4.297252893447876, 52.071540232840626), (4.297258257865906, 52.07160947786745), (4.297333359718323, 52.07167872278687), (4.297580122947693, 52.071889754259914), (4.297805428504944, 52.07206451394351), (4.297885894775391, 52.072130460816155), (4.298272132873535, 52.07255251849455), (4.298551082611084, 52.072842680834114), (4.298872947692871, 52.07319219205751), (4.299103617668152, 52.073429594346955)]",20.0,0.0,2026-09-28 16:10:00,0.9
Traffic flow_3af43410ba74ac970fc7799b4e827b1c2dcee608,"[(4.294554591178894, 52.06914461852917), (4.294779896736145, 52.06936060829824), (4.295074939727783, 52.069621113652666), (4.295638203620911, 52.070142119802114), (4.295831322669983, 52.07031688632606), (4.296882748603821, 52.071230277594864), (4.297134876251221, 52.07145450075387), (4.297252893447876, 52.071540232840626)]",20.0,0.0,2026-09-28 16:10:00,0.9
Traffic flow_8fb05b0cf95320e2cc482b4578e5d59cb703b0b2,"[(4.306949079036713, 52.073429594346955), (4.307219982147217, 52.07330100159688), (4.307740330696106, 52.073061949987476)]",20.0,0.0,2026-09-28 16:10:00,0.9
Traffic flow_c68882150a924776931b3a3994c953b28dba3280,"[(4.30238664150238, 52.07011244239991), (4.302579760551453, 52.070053087536344), (4.302949905395508, 52.0699112950429), (4.303110837936401, 52.069861832439244), (4.303234219551086, 52.069809072268306), (4.3032824993133545, 52.0697662045835)]",25.0,0.0,2026-09-28 16:10:00,0.9
Traffic flow_74bcab158893d432ce1d8cee3425b3c7001c88e6,"[(4.297628402709961, 52.07180072547886), (4.297446012496948, 52.07165234378261), (4.297354817390442, 52.071573206676305), (4.297252893447876, 52.071540232840626)]",35.0,0.0,2026-09-28 16:10:00,0.9
Traffic flow_f419c5ef493638ad5921821e36572af05d110285,"[(4.297252893447876, 52.071540232840626), (4.297134876251221, 52.07145450075387), (4.296882748603821, 52.071230277594864), (4.295831322669983, 52.07031688632606), (4.2956167459487915, 52.0701223348695)]",35.0,0.0,2026-09-28 16:10:00,0.9
Traffic flow_8dc364709af5594c3e3354cf9deda240524a0581,"[(4.31264340877533, 52.08597055350765), (4.311618804931641, 52.08624744344388), (4.311506152153015, 52.08627381382439), (4.3107980489730835, 52.08648148002639), (4.310454726219177, 52.086577072080296)]",5.0,0.0,2026-09-28 16:10:00,0.9
Traffic flow_ffd51a248409c618c0f99c05009d71d00c0f30bf,"[(4.310358166694641, 52.08670562658854), (4.310610294342041, 52.087025363118414), (4.310846328735352, 52.087335208703905), (4.311313033103943, 52.08789885845448), (4.311828017234802, 52.088558088895745), (4.31212306022644, 52.088947030287954), (4.312536120414734, 52.089527139963536), (4.312573671340942, 52.08956669262132), (4.312847256660461, 52.089912776881384), (4.313153028488159, 52.09026215445924), (4.31363046169281, 52.09085543087159), (4.314220547676086, 52.091567352153554), (4.31438148021698, 52.09174533069914), (4.314445853233337, 52.09182443204706)]",10.0,0.0,2026-09-28 16:10:00,0.9
Traffic flow_4daadf801b25e1fbc504d14e4fc498dbd0313f2a,"[(4.313153028488159, 52.09002813770489), (4.31287407875061, 52.089691942472996), (4.312675595283508, 52.08944144241806), (4.312514662742615, 52.08926345468231), (4.312283992767334, 52.08899317565188), (4.311983585357666, 52.0886042346619), (4.3117207288742065, 52.08827791714821), (4.311323761940002, 52.08773734551103), (4.3111735582351685, 52.08752309274517), (4.3106478452682495, 52.086817699447415), (4.310519099235535, 52.086666071394674), (4.310454726219177, 52.086577072080296)]",15.0,0.0,2026-09-28 16:10:00,0.9
Traffic flow_65a29e653d3fd75a7cad2f9a77b1105c4ec7300a,"[(4.305540919303894, 52.08821693835829), (4.305701851844788, 52.08815925564249), (4.306007623672485, 52.088057074648596), (4.306216835975647, 52.08799115130255), (4.306554794311523, 52.08789226610088), (4.307080507278442, 52.08770767980481), (4.30838406085968, 52.087318727609926), (4.310175776481628, 52.086748478008985), (4.310427904129028, 52.086692441527816), (4.310519099235535, 52.086666071394674)]",15.0,0.0,2026-09-28 16:10:00,0.9
Traffic flow_78ef9e1b5bee82e6da9fa421ca4895f64b607549,"[(4.310454726219177, 52.086577072080296), (4.310288429260254, 52.086616627353045), (4.3099236488342285, 52.08671881164537), (4.309666156768799, 52.086801218162286), (4.3094247579574585, 52.086886920778454), (4.30639922618866, 52.08788567374632), (4.305594563484192, 52.088132886376144), (4.305540919303894, 52.08815101524842)]",20.0,0.0,2026-09-28 16:10:00,0.9
Traffic flow_3485270f8364e7d5c7e0599200c9156dae74663b,"[(4.309929013252258, 52.085996924051784), (4.311119914054871, 52.085598067907156), (4.311106503009796, 52.08558158617159)]",20.0,0.0,2026-09-28 16:10:00,0.9
Traffic flow_6185f99c3c2276c5a8a9b46b274a9c0b89e82ad4,"[(4.310519099235535, 52.086666071394674), (4.312734603881836, 52.08608262821261), (4.3133461475372314, 52.08591451604962), (4.313727021217346, 52.085818922576465), (4.313914775848389, 52.08577607026339)]",25.0,0.0,2026-09-28 16:10:00,0.9
Traffic flow_d77cca399e858039301438b05ff1ffecd726c495,"[(4.313914775848389, 52.08577607026339), (4.313823580741882, 52.08565410576255), (4.313775300979614, 52.08558158617159)]",25.0,0.0,2026-09-28 16:10:00,0.9
Traffic flow_5b449d4a27186d42aa98eb4437d73680038f264a,"[(4.311168193817139, 52.08558158617159), (4.311119914054871, 52.085598067907156)]",30.0,0.0,2026-09-28 16:10:00,0.9
Traffic flow_319a2c626d230119a010bcac010de36b370c2172,"[(4.310454726219177, 52.086577072080296), (4.310052394866943, 52.086125480231296), (4.309929013252258, 52.085996924051784), (4.309768080711365, 52.085838700553225), (4.309617877006531, 52.08567718015314), (4.309534728527069, 52.08558158617159)]",35.0,0.0,2026-09-28 16:10:00,0.9
Traffic flow_ec3cfe8881e3e0c6559d845665801da05ce76214,"[(4.316049814224243, 52.08811640557677), (4.316232204437256, 52.08810322093287), (4.316334128379822, 52.08807355546988), (4.317626953125, 52.0876186825678), (4.318726658821106, 52.087224785257945)]",40.0,0.0,2026-09-28 16:10:00,0.9
Traffic flow_c0b04e6a5986e518f39b9e6d5727c62669c35513,"[(4.313775300979614, 52.08558158617159), (4.313823580741882, 52.08565410576255), (4.313914775848389, 52.08577607026339), (4.314579963684082, 52.08654410932622), (4.31513249874115, 52.08720335978156), (4.315400719642639, 52.08751650033606), (4.315727949142456, 52.0879219316844), (4.315937161445618, 52.08815595948505)]",40.0,0.0,2026-09-28 16:10:00,0.9
Traffic flow_a168858835ceaed9e202766491dc3f8743ae572a,"[(4.31849330663681, 52.07883015540292), (4.318265318870544, 52.07892576384593), (4.31787371635437, 52.0790741213693), (4.317530393600464, 52.07918291657306), (4.317026138305664, 52.0793246796225), (4.316205382347107, 52.07952908136634), (4.315963983535767, 52.07957523646927), (4.315835237503052, 52.079558752509406), (4.315722584724426, 52.079522487776295)]",5.0,0.0,2026-09-28 16:10:00,0.9
Traffic flow_d8c2d453e51f82e5eddfc80680fa52a0876903e4,"[(4.305540919303894, 52.08027909587556), (4.305594563484192, 52.08034008551235), (4.305707216262817, 52.08045217435723), (4.305911064147949, 52.08066975778199), (4.306071996688843, 52.08083788970194), (4.306206107139587, 52.08096646074279), (4.306367039680481, 52.08110162477102), (4.306431412696838, 52.081124701515435), (4.3065279722213745, 52.08114448157256)]",5.0,0.0,2026-09-28 16:10:00,0.9
Traffic flow_29e8e8fa90db29c75cc818ea8e7bf038dd163a73,"[(4.306860566139221, 52.08300376780412), (4.305970072746277, 52.0821466596606), (4.3057286739349365, 52.08190600710694), (4.305540919303894, 52.081713154466414)]",5.0,0.0,2026-09-28 16:10:00,0.9
Traffic flow_682b59de4be910e09848ddd6b5d34e0b38a7e089,"[(4.305540919303894, 52.081652166705815), (4.306367039680481, 52.08133239167814), (4.306597709655762, 52.08124008505847), (4.30662989616394, 52.08122360171344)]",5.0,0.0,2026-09-28 16:10:00,0.9
Traffic flow_25742e71a49c02e0288535a61582780807d04109,"[(4.31787371635437, 52.0790741213693), (4.317803978919983, 52.07912357376752), (4.317643046379089, 52.07920599430947), (4.317530393600464, 52.079245556115545), (4.317095875740051, 52.07937742854923), (4.316580891609192, 52.07951259738943), (4.316468238830566, 52.07954886213057), (4.315851330757141, 52.07969392080053), (4.315760135650635, 52.07973348217415), (4.315738677978516, 52.0797466692909), (4.315711855888367, 52.079779637065734), (4.315690398216248, 52.079855462855434)]",10.0,0.0,2026-09-28 16:10:00,0.9
Traffic flow_dad5021903cf4617d358cc59d52a6e60150f94c4,"[(4.315851330757141, 52.07969392080053), (4.315776228904724, 52.07968403045164), (4.315749406814575, 52.07967414010057), (4.315685033798218, 52.07957853326051), (4.315524101257324, 52.07937413174314), (4.315336346626282, 52.079153245180144), (4.315202236175537, 52.07898181007938), (4.3150681257247925, 52.07883015540292)]",10.0,0.0,2026-09-28 16:10:00,0.9
Traffic flow_57bf1a2f6b0038033101bea529a5d1a037ab71f7,"[(4.3104493618011475, 52.07971040471047), (4.309515953063965, 52.0800796426977), (4.30937647819519, 52.08012909398192), (4.3091994524002075, 52.0802115126672), (4.309022426605225, 52.08029722793845), (4.308716654777527, 52.080396129969984), (4.308067560195923, 52.08064997751448), (4.307236075401306, 52.080979647495276), (4.3069517612457275, 52.081095031413284), (4.306769371032715, 52.08116755829481), (4.306581616401672, 52.08124667839478)]",10.0,0.0,2026-09-28 16:10:00,0.9
Traffic flow_c38e89659254d75458e76ebed4721f33f2281f9f,"[(4.31837260723114, 52.08537061941872), (4.318200945854187, 52.08534095213911), (4.318158030509949, 52.08532117394176), (4.317975640296936, 52.08520909732447), (4.317852258682251, 52.08511350234025), (4.317455291748047, 52.0848201233515), (4.317052960395813, 52.08447729602215), (4.317020773887634, 52.08444103528523)]",10.0,0.0,2026-09-28 16:10:00,0.9
Traffic flow_e596e853b93c7c35fd88ae8a3f068236975caea1,"[(4.309038519859314, 52.08459596731879), (4.308786392211914, 52.084628931511865), (4.308716654777527, 52.08464871001601), (4.308544993400574, 52.084708045475885), (4.308287501335144, 52.08481353054308), (4.308003187179565, 52.08491571896416), (4.307654500007629, 52.085047574645614), (4.307584762573242, 52.0850640565784), (4.307541847229004, 52.085067352964224), (4.307504296302795, 52.08505416741946), (4.307456016540527, 52.085017907151254), (4.30738091468811, 52.084932200945644), (4.3071770668029785, 52.08471793471153), (4.307048320770264, 52.08459926373919), (4.306919574737549, 52.08447399959273)]",10.0,0.0,2026-09-28 16:10:00,0.9
Traffic flow_9530619a5c98ca5fc7f004b62eda1eeb52b66961,"[(4.315690398216248, 52.079855462855434), (4.315926432609558, 52.07979612094401), (4.316269755363464, 52.07971699827274), (4.316596984863281, 52.079621391524476), (4.3170905113220215, 52.07948292621567), (4.317728877067566, 52.079275227447084), (4.317943453788757, 52.079199400671705), (4.318276047706604, 52.0790741213693), (4.318603277206421, 52.07894224803954), (4.318726658821106, 52.07888620175642)]",15.0,0.0,2026-09-28 16:10:00,0.9
Traffic flow_5a7ca0b5af6b8a7a9ddb0bb8d753b03890ebdf5d,"[(4.3182384967803955, 52.0821895154587), (4.317948818206787, 52.08204116828996), (4.31786835193634, 52.08198842251113), (4.317820072174072, 52.08196534621331), (4.3177878856658936, 52.08194556651995), (4.317643046379089, 52.08184337129797), (4.317546486854553, 52.08176095562593), (4.317224621772766, 52.08141151148592), (4.317026138305664, 52.08120382169137), (4.316924214363098, 52.08110821812779), (4.316688179969788, 52.08083788970194), (4.316323399543762, 52.08038953650803), (4.3160927295684814, 52.08006315892412), (4.315926432609558, 52.07979612094401)]",15.0,0.0,2026-09-28 16:10:00,0.9
Traffic flow_ab7a92d09a6ba3c2df0746121c0e5f7b73226f22,"[(4.310057759284973, 52.083959753622814), (4.309580326080322, 52.08415424478253), (4.309344291687012, 52.08425643471323), (4.309296011924744, 52.0842861027138), (4.309167265892029, 52.08434543865577), (4.3089258670806885, 52.08445092458004), (4.30887758731842, 52.08447729602215), (4.308840036392212, 52.08451026030287), (4.308791756629944, 52.08458278163475), (4.308786392211914, 52.084628931511865), (4.308834671974182, 52.08472123112291), (4.308920502662659, 52.08482341975535), (4.309188723564148, 52.0850904276582), (4.309414029121399, 52.08526843203927), (4.309419393539429, 52.085275024780486)]",15.0,0.0,2026-09-28 16:10:00,0.9
Traffic flow_6a4899bf5dc7647a3125f33aae8e1f44e1aca4dd,"[(4.307509660720825, 52.08216643926484), (4.307080507278442, 52.081751065735055), (4.306790828704834, 52.08146096129456), (4.306662082672119, 52.08132579835449), (4.3065279722213745, 52.08114448157256)]",15.0,0.0,2026-09-28 16:10:00,0.9
Traffic flow_9dbba7073df3711545e970acfb3f2f45837b6ef9,"[(4.314606785774231, 52.08533106304154), (4.314032793045044, 52.08471134188801), (4.313914775848389, 52.08460256015936), (4.313775300979614, 52.08445751744203), (4.313716292381287, 52.08440147808408), (4.313673377037048, 52.084368513723014)]",15.0,0.0,2026-09-28 16:10:00,0.9
Traffic flow_2d45f4487d4c7a08fdbcd21847fc8781c88bd161,"[(4.318726658821106, 52.083384516333915), (4.3185120820999146, 52.08321474574571), (4.318056106567383, 52.08284883024312), (4.317750334739685, 52.082611478042736), (4.317685961723328, 52.082558732937905), (4.3175894021987915, 52.08249280146919)]",15.0,0.0,2026-09-28 16:10:00,0.9
Traffic flow_4bfced57e8e039f6b3e889d351b68d4e3f582515,"[(4.311943352222443, 52.086933068272835), (4.31187629699707, 52.08688032827536), (4.311688542366028, 52.08675177427039), (4.311570525169373, 52.086692441527816), (4.3114471435546875, 52.086649590053554), (4.311119914054871, 52.086567183256626), (4.311012625694275, 52.08653422049525), (4.310942888259888, 52.08649136886905), (4.31088924407959, 52.08644192463385), (4.310819506645203, 52.086362813743584), (4.310621023178101, 52.08610899869051), (4.310513734817505, 52.08596396086919), (4.310368895530701, 52.085818922576465), (4.310213327407837, 52.08568706917402), (4.3100738525390625, 52.08558488251919)]",15.0,0.0,2026-09-28 16:10:00,0.9
Traffic flow_254f8d5717e6bb3a966ea49e21d978341c401965,"[(4.315534830093384, 52.08326089703748), (4.31563675403595, 52.08334990296542), (4.315786957740784, 52.08349165278052), (4.316795468330383, 52.084276213382466), (4.317020773887634, 52.08444103528523)]",15.0,0.0,2026-09-28 16:10:00,0.9
Traffic flow_c8a28b8a0b346c65360f5b8b6206bf89ef0afee7,"[(4.31488573551178, 52.07883015540292), (4.315524101257324, 52.07961150115952), (4.315690398216248, 52.079855462855434)]",20.0,0.0,2026-09-28 16:10:00,0.9
Traffic flow_922d8bbbb16766f3e215943e5a822b9738ac5d11,"[(4.315690398216248, 52.079855462855434), (4.3158406019210815, 52.08005656541298), (4.316022992134094, 52.08026096380532), (4.316312670707703, 52.08061371366794), (4.316607713699341, 52.08092030707843), (4.316913485527039, 52.08125656839741), (4.317063689231873, 52.08139832486103), (4.317305088043213, 52.08164557342941), (4.317476749420166, 52.08183018480067), (4.317525029182434, 52.08187633752418), (4.317669868469238, 52.08200160896169), (4.317723512649536, 52.08204446489906), (4.318077564239502, 52.08225874396871), (4.3183135986328125, 52.08236423482509)]",20.0,0.0,2026-09-28 16:10:00,0.9
Traffic flow_a052d1e3920f7227b9af52990af842635965b01e,"[(4.30662989616394, 52.08122360171344), (4.30713415145874, 52.08102250441392), (4.307236075401306, 52.080979647495276), (4.308287501335144, 52.08056426292063), (4.308716654777527, 52.080396129969984), (4.309022426605225, 52.08029722793845), (4.30937647819519, 52.08012909398192), (4.309515953063965, 52.0800796426977), (4.310079216957092, 52.079855462855434), (4.310460090637207, 52.07970710792896)]",20.0,0.0,2026-09-28 16:10:00,0.9
Traffic flow_457beea0e91bb48f185a879ae58996df6ccdef9a,"[(4.30989146232605, 52.08563762404768), (4.309988021850586, 52.08572332889853), (4.310068488121033, 52.085785959262374), (4.3103474378585815, 52.08601670194966), (4.3104493618011475, 52.08612218392362), (4.310551285743713, 52.08625733233839), (4.310771226882935, 52.08653751677248), (4.310824871063232, 52.086590257175104), (4.310862421989441, 52.08661992362419), (4.310910701751709, 52.086646293784604), (4.3109965324401855, 52.08667925646319), (4.311313033103943, 52.08676166305315), (4.311479330062866, 52.08682429195975), (4.311543703079224, 52.08686384701337), (4.31163489818573, 52.086933068272835)]",20.0,0.0,2026-09-28 16:10:00,0.9
Traffic flow_be6624c7108b2c0b422a3f64fe7b268c51f531ff,"[(4.306919574737549, 52.08447399959273), (4.307048320770264, 52.08459926373919), (4.3071770668029785, 52.08471793471153), (4.30738091468811, 52.084932200945644), (4.307456016540527, 52.085017907151254), (4.307504296302795, 52.08505416741946), (4.307541847229004, 52.085067352964224), (4.307584762573242, 52.0850640565784), (4.307654500007629, 52.085047574645614), (4.308003187179565, 52.08491571896416), (4.308287501335144, 52.08481353054308), (4.308544993400574, 52.084708045475885), (4.308716654777527, 52.08464871001601), (4.308786392211914, 52.084628931511865), (4.309038519859314, 52.08459596731879)]",20.0,0.0,2026-09-28 16:10:00,0.9
Traffic flow_84555c7513b84d169e71723215bc134d5a2916d5,"[(4.310191869735718, 52.08554532633192), (4.310309886932373, 52.08553873363063), (4.31039035320282, 52.08552884457688), (4.310460090637207, 52.085505770109584), (4.310781955718994, 52.08535084123451), (4.3110716342926025, 52.08522228282347), (4.311355948448181, 52.08510690957517), (4.311549067497253, 52.08502449992949), (4.311715364456177, 52.08495857210337), (4.312112331390381, 52.0848201233515), (4.31262731552124, 52.084688266998036), (4.313330054283142, 52.084536631709916), (4.313421249389648, 52.0845135567296), (4.313507080078125, 52.08447729602215), (4.313560724258423, 52.08444762814868), (4.313673377037048, 52.084368513723014), (4.313732385635376, 52.084312474253295), (4.31388258934021, 52.08412457669431), (4.313952326774597, 52.0840685369183), (4.314075708389282, 52.08399931121548), (4.3147677183151245, 52.0837092213883)]",25.0,0.0,2026-09-28 16:10:00,0.9
Traffic flow_4ec1185e72f3870a0f698845c958efed92d815ea,"[(4.309655427932739, 52.08430917781172), (4.309585690498352, 52.08426962049369), (4.309435486793518, 52.08411798378314), (4.30939793586731, 52.0840685369183), (4.309338927268982, 52.084002607679956), (4.309156537055969, 52.08383119120447), (4.308995604515076, 52.0836696635385), (4.308764934539795, 52.08342901919681), (4.308544993400574, 52.08318837355755), (4.308099746704102, 52.08274004397463), (4.307509660720825, 52.08216973586469), (4.307509660720825, 52.08216643926484)]",25.0,0.0,2026-09-28 16:10:00,0.9
Traffic flow_3c7ff7bf1775d5e39a68d0497dfdd7eac59578c2,"[(4.31837260723114, 52.08537061941872), (4.3183833360672, 52.08533435940764), (4.318404793739319, 52.085314581207356), (4.3186354637146, 52.08520580094911), (4.318726658821106, 52.08516624442583)]",25.0,0.0,2026-09-28 16:10:00,0.9
Traffic flow_9fa71c8b10341cb397feffdde5670de9e90b7632,"[(4.3100738525390625, 52.08558488251919), (4.309912919998169, 52.08545632478236), (4.309607148170471, 52.085189319068675), (4.30938720703125, 52.084994832419774), (4.309237003326416, 52.084856383780405), (4.30914580821991, 52.084750898814505), (4.309065341949463, 52.08464541359927), (4.309038519859314, 52.08459596731879), (4.3090492486953735, 52.08454981740759), (4.309070706367493, 52.08452014958234), (4.309108257293701, 52.084487185308916), (4.309237003326416, 52.084431145988226), (4.309328198432922, 52.08438499590659), (4.309655427932739, 52.08430917781172), (4.3097734451293945, 52.08430588136989), (4.30988609790802, 52.084289399157086), (4.3099236488342285, 52.084276213382466), (4.31113064289093, 52.08376855809726), (4.311532974243164, 52.08360703020461), (4.312498569488525, 52.08319826312993), (4.312965273857117, 52.08301695395469), (4.313115477561951, 52.082947726620745), (4.3131691217422485, 52.08293783699284), (4.313233494758606, 52.08293454044972), (4.313287138938904, 52.08294113353571), (4.313340783119202, 52.08296750586997), (4.31362509727478, 52.08325430399872), (4.3138933181762695, 52.083498245784206), (4.314204454421997, 52.08377515106006), (4.3143439292907715, 52.0838872312785)]",30.0,0.0,2026-09-28 16:10:00,0.9
Traffic flow_dd8a54519f747b373bc71e511b0447c7bcb4cb57,"[(4.310191869735718, 52.08554532633192), (4.3100738525390625, 52.08558488251919)]",30.0,0.0,2026-09-28 16:10:00,0.9
Traffic flow_3be718ea08c8446ae7e95054f1a84c100bd1fcf4,"[(4.306597709655762, 52.08124338172674), (4.306662082672119, 52.08132579835449), (4.306790828704834, 52.08146096129456), (4.307080507278442, 52.081751065735055), (4.308099746704102, 52.08274004397463), (4.308544993400574, 52.08318837355755), (4.308764934539795, 52.08342901919681), (4.308995604515076, 52.0836696635385), (4.309156537055969, 52.08383119120447), (4.309338927268982, 52.084002607679956), (4.30939793586731, 52.0840685369183), (4.309435486793518, 52.08411798378314), (4.309585690498352, 52.08426962049369), (4.309655427932739, 52.08430917781172)]",35.0,0.0,2026-09-28 16:10:00,0.9
Traffic flow_6ac3832dc1f2474a6bae69cca6be6e5821e11b08,"[(4.3183135986328125, 52.08236423482509), (4.318726658821106, 52.08251752578137)]",55.0,0.0,2026-09-28 16:10:00,0.9
Traffic flow_765231492c5873340ed664f8f7d1ac84a006a61b,"[(4.31512176990509, 52.07770591662573), (4.315406084060669, 52.07755096067373), (4.315797686576843, 52.07735644073853), (4.31611955165863, 52.07718829570474), (4.316355586051941, 52.07705311982617), (4.317052960395813, 52.07670034182476), (4.317272901535034, 52.07658164953396), (4.3177396059036255, 52.07634096697551), (4.317798614501953, 52.07630799666097), (4.3178790807724, 52.07626843225137)]",10.0,0.0,2026-09-28 16:10:00,0.9
Traffic flow_ad2abba21d8d1387cb1feacb7ce1bf794422fced,"[(4.317423105239868, 52.0785202507662), (4.317224621772766, 52.078464203953224), (4.316849112510681, 52.07834221946996), (4.3164414167404175, 52.07821034397792), (4.31613564491272, 52.0781015464037), (4.315347075462341, 52.07779163670852), (4.31512176990509, 52.07770591662573)]",10.0,0.0,2026-09-28 16:10:00,0.9
Traffic flow_ccc376d19cb25d6de0b2942d6ebaa67cbcef6f07,"[(4.313405156135559, 52.07876092157498), (4.313297867774963, 52.07868509392593), (4.313233494758606, 52.07864882848302), (4.312750697135925, 52.07833892258741), (4.31263267993927, 52.07833232882157)]",10.0,0.0,2026-09-28 16:10:00,0.9
Traffic flow_bf1fa06bc125683d18c4dfc3f77bf5bfd640b996,"[(4.31263267993927, 52.07833232882157), (4.312439560890198, 52.07821034397792), (4.312198162078857, 52.07805209287322), (4.312058687210083, 52.07798945165594), (4.3118709325790405, 52.077913622696364), (4.311661720275879, 52.077857575121726), (4.311355948448181, 52.07778504286184), (4.310926795005798, 52.077702619696176), (4.310717582702637, 52.077686135044786)]",10.0,0.0,2026-09-28 16:10:00,0.9
Traffic flow_5aa098f5293f388c6be1c11020055d069782786a,"[(4.312847256660461, 52.07649263010877), (4.313609004020691, 52.076136550632825), (4.313823580741882, 52.07601126273432), (4.314290285110474, 52.07580025074205), (4.3147194385528564, 52.075599129008545), (4.314901828765869, 52.075533187259346), (4.315186142921448, 52.07539470926896), (4.31538999080658, 52.07528260772405), (4.315459728240967, 52.07525952795927), (4.315518736839294, 52.075226556846026), (4.315706491470337, 52.07513094047994), (4.3160176277160645, 52.0753056874769), (4.316360950469971, 52.075493622163066), (4.31688666343689, 52.07576068588245), (4.316999316215515, 52.075826627295626), (4.3171387910842896, 52.07590245980036), (4.317723512649536, 52.07619919445021)]",10.0,0.0,2026-09-28 16:10:00,0.9
Traffic flow_c53bb449adf226d9d1c694c70f04a136852dd5c6,"[(4.305540919303894, 52.07331254198701), (4.305814504623413, 52.07345597230119), (4.306930303573608, 52.07402309454775), (4.307059049606323, 52.0741055245072), (4.3071448802948, 52.07418135993547), (4.307337999343872, 52.07438578523092), (4.307257533073425, 52.07441545979279), (4.307048320770264, 52.074484700360415), (4.306350946426392, 52.07469242141901), (4.30614173412323, 52.07474847296765), (4.306055903434753, 52.07477485014266)]",15.0,0.0,2026-09-28 16:10:00,0.9
Traffic flow_a9ee9e95213982629a63a42a2fba744cbc809a87,"[(4.30738091468811, 52.076555273426486), (4.307450652122498, 52.07661461964639), (4.307584762573242, 52.07671352983759), (4.307858347892761, 52.076881676659674), (4.308185577392578, 52.07706301075799), (4.3082499504089355, 52.077102574463375), (4.308298230171204, 52.07714213813369)]",15.0,0.0,2026-09-28 16:10:00,0.9
Traffic flow_eaa276b2b89483d8f1e66b42a81f4fd6ade1e288,"[(4.312364459037781, 52.07384834253038), (4.312412738800049, 52.07372304821011), (4.312364459037781, 52.07370656208916), (4.312235713005066, 52.073650509232394), (4.31212306022644, 52.07357137566774), (4.31187629699707, 52.07337683839173), (4.311688542366028, 52.073248245489694), (4.311570525169373, 52.073188894794605), (4.3114471435546875, 52.073146030354636), (4.311119914054871, 52.073063598623655), (4.311012625694275, 52.07303062588865), (4.310942888259888, 52.07298776129672), (4.31088924407959, 52.07293830210107), (4.310819506645203, 52.07285916727406), (4.310621023178101, 52.07260527542383), (4.310513734817505, 52.07246019371832), (4.310368895530701, 52.07231840886881), (4.310213327407837, 52.07218651558133), (4.3100738525390625, 52.072084298015525)]",15.0,0.0,2026-09-28 16:10:00,0.9
Traffic flow_3245c24f01caba03e0433fcdcb2f165238b4837e,"[(4.318726658821106, 52.077508100421845), (4.318501353263855, 52.077603711696504), (4.317487478256226, 52.07805209287322), (4.316918849945068, 52.07830595374849), (4.316849112510681, 52.07834221946996)]",20.0,0.0,2026-09-28 16:10:00,0.9
Traffic flow_faa65aecba68a7766dd76b615185856d223abfc0,"[(4.315025210380554, 52.07766305652261), (4.31512176990509, 52.07770591662573), (4.315701127052307, 52.07793010726376), (4.31613564491272, 52.0781015464037), (4.3164414167404175, 52.07821034397792), (4.316956400871277, 52.078375188282095), (4.317224621772766, 52.078464203953224), (4.317449927330017, 52.07853014137295), (4.318072199821472, 52.07867190649555), (4.318308234214783, 52.078734546755136), (4.3185120820999146, 52.0788070774722), (4.318592548370361, 52.07884334278654), (4.3186891078948975, 52.078896092282086), (4.318726658821106, 52.07891917016678)]",20.0,0.0,2026-09-28 16:10:00,0.9
Traffic flow_8f82909c38b26b049e959a170f4e98e14988d250,"[(4.315188825130463, 52.08018184195803), (4.31512713432312, 52.08013239073225), (4.314987659454346, 52.080003817288826), (4.3147194385528564, 52.079825791909585), (4.314354658126831, 52.079621391524476), (4.314263463020325, 52.07955215892376), (4.314263463020325, 52.079476332618825), (4.314939379692078, 52.07925544656159), (4.315234422683716, 52.079153245180144), (4.3164414167404175, 52.07872135933937), (4.316977858543396, 52.07854992257988), (4.317224621772766, 52.078464203953224)]",20.0,0.0,2026-09-28 16:10:00,0.9
Traffic flow_ec8cbd3b3984833de460c94f38fbc0a2612e0e3a,"[(4.30989146232605, 52.07213375815723), (4.309988021850586, 52.072219488939716), (4.3103474378585815, 52.07251624806951), (4.3104493618011475, 52.07261846464641), (4.310551285743713, 52.07275365395319), (4.310771226882935, 52.073033923163244), (4.310824871063232, 52.07308667952367), (4.310862421989441, 52.07311635494902), (4.310910701751709, 52.073142733088325), (4.3109965324401855, 52.073175705740546), (4.311313033103943, 52.07325813726453), (4.311479330062866, 52.073320785121), (4.311543703079224, 52.07336035214294), (4.311908483505249, 52.07364061754448), (4.312010407447815, 52.07371315653827), (4.3120211362838745, 52.07372304821011), (4.312155246734619, 52.07378899263303), (4.312283992767334, 52.07382855924002), (4.312364459037781, 52.07384834253038)]",20.0,0.0,2026-09-28 16:10:00,0.9
Traffic flow_7456ed30d257110fed2c5c9ce345ac2e1bd2eb11,"[(4.3178790807724, 52.07626843225137), (4.318420886993408, 52.076555273426486), (4.318721294403076, 52.07672342084466), (4.318726658821106, 52.076726717846526)]",25.0,0.0,2026-09-28 16:10:00,0.9
Traffic flow_a0f1e37ff7cc607a2f08e08729187344b2dfedd1,"[(4.3100738525390625, 52.072084298015525), (4.309971928596497, 52.07211727144942), (4.30989146232605, 52.07213375815723)]",25.0,0.0,2026-09-28 16:10:00,0.9
Traffic flow_ce1352d6d396c3d1188ba5d459eefcb990dbe6a3,"[(4.306458234786987, 52.075368332460194), (4.3064796924591064, 52.07529909326301), (4.306415319442749, 52.075081483658494), (4.306361675262451, 52.07500235263022), (4.306200742721558, 52.07480122730208), (4.306061267852783, 52.0746792328091), (4.305975437164307, 52.074636369800004), (4.305626749992371, 52.0744912946946), (4.305540919303894, 52.07445172867494)]",25.0,0.0,2026-09-28 16:10:00,0.9
Traffic flow_b7cd7686e79d62e39894504144e5cc9960a7567c,"[(4.308298230171204, 52.07714213813369), (4.3082499504089355, 52.077102574463375), (4.308185577392578, 52.07706301075799), (4.307858347892761, 52.076881676659674), (4.307584762573242, 52.07671352983759), (4.307450652122498, 52.07661461964639), (4.307364821434021, 52.0765387883514), (4.307091236114502, 52.076251947070354), (4.306683540344238, 52.075810141951465), (4.306533336639404, 52.0755958319234), (4.306458234786987, 52.075368332460194)]",25.0,0.0,2026-09-28 16:10:00,0.9
Traffic flow_ce76057657da9cef42b8b67c533c7deb7396b3fc,"[(4.317696690559387, 52.07621567965071), (4.317460656166077, 52.07636074915254), (4.3171656131744385, 52.07652560028694), (4.316521883010864, 52.07683222177776), (4.316253662109375, 52.07698718022466), (4.31588351726532, 52.07718829570474), (4.315486550331116, 52.077389410278734), (4.315261244773865, 52.077508100421845), (4.315025210380554, 52.07766305652261)]",30.0,0.0,2026-09-28 16:10:00,0.9
Traffic flow_79cec0cecc01b69a58ebafc84dc8cbe20b4fd983,"[(4.310092628002167, 52.072077703325824), (4.3100738525390625, 52.072084298015525)]",30.0,0.0,2026-09-28 16:10:00,0.9
Traffic flow_c8fc02934b09a8acdca2d403dab1a4c386b3012c,"[(4.315025210380554, 52.07766305652261), (4.314553141593933, 52.07795318564787), (4.31387722492218, 52.078355406997744), (4.313330054283142, 52.07866860963735), (4.313297867774963, 52.07868509392593)]",30.0,0.0,2026-09-28 16:10:00,0.9
Traffic flow_c79dd020dc9e55ac598512e3852bdc4d2f73330b,"[(4.305712580680847, 52.079008184753114), (4.306055903434753, 52.07943677101728), (4.306077361106873, 52.079489519811546), (4.306088089942932, 52.07955545571671), (4.306109547615051, 52.079624688312315), (4.3061363697052, 52.0796774368845), (4.306281208992004, 52.07985216608465), (4.306447505950928, 52.080033488116335), (4.306573569774628, 52.08018184195803)]",30.0,0.0,2026-09-28 16:10:00,0.9
Traffic flow_255f082e79179f77a257fdf367571092526043ff,"[(4.305540919303894, 52.07452096918633), (4.3057554960250854, 52.07461328970113), (4.305841326713562, 52.074652855577604), (4.30590033531189, 52.07467593565602), (4.305996894836426, 52.07472539292674), (4.306055903434753, 52.07477485014266), (4.306093454360962, 52.074827604445915), (4.306249022483826, 52.07501883827267), (4.306308031082153, 52.075097969271724), (4.30639386177063, 52.0753122816898), (4.306458234786987, 52.075368332460194)]",35.0,0.0,2026-09-28 16:10:00,0.9
Traffic flow_cc5ba23453bf1ce3a0038a9a24da3f5d198b3f22,"[(4.306458234786987, 52.075368332460194), (4.306533336639404, 52.0755958319234), (4.306683540344238, 52.075810141951465), (4.307091236114502, 52.076251947070354), (4.30738091468811, 52.076555273426486)]",35.0,0.0,2026-09-28 16:10:00,0.9
Traffic flow_ae16f2e828da1333aeabebfc9aa15cdb4e50fe4b,"[(4.305540919303894, 52.073215272891055), (4.305734038352966, 52.073307596105884), (4.305937886238098, 52.07341310811765), (4.305975437164307, 52.073429594346955)]",5.0,0.0,2026-09-28 16:10:00,0.9
Traffic flow_eaf800b44263c0125228750dab84081ae4209280,"[(4.3160659074783325, 52.07171829126404), (4.315545558929443, 52.07204472986272), (4.315250515937805, 52.07224257027611), (4.314901828765869, 52.072489869560066), (4.31463360786438, 52.072697599900046), (4.3143439292907715, 52.07293830210107), (4.313941597938538, 52.073304298851504), (4.313791394233704, 52.073429594346955)]",10.0,0.0,2026-09-28 16:10:00,0.9
Traffic flow_c403029c90083dcd38ac78501fc285a8023a41c3,"[(4.3160659074783325, 52.07171829126404), (4.316806197166443, 52.071269846469455)]",10.0,0.0,2026-09-28 16:10:00,0.9
Traffic flow_977bd573c5bbd1d568376da184f93db87405724e,"[(4.306219518184662, 52.073429594346955), (4.305852055549622, 52.07325813726453), (4.305540919303894, 52.07309657133431)]",20.0,0.0,2026-09-28 16:10:00,0.9
Traffic flow_e3eb116d5c0c5a45609a2e9aad71f25be1db9201,"[(4.310167729854584, 52.065324229879614), (4.3102991580963135, 52.065469334772125), (4.310540556907654, 52.0657496497066), (4.3109214305877686, 52.06615527879072), (4.311044812202454, 52.06629378543903), (4.311436414718628, 52.06671589828911), (4.3115973472595215, 52.06689727367884), (4.311865568161011, 52.06722044982029), (4.312015771865845, 52.06737544162974), (4.312187433242798, 52.06756340969813), (4.312498569488525, 52.06788328336407), (4.3126219511032104, 52.06800529642676), (4.312804341316223, 52.06819655947575), (4.313153028488159, 52.06855270228062), (4.313260316848755, 52.068668118320936), (4.313458800315857, 52.068908842245044), (4.314209818840027, 52.06973982444932), (4.314284920692444, 52.06982885733971), (4.314360022544861, 52.06990140252655), (4.314740896224976, 52.070326778750356), (4.315094947814941, 52.07070598669611), (4.315481185913086, 52.07113465266984), (4.315733313560486, 52.0713951476743), (4.316028356552124, 52.07167872278687), (4.3160659074783325, 52.07171829126404)]",20.0,0.0,2026-09-28 16:10:00,0.9
Traffic flow_78f1383c6e63606cb366801653f7a94a9b7c6f99,"[(4.306949079036713, 52.073429594346955), (4.307219982147217, 52.07330100159688), (4.308534264564514, 52.072697599900046), (4.308743476867676, 52.07260527542383), (4.3092262744903564, 52.07238435536646), (4.30938184261322, 52.07230192222919), (4.309714436531067, 52.07215024485896), (4.30989146232605, 52.07205791925088), (4.310368895530701, 52.07182710439546), (4.31089460849762, 52.071589693585025), (4.311431050300598, 52.071339091915604), (4.311967492103577, 52.071118165593106), (4.3125468492507935, 52.07084447922995), (4.312611222267151, 52.0708049099784), (4.312782883644104, 52.070735663703815), (4.313421249389648, 52.0704421902052), (4.313609004020691, 52.070343266119316), (4.313984513282776, 52.070171797184585), (4.3144190311431885, 52.069967352594134)]",20.0,0.0,2026-09-28 16:10:00,0.9
Traffic flow_6b1c87f1a664a1040b525b29fdd7f2292f288595,"[(4.3186354637146, 52.070297101470885), (4.318726658821106, 52.070252585514716)]",20.0,0.0,2026-09-28 16:10:00,0.9
Traffic flow_f73e71f63fdf8aeeaabfe0b766a31ae56181c250,"[(4.316806197166443, 52.071269846469455), (4.317079782485962, 52.07112146300894), (4.3175143003463745, 52.0708708587115), (4.3186354637146, 52.070297101470885)]",20.0,0.0,2026-09-28 16:10:00,0.9
Traffic flow_b406f8fb5fb7583ae86806e174328e4eff5e4ae8,"[(4.315650165081024, 52.073429594346955), (4.315733313560486, 52.07336035214294), (4.316033720970154, 52.073126246753084), (4.3160659074783325, 52.073103165873526), (4.316194653511047, 52.07302403133871), (4.3167150020599365, 52.072783329599886), (4.316977858543396, 52.072667924196374), (4.3171387910842896, 52.07259208619735), (4.317562580108643, 52.07240084197564), (4.317991733551025, 52.07221619160497), (4.318726658821106, 52.071886456900806)]",35.0,0.0,2026-09-28 16:10:00,0.9
Traffic flow_c8ceda6c03580fe531db28f07d719e90a4ba2764,"[(4.313791394233704, 52.073429594346955), (4.313941597938538, 52.073304298851504), (4.3143439292907715, 52.07293830210107), (4.314354658126831, 52.07293170753751)]",35.0,0.0,2026-09-28 16:10:00,0.9
Traffic flow_5a4333425b77e63d36e2b18bb961459b26893530,"[(4.329589605331421, 52.08741102165787), (4.32961642742157, 52.08736157844164), (4.329691529273987, 52.08728576540368), (4.329712986946106, 52.08727587673707)]",5.0,0.0,2026-09-28 16:10:00,0.9
Traffic flow_e478164cc75d47bb8a4bb26f24e607e04129e838,"[(4.318753480911255, 52.0871308427082), (4.317010045051575, 52.0877439378875), (4.316527247428894, 52.087905450807106)]",10.0,0.0,2026-09-28 16:10:00,0.9
Traffic flow_cfc6f7ee4150eced9e2aa9e9758da54732064a20,"[(4.329712986946106, 52.087137435174284), (4.32936429977417, 52.08727917295951), (4.328972697257996, 52.08745057619141), (4.328672289848328, 52.087592312982004), (4.32811975479126, 52.08784282341787), (4.327813982963562, 52.08796478193686), (4.3276047706604, 52.088053778483605), (4.326955676078796, 52.08831747091333), (4.3263280391693115, 52.08859434628746), (4.325920343399048, 52.08878881724932), (4.324933290481567, 52.08927004683333), (4.323855042457581, 52.089790823686506), (4.323087930679321, 52.09015668227118), (4.322422742843628, 52.09046650611412), (4.322272539138794, 52.09053242580315), (4.322138428688049, 52.090598345394774), (4.321714639663696, 52.09079610358534), (4.32136595249176, 52.090947717604514), (4.321087002754211, 52.09107955546329), (4.320995807647705, 52.091119106744955), (4.320899248123169, 52.09116524986259)]",20.0,0.0,2026-09-28 16:10:00,0.9
Traffic flow_079df91e78733a10ef35ae88a825ce6d7fa756af,"[(4.329712986946106, 52.08600846115995), (4.329407215118408, 52.0857332179092), (4.329251646995544, 52.08558158617159)]",20.0,0.0,2026-09-28 16:10:00,0.9
Traffic flow_214ad6f686e84cc5663d77556864c58dc9da10fc,"[(4.321441054344177, 52.08621448044632), (4.3215590715408325, 52.086174924817115), (4.321854114532471, 52.086066146656), (4.322020411491394, 52.08601999826512), (4.322245717048645, 52.085944182947934), (4.322454929351807, 52.085861774848375), (4.322492480278015, 52.08582221890653)]",20.0,0.0,2026-09-28 16:10:00,0.9
Traffic flow_049aefd480982abf28182f5c2992464a96882c5a,"[(4.322492480278015, 52.08582221890653), (4.323128163814545, 52.08558158617159)]",20.0,0.0,2026-09-28 16:10:00,0.9
Traffic flow_2af30bd58972d6e07c3f6db5b71470c44918b143,"[(4.321070909500122, 52.09123116851929), (4.3212103843688965, 52.09117184173264), (4.3214839696884155, 52.0910301163119), (4.322320818901062, 52.09061812125328), (4.322766065597534, 52.090407178310734), (4.323195219039917, 52.09022260241793), (4.323892593383789, 52.08989629673939), (4.324552416801453, 52.08957987683279), (4.324933290481567, 52.08938870538518), (4.3254804611206055, 52.08913161145736), (4.32611882686615, 52.08881848223679), (4.326547980308533, 52.08861412303416), (4.327288269996643, 52.08830428632885), (4.329020977020264, 52.087621978764936), (4.329589605331421, 52.08741102165787), (4.329712986946106, 52.08736322654973)]",25.0,0.0,2026-09-28 16:10:00,0.9
Traffic flow_cce4b6e2b515e4e7851d73f3dd452e5b466e9228,"[(4.329090714454651, 52.08558158617159), (4.329192638397217, 52.085673883812355), (4.329310655593872, 52.0857694775962), (4.329482316970825, 52.085921108695395), (4.329637885093689, 52.08606944296781), (4.329712986946106, 52.086156795142)]",25.0,0.0,2026-09-28 16:10:00,0.9
Traffic flow_11bb5a0caa7fcdddfd8ed183465efabb9f43ee85,"[(4.322492480278015, 52.08582221890653), (4.322476387023926, 52.085818922576465)]",35.0,0.0,2026-09-28 16:10:00,0.9
Traffic flow_8b3a6a893853d9de93b633943218772c422c6401,"[(4.32313084602356, 52.08558158617159), (4.322492480278015, 52.08582221890653)]",35.0,0.0,2026-09-28 16:10:00,0.9
Traffic flow_413f5b78bd4530500e6746cffaa6a2c408695a68,"[(4.316527247428894, 52.0880076321482), (4.317626953125, 52.0876186825678), (4.3189626932144165, 52.08714073140697), (4.318984150886536, 52.0871308427082), (4.319456219673157, 52.08695614200213), (4.319692254066467, 52.08687373577129), (4.320014119148254, 52.08674518174733), (4.320180416107178, 52.08667596019643), (4.320813417434692, 52.086451813485276), (4.321156740188599, 52.086319961952796), (4.3213605880737305, 52.08624744344388), (4.321441054344177, 52.08621448044632)]",40.0,0.0,2026-09-28 16:10:00,0.9
Traffic flow_1604211352675d8c0ce6c83e3279a06b7df69351,"[(4.322476387023926, 52.085818922576465), (4.322428107261658, 52.08581562624615), (4.322240352630615, 52.08587825648046), (4.322068691253662, 52.08593099766223), (4.321956038475037, 52.085973849826516), (4.321816563606262, 52.08601999826512), (4.320770502090454, 52.08640566549322), (4.320394992828369, 52.08654740560272), (4.320309162139893, 52.086583664628186), (4.319981932640076, 52.08670892285311), (4.319649338722229, 52.086817699447415), (4.319434762001038, 52.08689021702963), (4.318753480911255, 52.0871308427082)]",45.0,0.0,2026-09-28 16:10:00,0.9
Traffic flow_3125203f039175e74e50e7ae3756e2aafe8cbe10,"[(4.31849330663681, 52.07883015540292), (4.318265318870544, 52.07892576384593), (4.31787371635437, 52.0790741213693), (4.317535758018494, 52.07918291657306), (4.317026138305664, 52.0793246796225), (4.316527247428894, 52.07944995822168)]",5.0,0.0,2026-09-28 16:10:00,0.9
Traffic flow_2df43bfdb44dbfe0517cad2a2df4a42786eb1015,"[(4.317530393600464, 52.08187633752418), (4.317567944526672, 52.081962049598346), (4.317600131034851, 52.08200490557372), (4.317702054977417, 52.08209721061166), (4.317798614501953, 52.08216973586469), (4.3179649114608765, 52.0823180826061)]",5.0,0.0,2026-09-28 16:10:00,0.9
Traffic flow_335df300b54afd1584ef45c285649379d67ce539,"[(4.322497844696045, 52.079173026110944), (4.322422742843628, 52.07906423088308), (4.322205483913422, 52.07883015540292)]",10.0,0.0,2026-09-28 16:10:00,0.9
Traffic flow_6b58e676cc164a5b5e2dd73aeca4ac99c2eabd26,"[(4.31787371635437, 52.0790741213693), (4.317803978919983, 52.07912357376752), (4.317643046379089, 52.07920599430947), (4.317535758018494, 52.079245556115545), (4.317095875740051, 52.07937742854923), (4.316586256027222, 52.07951259738943), (4.316527247428894, 52.07953072976369)]",10.0,0.0,2026-09-28 16:10:00,0.9
Traffic flow_15cdb763e616e1d2b5fc9e80d6d959921fda31a0,"[(4.327583312988281, 52.08146096129456), (4.327481389045715, 52.08147414790094), (4.327073693275452, 52.08164557342941), (4.326907396316528, 52.0817213960493), (4.326456785202026, 52.081935676669985)]",10.0,0.0,2026-09-28 16:10:00,0.9
Traffic flow_f9a57a7401a62802a9852a6e4cb66d3d6cbd5226,"[(4.329712986946106, 52.08053953752643), (4.328554272651672, 52.081019207729334), (4.327583312988281, 52.08146096129456)]",10.0,0.0,2026-09-28 16:10:00,0.9
Traffic flow_aa5dc8d17d7decc03df72217e9bf7af85b14a844,"[(4.324050843715668, 52.086933068272835), (4.324563145637512, 52.0867319966983), (4.324938654899597, 52.086596849721055), (4.3250298500061035, 52.086540813049474), (4.325035214424133, 52.08649796142961), (4.3250298500061035, 52.08634962858157), (4.324970841407776, 52.08630018418933), (4.324836730957031, 52.08619799893841), (4.324707984924316, 52.08607603559069), (4.324563145637512, 52.085954071909654), (4.324396848678589, 52.08582551523635), (4.324150085449219, 52.085627735015834), (4.324074983596802, 52.08557169712733), (4.323951601982117, 52.08549588104852), (4.323801398277283, 52.08541017576085), (4.3234312534332275, 52.08520580094911)]",10.0,0.0,2026-09-28 16:10:00,0.9
Traffic flow_1917d5be24f7e87208adeb034c9319b2f41efda4,"[(4.329712986946106, 52.08297080241066), (4.329680800437927, 52.08298728511043), (4.329257011413574, 52.08317189093204), (4.3288010358810425, 52.08336308901373), (4.32861864566803, 52.083442205221736), (4.328328967094421, 52.08355758277367)]",10.0,0.0,2026-09-28 16:10:00,0.9
Traffic flow_7ed99c5954365347958a5b92ace78c4abd0cbb33,"[(4.31837260723114, 52.08537061941872), (4.318200945854187, 52.08534095213911), (4.318158030509949, 52.08532117394176), (4.317975640296936, 52.08520909732447), (4.317852258682251, 52.08511350234025), (4.317460656166077, 52.0848201233515), (4.317052960395813, 52.08447729602215), (4.317020773887634, 52.08444103528523)]",10.0,0.0,2026-09-28 16:10:00,0.9
Traffic flow_14ef8c43917580b9aa88e44eec60da31b64995d2,"[(4.317020773887634, 52.08444103528523), (4.316795468330383, 52.084276213382466), (4.316527247428894, 52.08406688868852)]",10.0,0.0,2026-09-28 16:10:00,0.9
Traffic flow_a8665877e9e3a8788cee24eb13b76eea7877ebaf,"[(4.316527247428894, 52.07964117224782), (4.316596984863281, 52.079621391524476), (4.317095875740051, 52.07948292621567), (4.317728877067566, 52.079275227447084), (4.317943453788757, 52.079199400671705), (4.318276047706604, 52.0790741213693), (4.318603277206421, 52.07894224803954), (4.3187642097473145, 52.07886971754211), (4.318841993808746, 52.07883015540292)]",15.0,0.0,2026-09-28 16:10:00,0.9
Traffic flow_b56c62715766df93a5fad88289608c5b430a2021,"[(4.3182384967803955, 52.0821895154587), (4.317948818206787, 52.08204116828996), (4.31786835193634, 52.08198842251113), (4.317820072174072, 52.08196534621331), (4.3177878856658936, 52.08194556651995), (4.317643046379089, 52.08184337129797), (4.317551851272583, 52.08176095562593), (4.317229986190796, 52.08141151148592), (4.316929578781128, 52.08110821812779), (4.316779375076294, 52.080943383916576), (4.316527247428894, 52.080636790664606)]",15.0,0.0,2026-09-28 16:10:00,0.9
Traffic flow_6f164c961751e93e5045c8619bfff8228efcf367,"[(4.324203729629517, 52.08293783699284), (4.324268102645874, 52.08290816809599), (4.324316382408142, 52.082891685366995), (4.324665069580078, 52.082746637089365), (4.324842095375061, 52.08267740933613), (4.325099587440491, 52.082591698635724), (4.325265884399414, 52.08252576721572), (4.325442910194397, 52.08245983569832), (4.325909614562988, 52.082268633747084), (4.326215386390686, 52.08214006645724), (4.326537251472473, 52.08199831234941)]",15.0,0.0,2026-09-28 16:10:00,0.9
Traffic flow_e9a3f9e81345e546f6a5bf8fceed3b56040a77d9,"[(4.316527247428894, 52.08306805025134), (4.316570162773132, 52.083053215848665), (4.316774010658264, 52.0829740989511), (4.3171387910842896, 52.082838940593305), (4.317487478256226, 52.0827004852658), (4.317750334739685, 52.082611478042736), (4.31813657283783, 52.08244994596232), (4.3183135986328125, 52.08236423482509), (4.318399429321289, 52.082262040561744)]",15.0,0.0,2026-09-28 16:10:00,0.9
Traffic flow_23c690d672fa1a52d7213687d8c1f19de1dc2b02,"[(4.3259552121162415, 52.086933068272835), (4.32586133480072, 52.0868704395189), (4.325850605964661, 52.086867143266254), (4.3254053592681885, 52.086596849721055), (4.32512640953064, 52.08642214692444), (4.3250298500061035, 52.08634962858157), (4.32486891746521, 52.086333147123575), (4.3247294425964355, 52.08632655453867), (4.32462751865387, 52.086313369365946), (4.324445128440857, 52.08632655453867), (4.324386119842529, 52.086339739707505), (4.324327111244202, 52.086362813743584), (4.324225187301636, 52.08639248034387), (4.324026703834534, 52.086464998617096), (4.323683381080627, 52.086583664628186), (4.323318600654602, 52.08671881164537), (4.323066473007202, 52.086820995703704), (4.3229323625564575, 52.08688032827536), (4.32286262512207, 52.08689680953127), (4.3228089809417725, 52.086900105781716), (4.322755336761475, 52.08689680953127), (4.322701692581177, 52.086886920778454), (4.322642683982849, 52.086883624527026), (4.322589039802551, 52.086886920778454), (4.322524666786194, 52.08691329078108), (4.322481751441956, 52.086933068272835)]",15.0,0.0,2026-09-28 16:10:00,0.9
Traffic flow_780cf8bbb101592f582a39c3c1d88412dda5f875,"[(4.320175051689148, 52.0845399281347), (4.3193113803863525, 52.08384767358648), (4.3185120820999146, 52.08321474574571), (4.318056106567383, 52.08284883024312), (4.317750334739685, 52.082611478042736), (4.317685961723328, 52.082558732937905), (4.317594766616821, 52.08249280146919)]",15.0,0.0,2026-09-28 16:10:00,0.9
Traffic flow_00e8b9621121210a1761bbac1a87500a12defb15,"[(4.316527247428894, 52.08406688868852), (4.316795468330383, 52.084276213382466), (4.317020773887634, 52.08444103528523)]",15.0,0.0,2026-09-28 16:10:00,0.9
Traffic flow_d9526bfb670e9991c8b9633eef7de533ae3168f1,"[(4.3216341733932495, 52.08375537216876), (4.321473240852356, 52.08365647758078), (4.321194291114807, 52.083442205221736), (4.32112991809845, 52.08338286807888), (4.3210601806640625, 52.083330123885666), (4.321001172065735, 52.08329056569986), (4.3209099769592285, 52.08323782139757), (4.320791959762573, 52.08318178050808), (4.320421814918518, 52.083053215848665), (4.320169687271118, 52.08295102316289), (4.318324327468872, 52.082232371215646), (4.3182384967803955, 52.0821895154587)]",20.0,0.0,2026-09-28 16:10:00,0.9
Traffic flow_93bacbf166e25842edeb1933b47a80073e47f973,"[(4.322052597999573, 52.078945544877534), (4.3221116065979, 52.07906423088308), (4.322229623794556, 52.07917632293189), (4.322487115859985, 52.07941039659677), (4.322567582130432, 52.079489519811546), (4.322798252105713, 52.0796279850999), (4.32311475276947, 52.07981260481622), (4.323570728302002, 52.08004997190087), (4.324461221694946, 52.08049503178236), (4.324949383735657, 52.080758768877324), (4.32512640953064, 52.08087085667079), (4.3253302574157715, 52.08101261435943), (4.3256038427352905, 52.08121700837372), (4.325839877128601, 52.081424698106915), (4.326016902923584, 52.081559860747475), (4.326456785202026, 52.081935676669985), (4.326547980308533, 52.0820082021855)]",20.0,0.0,2026-09-28 16:10:00,0.9
Traffic flow_a5c5229d99f14a098c0e1a2dfb9df84358bfd921,"[(4.323136210441589, 52.086900105781716), (4.3230584263801575, 52.086933068272835)]",20.0,0.0,2026-09-28 16:10:00,0.9
Traffic flow_c91eade0a3b9deb5658cdeec89566c9bc03440ac,"[(4.324048161506653, 52.082871906084165), (4.323849678039551, 52.08293783699284), (4.323715567588806, 52.08299058164966), (4.322503209114075, 52.083442205221736), (4.321843385696411, 52.083712517874204), (4.321800470352173, 52.08374218623636), (4.321596622467041, 52.083844377110566), (4.320958256721497, 52.08413446605924), (4.320775866508484, 52.084226766692936), (4.320749044418335, 52.084279509826494)]",20.0,0.0,2026-09-28 16:10:00,0.9
Traffic flow_029116f7702a48628df16cf756027b447c4ffd8b,"[(4.320749044418335, 52.084279509826494), (4.320175051689148, 52.0845399281347)]",20.0,0.0,2026-09-28 16:10:00,0.9
Traffic flow_7f5d25732250f73629cb3b16df68f2d7acc273b2,"[(4.320175051689148, 52.0845399281347), (4.3186354637146, 52.08520580094911), (4.318404793739319, 52.085314581207356), (4.3183833360672, 52.08533435940764), (4.31837260723114, 52.08537061941872)]",20.0,0.0,2026-09-28 16:10:00,0.9
Traffic flow_7c00f624ab52ab4d891a19ec163dbda76b81f3b8,"[(4.326537251472473, 52.08199831234941), (4.3268269300460815, 52.081863151036615), (4.327540397644043, 52.081503817751056), (4.327583312988281, 52.08146096129456)]",25.0,0.0,2026-09-28 16:10:00,0.9
Traffic flow_2a5d5e2cb4d340131da9ffd049c2a6f2eec69ba4,"[(4.327583312988281, 52.08146096129456), (4.328554272651672, 52.081019207729334), (4.329712986946106, 52.08053953752643)]",25.0,0.0,2026-09-28 16:10:00,0.9
Traffic flow_c4ba6109349f9217eb87c43d9380e70c6c5da1af,"[(4.323796033859253, 52.086933068272835), (4.323828220367432, 52.08691988327931), (4.324504137039185, 52.08667266392942), (4.324836730957031, 52.086540813049474), (4.32512640953064, 52.08642214692444), (4.325539469718933, 52.08624744344388), (4.325689673423767, 52.08621777674717), (4.325888156890869, 52.086155146989356), (4.326274394989014, 52.086010109318), (4.326526522636414, 52.08591121972637), (4.326558709144592, 52.085894738106454), (4.326671361923218, 52.085851885866205), (4.326719641685486, 52.085838700553225), (4.326939582824707, 52.085756292258885), (4.327830076217651, 52.08545632478236), (4.328334331512451, 52.085294802998305), (4.328446984291077, 52.085255246553906), (4.329712986946106, 52.08485803198102)]",25.0,0.0,2026-09-28 16:10:00,0.9
Traffic flow_b820183713165c54ae96370a6798074090baad49,"[(4.3254053592681885, 52.086596849721055), (4.325271248817444, 52.086570479531424), (4.325185418128967, 52.086577072080296), (4.325153231620789, 52.08658696090177), (4.32512104511261, 52.08660673853815), (4.3251049518585205, 52.08663970124595), (4.325094223022461, 52.086692441527816), (4.325459003448486, 52.08691329078108), (4.32549387216568, 52.086933068272835)]",25.0,0.0,2026-09-28 16:10:00,0.9
Traffic flow_923cebb337495f1cf6fb0f695ad127650eaa586c,"[(4.328328967094421, 52.08355758277367), (4.32861864566803, 52.083442205221736), (4.3288010358810425, 52.08336308901373), (4.329257011413574, 52.08317189093204), (4.329680800437927, 52.08298728511043), (4.329712986946106, 52.08297080241066)]",25.0,0.0,2026-09-28 16:10:00,0.9
Traffic flow_69b35343d19fe8343f82045edde5fe6ee14c8e08,"[(4.31837260723114, 52.08537061941872), (4.3183833360672, 52.08533435940764), (4.318404793739319, 52.085314581207356), (4.3186354637146, 52.08520580094911), (4.320175051689148, 52.0845399281347)]",25.0,0.0,2026-09-28 16:10:00,0.9
Traffic flow_64967deebe5752dda0e05ed8f7014116d1260aaa,"[(4.329712986946106, 52.08463717255632), (4.329552054405212, 52.08469156341162), (4.329010248184204, 52.08494538652645), (4.328881502151489, 52.08501131437205), (4.328656196594238, 52.08510031680912), (4.3281251192092896, 52.08526843203927), (4.32761013507843, 52.08544643571034), (4.327341914176941, 52.08554862268219), (4.326574802398682, 52.08581562624615), (4.326435327529907, 52.085838700553225), (4.326306581497192, 52.08588814545679), (4.326038360595703, 52.08594747926875), (4.326022267341614, 52.085954071909654)]",30.0,0.0,2026-09-28 16:10:00,0.9
Traffic flow_2fd934a15a24539812e29c6f71bf958c35d7f5e1,"[(4.325759410858154, 52.086933068272835), (4.325593113899231, 52.08684077323635), (4.325394630432129, 52.08670892285311), (4.325185418128967, 52.086577072080296), (4.32511031627655, 52.08652433166208), (4.325035214424133, 52.086458406051676), (4.324933290481567, 52.08638588776773), (4.32486891746521, 52.086333147123575), (4.324772357940674, 52.086244147145216), (4.324675798416138, 52.08616503590433), (4.323753118515015, 52.085485991985266), (4.323602914810181, 52.08535743396355), (4.3234312534332275, 52.08520580094911)]",45.0,0.0,2026-09-28 16:10:00,0.9
Traffic flow_d0976366564fd009cd7bd2a6b043117d61195551,"[(4.3269020318984985, 52.08171480278312), (4.326446056365967, 52.081348874982986), (4.326295852661133, 52.0812203050437), (4.326081275939941, 52.08106206461001), (4.325834512710571, 52.08089063684042), (4.32560920715332, 52.08074887876438), (4.325351715087891, 52.080607120238135), (4.325019121170044, 52.080435690721224), (4.324064254760742, 52.07995436586582), (4.323753118515015, 52.07979282416884), (4.323559999465942, 52.079697217583), (4.3233829736709595, 52.07960490758167), (4.3231576681137085, 52.07949281660911), (4.322969913482666, 52.07938402216069), (4.322712421417236, 52.07921258794624), (4.322540760040283, 52.079084011853325), (4.322406649589539, 52.0789719195727), (4.322272539138794, 52.0788499364769), (4.32225376367569, 52.07883015540292)]",45.0,0.0,2026-09-28 16:10:00,0.9
Traffic flow_2369019ba66fedd6aa9f743114a32b6724ce5be9,"[(4.326022267341614, 52.085954071909654), (4.325636029243469, 52.08606944296781), (4.325271248817444, 52.08620129524048), (4.32486891746521, 52.086333147123575), (4.324659705162048, 52.086395776631576), (4.324321746826172, 52.08650455398919), (4.324101805686951, 52.086570479531424), (4.323940873146057, 52.08662651616575), (4.32386040687561, 52.086649590053554), (4.323136210441589, 52.086900105781716)]",50.0,0.0,2026-09-28 16:10:00,0.9
Traffic flow_c602d8f48723b89adafb05a09c90718101429ce8,"[(4.3183135986328125, 52.08236423482509), (4.318758845329285, 52.08252906378903), (4.319719076156616, 52.082901575005124), (4.320030212402344, 52.08301695395469), (4.320352077484131, 52.08314551871856), (4.320813417434692, 52.083359792502016), (4.321156740188599, 52.08353450728714), (4.321242570877075, 52.083600437216994), (4.321339130401611, 52.08365647758078), (4.321478605270386, 52.0837619651335), (4.321596622467041, 52.083844377110566), (4.321687817573547, 52.08391360305371), (4.32187020778656, 52.08402238646168), (4.322020411491394, 52.08410809441455), (4.32211697101593, 52.08417402349706), (4.322444200515747, 52.084487185308916), (4.322562217712402, 52.08460256015936), (4.32261049747467, 52.08464541359927), (4.3226587772369385, 52.08469485982496), (4.322766065597534, 52.08479375211197), (4.323399066925049, 52.08534095213911), (4.323602914810181, 52.08549917740245), (4.323683381080627, 52.08555191903223), (4.3247294425964355, 52.08632655453867), (4.324852824211121, 52.08641555435268), (4.3249547481536865, 52.08649136886905), (4.3250298500061035, 52.086540813049474), (4.325099587440491, 52.0865935534482), (4.32512104511261, 52.08660673853815), (4.325201511383057, 52.086666071394674), (4.325292706489563, 52.08672870043543), (4.325577020645142, 52.086900105781716), (4.325633347034454, 52.086933068272835)]",55.0,0.0,2026-09-28 16:10:00,0.9
Traffic flow_685055a11073a5a939090b2dab1f8c3d941416ae,"[(4.322052597999573, 52.078945544877534), (4.32236909866333, 52.079209291127974), (4.322717785835266, 52.07945655182244), (4.322894811630249, 52.07957523646927), (4.323045015335083, 52.079651062606196), (4.323184490203857, 52.07973348217415), (4.323484897613525, 52.079891727318014), (4.32386577129364, 52.0800796426977), (4.3240320682525635, 52.08016865496984), (4.324439764022827, 52.08037964631328), (4.324836730957031, 52.08057744979194), (4.325083494186401, 52.08070931829072), (4.325260519981384, 52.080811516109314), (4.325523376464844, 52.08097635080752), (4.325775504112244, 52.08116096494682), (4.325941801071167, 52.08128623839217), (4.32611346244812, 52.0814345880701), (4.326210021972656, 52.081510411048406), (4.326655268669128, 52.081889524007835), (4.326698184013367, 52.08192249019995), (4.326848387718201, 52.082070837763155), (4.327014684677124, 52.08221918483328), (4.3271273374557495, 52.08231478601721), (4.328023195266724, 52.08310266383841), (4.328382611274719, 52.08339605411744), (4.32862401008606, 52.08358065824826), (4.3287742137908936, 52.08369273895515), (4.328843951225281, 52.08372900030006), (4.329257011413574, 52.083966346557354), (4.32935893535614, 52.08402238646168), (4.329712986946106, 52.084208636226386)]",70.0,0.0,2026-09-28 16:10:00,0.9
Traffic flow_ead39f4dc9d16dc03eafc17b52268534af664500,"[(4.321937263011932, 52.07883015540292), (4.322052597999573, 52.078945544877534)]",70.0,0.0,2026-09-28 16:10:00,0.9
Traffic flow_e70dc34efd6f895b4f4bf63583ce94a5fccdd397,"[(4.329712986946106, 52.08409326035756), (4.32961642742157, 52.08404875815702), (4.329434037208557, 52.08395645715517), (4.329187273979187, 52.08382459824995), (4.328935146331787, 52.0836696635385), (4.328833222389221, 52.08359054773372), (4.32861864566803, 52.083442205221736), (4.328436255455017, 52.08329056569986), (4.327738881111145, 52.08268070589824), (4.326971769332886, 52.08199831234941), (4.326757192611694, 52.08179392191301), (4.326526522636414, 52.08159612382531), (4.326140284538269, 52.081282941727046), (4.326006174087524, 52.081177448314975), (4.325646758079529, 52.08090712030842), (4.325410723686218, 52.08075547217326), (4.325147867202759, 52.08061701038248), (4.324890375137329, 52.0804719547124), (4.324412941932678, 52.08023458987181), (4.323989152908325, 52.08001700432571), (4.3236565589904785, 52.07984227577082), (4.323543906211853, 52.07978952739344), (4.323275685310364, 52.079651062606196), (4.3230074644088745, 52.0795158941853), (4.322846531867981, 52.079413693400184), (4.3225836753845215, 52.07923896248363), (4.322497844696045, 52.079173026110944)]",75.0,0.0,2026-09-28 16:10:00,0.9
Traffic flow_06fd623d2bd2f434d26a1327afa8887886f8befc,"[(4.323855042457581, 52.07942688061142), (4.323822855949402, 52.07945984862244), (4.323720932006836, 52.07954226854347), (4.323635101318359, 52.07959501721306), (4.323543906211853, 52.07963128188724), (4.3233829736709595, 52.07968073366819)]",5.0,0.0,2026-09-28 16:10:00,0.9
Traffic flow_7276299bc4f024c580a82dd3e107c60763853000,"[(4.3200623989105225, 52.08011590697814), (4.320134818553925, 52.08018184195803)]",5.0,0.0,2026-09-28 16:10:00,0.9
Traffic flow_ba9ae897566ebf2a011c427299a2f9992871533b,"[(4.325957894325256, 52.07834221946996), (4.3253302574157715, 52.07860596928523), (4.325062036514282, 52.078714765630025), (4.324262738227844, 52.07907741819755), (4.324139356613159, 52.07914005788808), (4.324091076850891, 52.07918621339327), (4.324042797088623, 52.07923896248363), (4.323855042457581, 52.07942688061142)]",5.0,0.0,2026-09-28 16:10:00,0.9
Traffic flow_329426175b70c92f46d1af3bd524072053e287f3,"[(4.3260544538497925, 52.07848728206122), (4.32587742805481, 52.07849717267526), (4.3253302574157715, 52.078734546755136), (4.325131773948669, 52.078810374320184), (4.324541687965393, 52.079084011853325), (4.324391484260559, 52.07917632293189), (4.32436466217041, 52.07918951021325), (4.324198365211487, 52.07931808600229), (4.3241286277771, 52.07938731896605), (4.324096441268921, 52.07943017741362)]",10.0,0.0,2026-09-28 16:10:00,0.9
Traffic flow_cb571a49f6781cc3d18d5d3644ccf8ee9baac818,"[(4.329712986946106, 52.076932779980105), (4.329482316970825, 52.07702344701754), (4.328929781913757, 52.07726412589643), (4.327331185340881, 52.07793670108901), (4.326151013374329, 52.07845101645759), (4.3260544538497925, 52.07848728206122)]",10.0,0.0,2026-09-28 16:10:00,0.9
Traffic flow_09270039226c1825048736f0f76bf0364eccc94b,"[(4.320175051689148, 52.074807821589495), (4.320164322853088, 52.07486387299325), (4.320175051689148, 52.074959489931345), (4.320158958435059, 52.07503202678226), (4.32011604309082, 52.075081483658494), (4.320057034492493, 52.07512434624024), (4.319998025894165, 52.0751606145465), (4.3196117877960205, 52.075368332460194), (4.319525957107544, 52.07541778896386), (4.319391846656799, 52.07548043378985), (4.3193382024765015, 52.075510107624105), (4.319252371788025, 52.07555296979433), (4.319005608558655, 52.07568815021548), (4.318925142288208, 52.07572771513935), (4.318844676017761, 52.07575738880924), (4.318774938583374, 52.07577387417288), (4.318495988845825, 52.07578046831664), (4.318426251411438, 52.07579365660122), (4.318356513977051, 52.07582992436373), (4.317905902862549, 52.07608709492542), (4.317696690559387, 52.07621567965071)]",10.0,0.0,2026-09-28 16:10:00,0.9
Traffic flow_18c88107df16470b713577de4f2d5f8a8bcd022b,"[(4.317428469657898, 52.0785202507662), (4.317111968994141, 52.07842793833086), (4.316961765289307, 52.078375188282095), (4.316527247428894, 52.0782367191075)]",10.0,0.0,2026-09-28 16:10:00,0.9
Traffic flow_0d5880817d3e57f4518c711af2481a11a30959a0,"[(4.323474168777466, 52.07365710368978), (4.324563145637512, 52.07322846193343), (4.324938654899597, 52.07309327406434), (4.3250298500061035, 52.07303722043759), (4.325035214424133, 52.07299435585201), (4.3250298500061035, 52.07284597812259), (4.324970841407776, 52.07279651876986), (4.324836730957031, 52.07269430260062), (4.324707984924316, 52.07257559965878), (4.324563145637512, 52.072450301766686), (4.324396848678589, 52.072321706196014), (4.324150085449219, 52.072123866133275), (4.324088394641876, 52.072077703325824)]",10.0,0.0,2026-09-28 16:10:00,0.9
Traffic flow_a27d72ec7b9c6cc401b014ce241657641f18c1e2,"[(4.316527247428894, 52.07557769795074), (4.31688666343689, 52.07576068588245), (4.316999316215515, 52.075826627295626), (4.317079782485962, 52.075866192096775), (4.317144155502319, 52.07590245980036), (4.317723512649536, 52.07619919445021)]",10.0,0.0,2026-09-28 16:10:00,0.9
Traffic flow_895f899ee84de674ff22f9926dddc5ebdb8019a7,"[(4.3233829736709595, 52.07968073366819), (4.3232810497283936, 52.07971370149173), (4.323152303695679, 52.07976315318136), (4.322165250778198, 52.08018184195803)]",15.0,0.0,2026-09-28 16:10:00,0.9
Traffic flow_1b521d735104aa9bb6d297333fed183f1e177c2f,"[(4.326580166816711, 52.0739406644361), (4.326521158218384, 52.073878017449466), (4.326210021972656, 52.07360764523562), (4.32611346244812, 52.073531808832804), (4.325968623161316, 52.073439486081625), (4.32586133480072, 52.07336694664318), (4.325850605964661, 52.07336364939318), (4.3254053592681885, 52.07309327406434), (4.32512640953064, 52.07291851840747), (4.3250298500061035, 52.07284597812259), (4.32486891746521, 52.07282949167777), (4.3247294425964355, 52.072822897098135), (4.32462751865387, 52.072809707935946), (4.324445128440857, 52.072822897098135), (4.324386119842529, 52.07283608625642), (4.324327111244202, 52.07285916727406), (4.324225187301636, 52.072888842850624), (4.324026703834534, 52.07296138306586), (4.323683381080627, 52.073080084982024), (4.323318600654602, 52.073215272891055), (4.323066473007202, 52.073317487867584), (4.3229323625564575, 52.07337683839173), (4.32286262512207, 52.07339332463443), (4.3228089809417725, 52.07339662188224), (4.322755336761475, 52.07339332463443), (4.322701692581177, 52.07338343288954), (4.322642683982849, 52.073380135640754), (4.322589039802551, 52.07338343288954), (4.322524666786194, 52.073409810871055), (4.321349859237671, 52.07395715047061), (4.320743680000305, 52.07425389805068), (4.320266246795654, 52.0744912946946), (4.320191144943237, 52.07454734649575), (4.320153594017029, 52.074590209590326), (4.3201375007629395, 52.074623181173536)]",15.0,0.0,2026-09-28 16:10:00,0.9
Traffic flow_d859beae821f965acc9979c4cd663585c0d74544,"[(4.322690963745117, 52.076416798606544), (4.32287871837616, 52.0765420853669), (4.323050379753113, 52.07664758973448), (4.323517084121704, 52.07691464655052), (4.323844313621521, 52.07710916841085), (4.324429035186768, 52.07746194318147), (4.325459003448486, 52.07805538977696), (4.325813055038452, 52.078253203555576), (4.325968623161316, 52.07833562570461), (4.326065182685852, 52.07839167267903), (4.326151013374329, 52.07845101645759), (4.3262529373168945, 52.07854662571267)]",15.0,0.0,2026-09-28 16:10:00,0.9
Traffic flow_c7a39cbd29bb6937c44a004983b83b76b9677241,"[(4.326472878456116, 52.07395055605753), (4.326655268669128, 52.074095632920105), (4.32687520980835, 52.0742802755179), (4.32710587978363, 52.074458323013985), (4.327905178070068, 52.07511115775793), (4.32811975479126, 52.07528260772405), (4.328323602676392, 52.07545735412734), (4.328436255455017, 52.07554307852793), (4.328565001487732, 52.075658476499555), (4.328672289848328, 52.07574090343952), (4.3291175365448, 52.076100283119416), (4.329326748847961, 52.076298105561854), (4.3293696641922, 52.076357452123645), (4.329412579536438, 52.076479442030674), (4.329439401626587, 52.07668055979821), (4.329439401626587, 52.076799251826024), (4.3294501304626465, 52.076894864618936), (4.329482316970825, 52.07702344701754), (4.329643249511719, 52.07735973769365)]",20.0,0.0,2026-09-28 16:10:00,0.9
Traffic flow_edf4ee15035ecaf98ffec71244bbaa82f2189f79,"[(4.324340522289276, 52.08018184195803), (4.324327111244202, 52.080165358222196), (4.324284195899963, 52.08008623620543), (4.324241280555725, 52.0799807399649), (4.324235916137695, 52.07976315318136), (4.324252009391785, 52.0796774368845), (4.3243056535720825, 52.07953897174955), (4.324343204498291, 52.079486223013724), (4.324418306350708, 52.079413693400184), (4.324665069580078, 52.07923236885075), (4.324761629104614, 52.07915654200256), (4.32487428188324, 52.07907741819755), (4.324992299079895, 52.07900159108615), (4.32512640953064, 52.0789323575241), (4.325222969055176, 52.07888620175642), (4.325652122497559, 52.0786982813524), (4.325973987579346, 52.0785631100463), (4.3260544538497925, 52.07848728206122)]",20.0,0.0,2026-09-28 16:10:00,0.9
Traffic flow_3e241b9dcf7b16f63dffdb2bde8fda5da9ef9e80,"[(4.3260544538497925, 52.07848728206122), (4.326151013374329, 52.07845101645759), (4.327331185340881, 52.07793670108901), (4.328457713127136, 52.07746194318147), (4.328479170799255, 52.07745534928608)]",20.0,0.0,2026-09-28 16:10:00,0.9
Traffic flow_57b24ea910faa8cd167e94e2df7c0266e4999f50,"[(4.319525957107544, 52.077165216925174), (4.319209456443787, 52.07729709550481), (4.31886613368988, 52.07744875538974), (4.318501353263855, 52.077603711696504), (4.317723512649536, 52.077946591825054), (4.317492842674255, 52.07805209287322), (4.316918849945068, 52.07830595374849), (4.316854476928711, 52.07834221946996)]",20.0,0.0,2026-09-28 16:10:00,0.9
Traffic flow_cb0f947bbeac82d0356d09f4b7d464973ef23828,"[(4.316527247428894, 52.0782367191075), (4.316961765289307, 52.078375188282095), (4.317111968994141, 52.07842793833086), (4.317449927330017, 52.07853014137295), (4.318072199821472, 52.07867190649555), (4.318308234214783, 52.078734546755136), (4.3185120820999146, 52.0788070774722), (4.318592548370361, 52.07884334278654), (4.3186891078948975, 52.078896092282086), (4.318796396255493, 52.078962029063845), (4.319027066230774, 52.07915983882473), (4.319354295730591, 52.079469739021), (4.319547414779663, 52.07964117224782), (4.319794178009033, 52.079871946705715), (4.3200623989105225, 52.08011590697814)]",20.0,0.0,2026-09-28 16:10:00,0.9
Traffic flow_d69626601be60d44656380d301185bb206a2844b,"[(4.3294501304626465, 52.076894864618936), (4.328838586807251, 52.07717510783217), (4.328328967094421, 52.077376222465574), (4.327948093414307, 52.077511397365754), (4.327749609947205, 52.077590523946654), (4.326167106628418, 52.07826639110965), (4.325968623161316, 52.07833562570461), (4.325957894325256, 52.07834221946996)]",20.0,0.0,2026-09-28 16:10:00,0.9
Traffic flow_6b5b4e985d3478f82089b5cef40ddbecb5ddea70,"[(4.3178790807724, 52.07626843225137), (4.318420886993408, 52.076555273426486), (4.318721294403076, 52.07672342084466), (4.319043159484863, 52.076894864618936), (4.319525957107544, 52.077165216925174), (4.319831728935242, 52.07732017421618), (4.320228695869446, 52.07750480347768), (4.321006536483765, 52.07787735662669), (4.321779012680054, 52.07824001599761), (4.32211697101593, 52.07841145394732), (4.322776794433594, 52.078790593228675), (4.323205947875977, 52.07905434039467), (4.323404431343079, 52.07918291657306), (4.323565363883972, 52.07929171151165), (4.3236082792282104, 52.07934446047733), (4.3236243724823, 52.07938402216069), (4.323635101318359, 52.079443364619976), (4.32361900806427, 52.079509300593315), (4.3235814571380615, 52.079558752509406), (4.323517084121704, 52.07960161079238), (4.323399066925049, 52.07967414010057)]",25.0,0.0,2026-09-28 16:10:00,0.9
Traffic flow_f6b87aa3c16553a234e8bd1f07d141d4a55b3659,"[(4.3254053592681885, 52.07309327406434), (4.325271248817444, 52.07306689589581), (4.325185418128967, 52.073073490439405), (4.325153231620789, 52.07308338225297), (4.32512104511261, 52.073103165873526), (4.3251049518585205, 52.07313613855496), (4.325094223022461, 52.073188894794605), (4.325459003448486, 52.073409810871055), (4.325963258743286, 52.07370656208916), (4.326151013374329, 52.073805478723536), (4.32636022567749, 52.07390769234884), (4.326472878456116, 52.07395055605753)]",25.0,0.0,2026-09-28 16:10:00,0.9
Traffic flow_46b3fdcff3de659b370c73141b0655cbb65693e2,"[(4.320250153541565, 52.077119059330265), (4.320539832115173, 52.077095980514905), (4.320604205131531, 52.077102574463375), (4.3206363916397095, 52.07711246538424)]",25.0,0.0,2026-09-28 16:10:00,0.9
Traffic flow_64c3a8bf07878cc7ea52ca62291eb8f45bbd3a9b,"[(4.324096441268921, 52.07943017741362), (4.324064254760742, 52.07955545571671), (4.324010610580444, 52.07984557254235), (4.3240052461624146, 52.07997084967957), (4.324064254760742, 52.08010931347481), (4.32411253452301, 52.08018184195803)]",30.0,0.0,2026-09-28 16:10:00,0.9
Traffic flow_08093530c688cd57bac7815c8ec118071409a49a,"[(4.328479170799255, 52.07745534928608), (4.328929781913757, 52.07726412589643), (4.329482316970825, 52.07702344701754), (4.329712986946106, 52.076932779980105)]",30.0,0.0,2026-09-28 16:10:00,0.9
Traffic flow_f95cf63f274f6027f7be91c364e71e3c01bc03b0,"[(4.327256083488464, 52.072077703325824), (4.326993227005005, 52.072170028892984), (4.326655268669128, 52.07228213825359), (4.326574802398682, 52.07231181421369), (4.326435327529907, 52.07233819282833), (4.326306581497192, 52.07238435536646), (4.326022267341614, 52.072450301766686)]",30.0,0.0,2026-09-28 16:10:00,0.9
Traffic flow_b24c0bf01c9451d8c2bdd95ccbd435911525807c,"[(4.3262529373168945, 52.07854662571267), (4.326531887054443, 52.078441125833315), (4.326982498168945, 52.07825979733309), (4.327422380447388, 52.07807517119426), (4.328495264053345, 52.07758063313172), (4.329010248184204, 52.07734654987173), (4.329192638397217, 52.0772740167815), (4.329530596733093, 52.07712895024748), (4.329712986946106, 52.07705806529235)]",30.0,0.0,2026-09-28 16:10:00,0.9
Traffic flow_b911df3a6c2e282a15791888db9c11c515220181,"[(4.329643249511719, 52.07735973769365), (4.329712986946106, 52.077511397365754)]",35.0,0.0,2026-09-28 16:10:00,0.9
Traffic flow_42a6480659e7ebde3e542ae28b70266038744a4e,"[(4.329712986946106, 52.07690640408009), (4.329664707183838, 52.076690450812585), (4.329584240913391, 52.07650252116477), (4.329509139060974, 52.076377234293375), (4.329423308372498, 52.076251947070354), (4.329316020011902, 52.0761200654031), (4.329203367233276, 52.07601455978879), (4.329090714454651, 52.07591894511042), (4.328645467758179, 52.07557604940741), (4.328543543815613, 52.075493622163066), (4.328221678733826, 52.07525293373856), (4.328146576881409, 52.0752001799379), (4.328039288520813, 52.075117751999564), (4.32762086391449, 52.07477814728844), (4.3275028467178345, 52.074689124266904), (4.326580166816711, 52.0739406644361), (4.326263666152954, 52.07372634543357), (4.3261295557022095, 52.073643914774024), (4.325968623161316, 52.07355488949078), (4.325770139694214, 52.07343618883698), (4.325593113899231, 52.073337271384396), (4.325394630432129, 52.07320538110671), (4.325185418128967, 52.073073490439405), (4.32511031627655, 52.0730207340634), (4.325035214424133, 52.07295478850571), (4.324933290481567, 52.07288224827976), (4.32486891746521, 52.07282949167777), (4.324772357940674, 52.07274046477055), (4.324675798416138, 52.072661329592876), (4.323884546756744, 52.072077703325824)]",45.0,0.0,2026-09-28 16:10:00,0.9
Traffic flow_66df09df5e76d9165b151f59bdc02d6f4ce3aaf9,"[(4.326022267341614, 52.072450301766686), (4.325636029243469, 52.07256900504165), (4.325271248817444, 52.07270089719923), (4.32486891746521, 52.07282949167777), (4.324659705162048, 52.07289214013569), (4.324321746826172, 52.07300095040632), (4.324101805686951, 52.07306689589581), (4.323940873146057, 52.073122949485295), (4.32386040687561, 52.073146030354636), (4.323136210441589, 52.07339662188224)]",50.0,0.0,2026-09-28 16:10:00,0.9
Traffic flow_979e092ae4b4ddc34e6e7860ebbe32812417ff36,"[(4.323720932006836, 52.072077703325824), (4.3247294425964355, 52.072822897098135), (4.324852824211121, 52.072911923840984), (4.3249547481536865, 52.07298776129672), (4.3250298500061035, 52.07303722043759), (4.325099587440491, 52.07308997679413), (4.32512104511261, 52.073103165873526), (4.325201511383057, 52.07316251668258), (4.325292706489563, 52.07322516467321), (4.325577020645142, 52.07339662188224), (4.326059818267822, 52.07368018428298), (4.326199293136597, 52.07375931765477), (4.326472878456116, 52.07395055605753)]",55.0,0.0,2026-09-28 16:10:00,0.9
Traffic flow_914ba0a83b671e21f536fa209afbac1eb9572e09,"[(4.320813417434692, 52.07083788435713), (4.3207597732543945, 52.07083788435713), (4.320657849311829, 52.070880751013064), (4.3204861879348755, 52.07095988934668), (4.320142865180969, 52.07110167851028), (4.320057034492493, 52.07113465266984), (4.319965839385986, 52.071177519040866), (4.31986927986145, 52.07121708796221)]",3.0,0.0,2026-09-28 16:10:00,0.9
Traffic flow_f1f1f425c3e82a5e6d5d107d92687d670c4bf2d7,"[(4.323388338088989, 52.069716741819136), (4.322717785835266, 52.07000362508977), (4.322261810302734, 52.07019487957953), (4.322047233581543, 52.07029050651722), (4.321151375770569, 52.07067960711715), (4.320813417434692, 52.07083788435713)]",3.0,0.0,2026-09-28 16:10:00,0.9
Traffic flow_e9f83d13cac1a7f009c90c2a7fe89bb71fa6b824,"[(4.324820637702942, 52.067467776920104), (4.325035214424133, 52.06767882829543), (4.325131773948669, 52.06778105594676), (4.325244426727295, 52.067912962247846), (4.32562530040741, 52.06833176217134), (4.325764775276184, 52.06848345251324), (4.325936436653137, 52.06865822552916), (4.326086640357971, 52.068793426826936), (4.32611346244812, 52.06882310510579), (4.326413869857788, 52.06911329168202), (4.326596260070801, 52.06931114508458), (4.3270039558410645, 52.06982885733971), (4.327180981636047, 52.07007287249964), (4.3275511264801025, 52.07051143693492), (4.3277013301849365, 52.070666417321824), (4.328007102012634, 52.07094999706265), (4.32837188243866, 52.0712962256997), (4.328479170799255, 52.07140833725437)]",5.0,0.0,2026-09-28 16:10:00,0.9
Traffic flow_1b49a483150e0f3e3802388dd72bd841ff594ceb,"[(4.329712986946106, 52.07090383304153), (4.329020977020264, 52.07117422162917), (4.328473806381226, 52.07140503985971)]",10.0,0.0,2026-09-28 16:10:00,0.9
Traffic flow_2b244cada86100972299824a77996ea77849d4c5,"[(4.329712986946106, 52.072982815379625), (4.329535961151123, 52.07259868081108), (4.329294562339783, 52.07200186432427), (4.329230189323425, 52.071856780657996), (4.329144358634949, 52.07173477811918), (4.329015612602234, 52.071602883107616), (4.3288010358810425, 52.071401742464815), (4.328704476356506, 52.07130611790702)]",10.0,0.0,2026-09-28 16:10:00,0.9
Traffic flow_d3f2983bf77d8bc42a57b864e0850081e1c11617,"[(4.31986927986145, 52.07121708796221), (4.319971203804016, 52.07130282050482), (4.32012140750885, 52.07143801379524), (4.32036280632019, 52.07163255951919), (4.320888519287109, 52.072084298015525), (4.320990443229675, 52.072166731554596), (4.321103096008301, 52.07226565160057), (4.321521520614624, 52.0726118700356), (4.321854114532471, 52.07286905913511), (4.322138428688049, 52.07305040953258), (4.322170615196228, 52.07307678771084), (4.322326183319092, 52.07318559753145), (4.322422742843628, 52.073274623551086), (4.322594404220581, 52.073406513624214), (4.32262122631073, 52.073429594346955)]",10.0,0.0,2026-09-28 16:10:00,0.9
Traffic flow_1c21ed57b9579cc03efb3162a2652f5a89b87016,"[(4.316527247428894, 52.07143966249137), (4.316795468330383, 52.07127644127847), (4.316811561584473, 52.071269846469455)]",10.0,0.0,2026-09-28 16:10:00,0.9
Traffic flow_fc68473cbef43c867f68fdc7fc44b26ac77910da,"[(4.32637631893158, 52.072364571427386), (4.327298998832703, 52.071998566973456), (4.327417016029358, 52.071949106682), (4.327690601348877, 52.07184359121041), (4.327937364578247, 52.07173807548948), (4.328157305717468, 52.07164904640598), (4.328398704528809, 52.07155671976152), (4.328554272651672, 52.07150066420566), (4.3288010358810425, 52.071401742464815)]",15.0,0.0,2026-09-28 16:10:00,0.9
Traffic flow_b5c030b3b1093f459f79367aa6ddc513799d53c6,"[(4.328554272651672, 52.07150066420566), (4.328763484954834, 52.07171829126404), (4.328902959823608, 52.07185348329647), (4.328961968421936, 52.07192932255006), (4.329010248184204, 52.07198208021571), (4.3291497230529785, 52.072252462273774), (4.329637885093689, 52.073350460390735), (4.329686164855957, 52.073429594346955)]",15.0,0.0,2026-09-28 16:10:00,0.9
Traffic flow_47faa151165f367f727857028a59e34decc6b020,"[(4.320813417434692, 52.07083788435713), (4.321167469024658, 52.07067301221997), (4.322047233581543, 52.07029050651722), (4.322261810302734, 52.07019487957953), (4.322717785835266, 52.07000362508977), (4.323393702507019, 52.06971344429956), (4.323484897613525, 52.06967717156819), (4.323737025260925, 52.069568353197276), (4.323822855949402, 52.069528782814835)]",15.0,0.0,2026-09-28 16:10:00,0.9
Traffic flow_38891ea881554bcf4be66709a788d2522ef7f506,"[(4.328704476356506, 52.07130611790702), (4.32861864566803, 52.07122368277903), (4.328484535217285, 52.071111570760706), (4.328312873840332, 52.0709631867742), (4.328082203865051, 52.07079172022009), (4.327958822250366, 52.07069279690858), (4.327803254127502, 52.070547708988585), (4.327722787857056, 52.070465272460375), (4.327594041824341, 52.070320183801066), (4.327497482299805, 52.07020477203086), (4.32736337184906, 52.07002341007498), (4.3269288539886475, 52.069499105004994), (4.326387047767639, 52.06885937853095), (4.326274394989014, 52.06874396298499), (4.326086640357971, 52.06856589270032), (4.325888156890869, 52.06835154789733), (4.325770139694214, 52.068236131038795), (4.32562530040741, 52.06808773749661), (4.3255555629730225, 52.067998701134606), (4.325271248817444, 52.06770850731508), (4.325174689292908, 52.06762276787114), (4.32462215423584, 52.06697641907258), (4.324445128440857, 52.06679504400431), (4.324327111244202, 52.06665983665597), (4.324284195899963, 52.066580690701144), (4.324241280555725, 52.06647516254317), (4.324235916137695, 52.066257509929805), (4.324252009391785, 52.06617176769995), (4.3243056535720825, 52.066033260673194), (4.324343204498291, 52.06598379377382), (4.324418306350708, 52.06591124222227), (4.324665069580078, 52.065729862827766), (4.324761629104614, 52.065654013044345), (4.324992299079895, 52.065495717429194), (4.32512640953064, 52.06542646292113), (4.3253302574157715, 52.06533742125296), (4.325359761714935, 52.065324229879614)]",20.0,0.0,2026-09-28 16:10:00,0.9
Traffic flow_0ab368f89d3e10c28f13457dd1dee6fb2c9d2ccd,"[(4.322876036167145, 52.073429594346955), (4.32287335395813, 52.073426297101584), (4.322787523269653, 52.07336035214294), (4.32261049747467, 52.0732086783684), (4.322353005409241, 52.07299765312928), (4.322202801704407, 52.07288554556531), (4.3220579624176025, 52.07279651876986), (4.321811199188232, 52.07262505925623), (4.321081638336182, 52.072015053725096), (4.3208348751068115, 52.07178753601472), (4.320309162139893, 52.07135228151221), (4.320164322853088, 52.071213790553436), (4.320057034492493, 52.07113465266984)]",20.0,0.0,2026-09-28 16:10:00,0.9
Traffic flow_6dfe09d6fca3c69e3d7ce882a0f0f45930c6c449,"[(4.3186354637146, 52.070297101470885), (4.318930506706238, 52.070152012265126), (4.319204092025757, 52.07002341007498), (4.31937575340271, 52.06993767507577), (4.319520592689514, 52.069875022472246), (4.319638609886169, 52.0698189648051), (4.319821000099182, 52.06972333685755), (4.320003390312195, 52.06960792354466), (4.320046305656433, 52.069568353197276), (4.320223331451416, 52.06931444263385), (4.320314526557922, 52.06916605267509), (4.320357441902161, 52.0691066965535), (4.320427179336548, 52.06903744764526), (4.320502281188965, 52.06898138892661), (4.320545196533203, 52.068955008328764), (4.320700764656067, 52.06888246160435), (4.320850968360901, 52.06880991476206), (4.321424961090088, 52.06856589270032), (4.321720004081726, 52.068424095484296)]",20.0,0.0,2026-09-28 16:10:00,0.9
Traffic flow_f3fbc84a788d6d00cdc183fb31acffb480ae5f3a,"[(4.316811561584473, 52.071269846469455), (4.317085146903992, 52.07112146300894), (4.3175143003463745, 52.0708708587115), (4.3186354637146, 52.070297101470885)]",20.0,0.0,2026-09-28 16:10:00,0.9
Traffic flow_8997ebf9a55d07a39f4e900fdce5c0fd4f457379,"[(4.323822855949402, 52.069528782814835), (4.323737025260925, 52.069568353197276), (4.323484897613525, 52.06967717156819), (4.323388338088989, 52.069716741819136)]",30.0,0.0,2026-09-28 16:10:00,0.9
Traffic flow_c6dd534e93a4d1154dccccee10777fe460bd01f3,"[(4.318919777870178, 52.073429594346955), (4.319005608558655, 52.07341640536399), (4.320164322853088, 52.07325813726453), (4.320673942565918, 52.07317240847641), (4.321467876434326, 52.07306030135125), (4.321779012680054, 52.07301413951201), (4.3219077587127686, 52.072991058574495), (4.322004318237305, 52.07296468034558), (4.322202801704407, 52.07288554556531)]",30.0,0.0,2026-09-28 16:10:00,0.9
Traffic flow_7f1c86642cd333c9d89b5de6d4d55539ae072085,"[(4.316527247428894, 52.072872356421634), (4.316607713699341, 52.07283608625642), (4.316720366477966, 52.072783329599886), (4.316983222961426, 52.072667924196374), (4.3171387910842896, 52.07259208619735), (4.317567944526672, 52.07240084197564), (4.317991733551025, 52.07221619160497), (4.319402575492859, 52.071583098822266), (4.319601058959961, 52.07147758248573), (4.3197619915008545, 52.07139844506968), (4.320239424705505, 52.071180816452326), (4.320266246795654, 52.07117092421724)]",35.0,0.0,2026-09-28 16:10:00,0.9
Traffic flow_b594a9c50b2dde03c00f5315713d1e13a917add6,"[(4.3288010358810425, 52.071401742464815), (4.329047799110413, 52.07130282050482), (4.329380393028259, 52.07115773456705), (4.329712986946106, 52.071022540427975)]",40.0,0.0,2026-09-28 16:10:00,0.9
Traffic flow_cb0498904d3048483facd79869e3652f111aa91d,"[(4.323892593383789, 52.073429594346955), (4.324477314949036, 52.07318559753145), (4.32512640953064, 52.07293500481941), (4.325737953186035, 52.07269100530093)]",40.0,0.0,2026-09-28 16:10:00,0.9
Traffic flow_94509b27ac2deb2b4073154e602715d2b38754cb,"[(4.328473806381226, 52.07140503985971), (4.3279266357421875, 52.07162266738418), (4.327647686004639, 52.07175785970615), (4.327492117881775, 52.07183699648516), (4.327331185340881, 52.071906241051735), (4.326226115226746, 52.072344787479565), (4.32560920715332, 52.07258878889012), (4.325399994850159, 52.072667924196374), (4.325035214424133, 52.07282949167777), (4.324246644973755, 52.073146030354636), (4.323817491531372, 52.07331419061393), (4.323549270629883, 52.073429594346955)]",55.0,0.0,2026-09-28 16:10:00,0.9
Traffic flow_0470722eea6590e71f51ec9af50477be6aaeafef,"[(4.329589605331421, 52.08741102165787), (4.32961642742157, 52.08736157844164), (4.329691529273987, 52.08728576540368), (4.329895377159119, 52.08718687863886), (4.330002665519714, 52.08714073140697), (4.330329895019531, 52.086992400695486), (4.330415725708008, 52.08694625326246), (4.330453276634216, 52.08691988327931), (4.330464005470276, 52.08689021702963), (4.330501556396484, 52.086827588215556)]",5.0,0.0,2026-09-28 16:10:00,0.9
Traffic flow_4aec6c1e0605b23517e144a52a3a95feecebf9d3,"[(4.330276250839233, 52.08691329078108), (4.32985246181488, 52.08708139918154), (4.32936429977417, 52.08727917295951), (4.328972697257996, 52.08745057619141), (4.328672289848328, 52.087592312982004), (4.32811975479126, 52.08784282341787), (4.327819347381592, 52.08796478193686), (4.32761013507843, 52.088053778483605), (4.327513575553894, 52.0880933324474)]",20.0,0.0,2026-09-28 16:10:00,0.9
Traffic flow_d0f39e236a41954299012e985d74850925f9127a,"[(4.330501556396484, 52.086827588215556), (4.330469369888306, 52.08677484809343), (4.330340623855591, 52.08661003481002), (4.330286979675293, 52.08654740560272), (4.330206513404846, 52.08647159118155), (4.330077767372131, 52.08635622116306), (4.329981207847595, 52.08625733233839), (4.329847097396851, 52.086128776538715), (4.329407215118408, 52.0857332179092), (4.329251646995544, 52.08558158617159)]",20.0,0.0,2026-09-28 16:10:00,0.9
Traffic flow_65a2ef2fe954287a23f88fef6288bec6dd70a1d9,"[(4.327513575553894, 52.08821693835829), (4.329020977020264, 52.087621978764936), (4.329589605331421, 52.08741102165787), (4.330131411552429, 52.08720335978156), (4.330276250839233, 52.087150620103536), (4.330630302429199, 52.086995696938864)]",25.0,0.0,2026-09-28 16:10:00,0.9
Traffic flow_abbb0ceb5484a50c06325473d8002d253df1782d,"[(4.329090714454651, 52.08558158617159), (4.329192638397217, 52.085673883812355), (4.329310655593872, 52.0857694775962), (4.329482316970825, 52.085921108695395), (4.329637885093689, 52.08606944296781), (4.3297988176345825, 52.08625733233839), (4.330329895019531, 52.086992400695486), (4.330388903617859, 52.087101176598786)]",25.0,0.0,2026-09-28 16:10:00,0.9
Traffic flow_1f1177e1a651085f53db6285fb720394b7d5f395,"[(4.329745173454285, 52.08052799900445), (4.330233335494995, 52.08031041488865), (4.331531524658203, 52.07974337251208), (4.332218170166016, 52.07943017741362), (4.333012104034424, 52.078985106914445)]",0.0,0.0,2026-09-28 16:10:00,0.9
Traffic flow_f8c7a81e778cc69a673ac0cab4208d2734d1a2f3,"[(4.329734444618225, 52.08053129572533), (4.328559637069702, 52.081019207729334), (4.327813982963562, 52.08135546830323), (4.327588677406311, 52.08146096129456)]",10.0,0.0,2026-09-28 16:10:00,0.9
Traffic flow_d3c93b47646d10618a802c08974fc6bdf38f1816,"[(4.334680438041687, 52.08062030709678), (4.334401488304138, 52.08074887876438), (4.3338543176651, 52.08098953755707), (4.333634376525879, 52.08109173473406), (4.33336615562439, 52.081210415033034), (4.332931637763977, 52.08139173154712), (4.332808256149292, 52.08144777468428), (4.3319714069366455, 52.08180051516751), (4.331966042518616, 52.08180051516751), (4.331306219100952, 52.08209061740099), (4.331139922142029, 52.08216643926484), (4.331016540527344, 52.08221918483328), (4.330796599388123, 52.08232797237133), (4.3305981159210205, 52.08244005622411), (4.330415725708008, 52.082548843223805), (4.33035671710968, 52.082581808928936), (4.330152869224548, 52.08272356118355), (4.329927563667297, 52.082862016439464), (4.329680800437927, 52.08298728511043), (4.329257011413574, 52.08317189093204), (4.3288010358810425, 52.08336308901373), (4.32861864566803, 52.083442205221736), (4.328334331512451, 52.08355758277367)]",10.0,0.0,2026-09-28 16:10:00,0.9
Traffic flow_4b506f15e1fa958cb0ebf30b7e2c287f9c29a409,"[(4.330801963806152, 52.0845135567296), (4.33060884475708, 52.0844146638217), (4.330517649650574, 52.084381699470356), (4.3301475048065186, 52.08418391285104), (4.329831004142761, 52.08402897938698), (4.329460859298706, 52.08382789472732), (4.329090714454651, 52.08359384422838), (4.3288761377334595, 52.08342901919681), (4.3288010358810425, 52.08336308901373), (4.328484535217285, 52.083115849959775), (4.328328967094421, 52.08298069203125), (4.327937364578247, 52.08259829177237), (4.3275779485702515, 52.082304896249056), (4.327513575553894, 52.082248854188144)]",15.0,0.0,2026-09-28 16:10:00,0.9
Traffic flow_f0ea3740a2f6fa7812f97ceccbeb11c9423845c4,"[(4.327513575553894, 52.08556345625543), (4.327835440635681, 52.08545632478236), (4.328334331512451, 52.085294802998305), (4.328446984291077, 52.085255246553906), (4.32985246181488, 52.08481353054308), (4.330329895019531, 52.084668488511404)]",25.0,0.0,2026-09-28 16:10:00,0.9
Traffic flow_3c8253d927e45cf81beb6ff8db0671ca07cdf006,"[(4.328334331512451, 52.08355758277367), (4.32861864566803, 52.083442205221736), (4.3288010358810425, 52.08336308901373), (4.329257011413574, 52.08317189093204), (4.329680800437927, 52.08298728511043), (4.329927563667297, 52.082862016439464), (4.330152869224548, 52.08272356118355), (4.33035671710968, 52.082581808928936), (4.330415725708008, 52.082548843223805), (4.3305981159210205, 52.08244005622411), (4.330796599388123, 52.08232797237133), (4.331016540527344, 52.08221918483328), (4.331139922142029, 52.08216643926484), (4.331306219100952, 52.08209061740099), (4.3319714069366455, 52.08180051516751), (4.332808256149292, 52.08144777468428), (4.332931637763977, 52.08139173154712), (4.33336615562439, 52.081210415033034), (4.333634376525879, 52.08109173473406), (4.3338543176651, 52.08098953755707), (4.334401488304138, 52.08074887876438), (4.334685802459717, 52.08061701038248), (4.335050582885742, 52.08046865798716), (4.335447549819946, 52.08028733772325), (4.336193203926086, 52.079960959392054), (4.336557984352112, 52.07979282416884), (4.3370139598846436, 52.07957523646927), (4.337174892425537, 52.07949281660911), (4.337512850761414, 52.079331273241756), (4.338296055793762, 52.07896532590037), (4.338558912277222, 52.07884663963185), (4.338593780994415, 52.07883015540292)]",25.0,0.0,2026-09-28 16:10:00,0.9
Traffic flow_43c4b2b13f21fdab408c555f127b69807f505a46,"[(4.3300241231918335, 52.08453003885961), (4.329552054405212, 52.08469156341162), (4.329010248184204, 52.08494538652645), (4.328881502151489, 52.08501131437205), (4.328656196594238, 52.08510031680912), (4.328130483627319, 52.08526843203927), (4.32761549949646, 52.08544643571034), (4.327513575553894, 52.085485991985266)]",30.0,0.0,2026-09-28 16:10:00,0.9
Traffic flow_e323240ba98a845b062841bb6708ba81ff00583b,"[(4.327513575553894, 52.08265268511252), (4.327787160873413, 52.082894981913284), (4.328028559684753, 52.08310266383841), (4.3285006284713745, 52.0834883562783), (4.3287742137908936, 52.08369273895515), (4.328843951225281, 52.08372900030006), (4.329257011413574, 52.083966346557354), (4.32935893535614, 52.08402238646168), (4.329804182052612, 52.08425643471323), (4.330201148986816, 52.084480592451314), (4.330378174781799, 52.08456959594682), (4.330421090126038, 52.08458278163475), (4.330490827560425, 52.0846223386752), (4.330989718437195, 52.08487286578381), (4.331316947937012, 52.08504427825832), (4.331837296485901, 52.08533435940764), (4.331944584846497, 52.08539699031738), (4.332690238952637, 52.08587166382835), (4.332926273345947, 52.086036479838775), (4.333065748214722, 52.086125480231296), (4.333446621894836, 52.086389184055925), (4.334047436714172, 52.08685066199939), (4.334149360656738, 52.086933068272835)]",70.0,0.0,2026-09-28 16:10:00,0.9
Traffic flow_46954bab9967e70814ef7ac1dc29bf53c54a10c1,"[(4.334331750869751, 52.086933068272835), (4.3339455127716064, 52.086623219895095), (4.3335700035095215, 52.08632655453867), (4.333189129829407, 52.08606285034395), (4.332588315010071, 52.08567058747134), (4.332014322280884, 52.08531128483979), (4.331740736961365, 52.08515305891028), (4.33111846446991, 52.0848102341385), (4.330635666847229, 52.08457289236916), (4.330582022666931, 52.0845399281347), (4.330442547798157, 52.08446740673318), (4.33036744594574, 52.08442455312234), (4.330260157585144, 52.08436521728556), (4.329922199249268, 52.08419050575246), (4.32961642742157, 52.08404875815702), (4.329434037208557, 52.08395645715517), (4.329187273979187, 52.08382459824995), (4.328935146331787, 52.0836696635385), (4.328833222389221, 52.08359054773372), (4.32861864566803, 52.083442205221736), (4.328516721725464, 52.08335319947787), (4.328436255455017, 52.08329056569986), (4.328023195266724, 52.08292794736275), (4.3279266357421875, 52.082838940593305), (4.327513575553894, 52.08247961516377)]",75.0,0.0,2026-09-28 16:10:00,0.9
Traffic flow_a38422ca4449f93a2560fb17c556ee36f89f184e,"[(4.329970479011536, 52.076825627789354), (4.329718351364136, 52.076931131486816), (4.329482316970825, 52.07702344701754), (4.328929781913757, 52.07726412589643), (4.327513575553894, 52.07786252049878)]",10.0,0.0,2026-09-28 16:10:00,0.9
Traffic flow_8d91ec2377b9057154c3eb8950a4e4f6dbf87075,"[(4.327513575553894, 52.07479133586912), (4.327905178070068, 52.07511115775793), (4.3281251192092896, 52.07528260772405), (4.328323602676392, 52.07545735412734), (4.328436255455017, 52.07554307852793), (4.328570365905762, 52.075658476499555), (4.3291175365448, 52.076100283119416), (4.329326748847961, 52.076298105561854), (4.3293696641922, 52.076357452123645), (4.329412579536438, 52.076479442030674), (4.329439401626587, 52.07668055979821), (4.329439401626587, 52.076799251826024), (4.3294501304626465, 52.076894864618936), (4.329482316970825, 52.07702344701754), (4.329643249511719, 52.07735973769365)]",20.0,0.0,2026-09-28 16:10:00,0.9
Traffic flow_4bfd02801def07b3365a047e8ceb08b911dfee61,"[(4.327513575553894, 52.07786252049878), (4.328479170799255, 52.07745534928608)]",20.0,0.0,2026-09-28 16:10:00,0.9
Traffic flow_282481908daabf4f54a7472f570902d351d8a32e,"[(4.3294501304626465, 52.076894864618936), (4.328838586807251, 52.07717510783217), (4.328328967094421, 52.077376222465574), (4.327953457832336, 52.077511397365754), (4.327754974365234, 52.077590523946654), (4.327513575553894, 52.07769272890607)]",20.0,0.0,2026-09-28 16:10:00,0.9
Traffic flow_5b4915a14fe891c7d33af6298e5a3a96137b91a2,"[(4.334181547164917, 52.07994117881043), (4.334079623222351, 52.079855462855434), (4.333886504173279, 52.07972688861432), (4.333779215812683, 52.079660952962385), (4.3336182832717896, 52.07956864288605), (4.333441257476807, 52.079476332618825), (4.333242774009705, 52.07938402216069), (4.3328940868377686, 52.0792026974907), (4.332765340805054, 52.07912357376752), (4.332647323608398, 52.07902137208415), (4.332513213157654, 52.07891257648665), (4.332400560379028, 52.078813671167914), (4.332287907600403, 52.07872795304774), (4.332175254821777, 52.078662015920216), (4.331982135772705, 52.07855651631357), (4.331665635108948, 52.07843453208257), (4.3315476179122925, 52.07839167267903), (4.331338405609131, 52.07832903193829), (4.331086277961731, 52.07824331288746), (4.33085024356842, 52.07819056262052), (4.330662488937378, 52.078134515393586), (4.330533742904663, 52.07808506189962), (4.330394268035889, 52.07802242072862), (4.330260157585144, 52.07793999800126), (4.330136775970459, 52.07784768436595), (4.3300241231918335, 52.07772240126982), (4.329938292503357, 52.07762019637834), (4.3298739194869995, 52.07753117902413), (4.329755902290344, 52.077247641083105), (4.329718351364136, 52.07705641680368)]",30.0,0.0,2026-09-28 16:10:00,0.9
Traffic flow_211fba3a0cb22ef6cd2086841c1429a623e9ecb6,"[(4.328479170799255, 52.07745534928608), (4.328929781913757, 52.07726412589643), (4.329482316970825, 52.07702344701754), (4.329718351364136, 52.076931131486816), (4.329991936683655, 52.076812439809636), (4.330437183380127, 52.07663110469348), (4.330984354019165, 52.076416798606544), (4.331236481666565, 52.076311293693514), (4.331381320953369, 52.076255244107045), (4.331499338150024, 52.076205788531134), (4.331987500190735, 52.076017856843), (4.332336187362671, 52.07587278622689), (4.332464933395386, 52.0758068448819), (4.333199858665466, 52.07549032507013), (4.33386504650116, 52.07522985395845)]",30.0,0.0,2026-09-28 16:10:00,0.9
Traffic flow_aa78e965b09cd80f39d69656b6598cb5d1638542,"[(4.327513575553894, 52.078033959898306), (4.328495264053345, 52.07758063313172), (4.329010248184204, 52.07734654987173), (4.329192638397217, 52.0772740167815), (4.329530596733093, 52.07712895024748), (4.329718351364136, 52.07705641680368)]",30.0,0.0,2026-09-28 16:10:00,0.9
Traffic flow_fdca6fba2a49a0844fc163fdd84f6d67ac5c1014,"[(4.329643249511719, 52.07735973769365), (4.32985782623291, 52.07782790284783), (4.329922199249268, 52.07792351343753), (4.329986572265625, 52.07798615474733), (4.330067038536072, 52.078042202160546), (4.330185055732727, 52.07809824950337), (4.330303072929382, 52.07814440608581), (4.330512285232544, 52.07821034397792), (4.331011176109314, 52.07834221946996), (4.331231117248535, 52.07841145394732), (4.331531524658203, 52.078483985189365), (4.331767559051514, 52.07857629750882), (4.331923127174377, 52.07864882848302), (4.332185983657837, 52.07879389007786), (4.332330822944641, 52.07887960807142), (4.332416653633118, 52.07893565436283), (4.332529306411743, 52.079041153073376), (4.332679510116577, 52.079153245180144)]",35.0,0.0,2026-09-28 16:10:00,0.9
Traffic flow_c3a0091aeeec57b526cf9b17b3b4bd955ad3ad23,"[(4.329718351364136, 52.07705641680368), (4.329718351364136, 52.076931131486816), (4.329664707183838, 52.076690450812585), (4.329584240913391, 52.07650252116477), (4.329509139060974, 52.076377234293375), (4.329423308372498, 52.076251947070354), (4.329316020011902, 52.0761200654031), (4.329203367233276, 52.07601455978879), (4.329090714454651, 52.07591894511042), (4.328645467758179, 52.07557604940741), (4.328543543815613, 52.075493622163066), (4.3282270431518555, 52.07525293373856), (4.328146576881409, 52.0752001799379), (4.327781796455383, 52.07490343864764), (4.327513575553894, 52.074694069994976)]",45.0,0.0,2026-09-28 16:10:00,0.9
Traffic flow_e7200f40da9cd37818c911d105e8f5bdc0ab88ec,"[(4.33384895324707, 52.07523644818256), (4.333199858665466, 52.07549032507013), (4.332464933395386, 52.0758068448819), (4.332336187362671, 52.07587278622689), (4.331987500190735, 52.076017856843), (4.331499338150024, 52.076205788531134), (4.331381320953369, 52.076255244107045), (4.331236481666565, 52.076311293693514), (4.330984354019165, 52.076416798606544), (4.3303245306015015, 52.076677262792934), (4.329991936683655, 52.076812439809636), (4.329970479011536, 52.076825627789354)]",55.0,0.0,2026-09-28 16:10:00,0.9
Traffic flow_119cab9ed297f0a115930b39eb083656e0eed984,"[(4.327513575553894, 52.070466921192434), (4.3275511264801025, 52.07051143693492), (4.3277013301849365, 52.070666417321824), (4.328178763389587, 52.071108273344144), (4.328216314315796, 52.071147842326845), (4.32837188243866, 52.0712962256997), (4.328479170799255, 52.07140833725437)]",5.0,0.0,2026-09-28 16:10:00,0.9
Traffic flow_363474e613399a266eebf3df80e2b1ff91b0d410,"[(4.329908788204193, 52.073429594346955), (4.32985782623291, 52.073297704342), (4.329535961151123, 52.07259868081108), (4.329294562339783, 52.07200186432427), (4.329230189323425, 52.071856780657996), (4.329144358634949, 52.07173477811918), (4.329015612602234, 52.071602883107616), (4.3288010358810425, 52.071401742464815), (4.328704476356506, 52.07130611790702)]",10.0,0.0,2026-09-28 16:10:00,0.9
Traffic flow_9d1e873020afea2d4ed322b93b21a8880faf2ff1,"[(4.328704476356506, 52.07130611790702), (4.32861864566803, 52.07122368277903), (4.328318238258362, 52.0709631867742), (4.328087568283081, 52.07079172022009), (4.327964186668396, 52.07069279690858), (4.327803254127502, 52.070547708988585), (4.327513575553894, 52.07022290818593)]",20.0,0.0,2026-09-28 16:10:00,0.9
Traffic flow_233d01c7c73f0ad95d857dae697281a3096657ac,"[(4.328479170799255, 52.07140833725437), (4.328554272651672, 52.07150066420566)]",30.0,0.0,2026-09-28 16:10:00,0.9
Traffic flow_3870a4996b16e3fdef524600c42f0db749d3d72f,"[(4.3288010358810425, 52.071401742464815), (4.329047799110413, 52.07130282050482), (4.329380393028259, 52.07115773456705), (4.329761266708374, 52.07100275588548), (4.330018758773804, 52.07089394074507), (4.3303728103637695, 52.07074885347868), (4.330657124519348, 52.07064663262153), (4.330962896347046, 52.070547708988585), (4.331241846084595, 52.0704751648518), (4.331488609313965, 52.0704191079381), (4.3319714069366455, 52.070339968646), (4.332175254821777, 52.070320183801066), (4.332818984985352, 52.07022785440877)]",40.0,0.0,2026-09-28 16:10:00,0.9
Traffic flow_1c5c29d3d3f3fadbe1c2ebfbb413001148c95abc,"[(4.328473806381226, 52.07140503985971), (4.327932000160217, 52.07162266738418), (4.327647686004639, 52.07175785970615), (4.327513575553894, 52.07182545571363)]",55.0,0.0,2026-09-28 16:10:00,0.9
