segment_id,geometry,current_speed,freeflow_speed,timestamp,quality
Traffic flow_4b1e698b5944f50b8608b52d1b885792952c4a62,"[(-1.5703046321868896, 53.802770302926056), (-1.571044921875, 53.802491513917516), (-1.571345329284668, 53.80239013563666), (-1.571967601776123, 53.80220638687783), (-1.5724074840545654, 53.80208283122517), (-1.5738987922668457, 53.8018135420028), (-1.5743869543075562, 53.80171533020896), (-1.5746980905532837, 53.80162662258455), (-1.5748107433319092, 53.80158860497379), (-1.5748590230941772, 53.80157593242921)]",10.0,0.0,2026-09-28 16:10:00,0.9
Traffic flow_af7a9fdfced868e0ac77c0da891eb08764a2df83,"[(-1.573818325996399, 53.80182621447557), (-1.5724074840545654, 53.80208283122517), (-1.571967601776123, 53.80220638687783), (-1.571345329284668, 53.80239013563666), (-1.571044921875, 53.802491513917516), (-1.5702778100967407, 53.802779807064134), (-1.569945216178894, 53.80291128075311)]",30.0,0.0,2026-09-28 16:10:00,0.9
Traffic flow_b7e983b1b277ae97e76778926046eb3ab9b56ae3,"[(-1.5702778100967407, 53.802779807064134), (-1.5701597929000854, 53.80272911830286), (-1.5699881315231323, 53.80268793363919), (-1.569945216178894, 53.802683181560006)]",30.0,0.0,2026-09-28 16:10:00,0.9
Traffic flow_37959ec3a0d96a914a1a09d339dbe0e81e60b89d,"[(-1.5754759311676025, 53.80335005140617), (-1.5752989053726196, 53.803419747405), (-1.5749931335449219, 53.80355597106821), (-1.574891209602356, 53.80360665882991), (-1.5746712684631348, 53.803704866193826), (-1.574338674545288, 53.80386643264687), (-1.5742582082748413, 53.8039107841133), (-1.573941707611084, 53.80405651002985), (-1.5734803676605225, 53.80428143381989), (-1.5730243921279907, 53.80449368474055), (-1.5728741884231567, 53.804572882570014), (-1.572466492652893, 53.80476929254152), (-1.5719568729400635, 53.80500688401929), (-1.5712970495224, 53.80527615273312), (-1.5710073709487915, 53.80538702758322), (-1.5708625316619873, 53.80543771313133), (-1.570696234703064, 53.805510573499376), (-1.5704494714736938, 53.805608776403794), (-1.5699559450149536, 53.805849530938175), (-1.569945216178894, 53.80585586656515)]",40.0,0.0,2026-09-28 16:10:00,0.9
Traffic flow_ab348d8c466c72d0de7cc61c192a8f00e21ad68f,"[(-1.569945216178894, 53.80604593492911), (-1.5701168775558472, 53.80596673988217), (-1.5705138444900513, 53.80579567807026), (-1.570717692375183, 53.80569747560363), (-1.570996642112732, 53.805567594568664), (-1.5714526176452637, 53.805374356186626), (-1.5724074840545654, 53.80491501547421), (-1.5727615356445312, 53.8047534530618), (-1.5729492902755737, 53.80465841605779), (-1.5733355283737183, 53.80448418099097), (-1.573367714881897, 53.804471509321495)]",45.0,0.0,2026-09-28 16:10:00,0.9
Traffic flow_3be7c3df21a3afc2579994f3a7d076fcd2456e38,"[(-1.575813889503479, 53.79701356751028), (-1.5756958723068237, 53.797004062065234), (-1.5754061937332153, 53.79708010556525), (-1.575137972831726, 53.79715931739781), (-1.5747570991516113, 53.797301898319404), (-1.5744513273239136, 53.797425468059345), (-1.574317216873169, 53.79748250012421), (-1.573818325996399, 53.79765676428631), (-1.5736198425292969, 53.797713796036625), (-1.5729010105133057, 53.79795459590516), (-1.5721714496612549, 53.79818588921387), (-1.5712004899978638, 53.79852490586802), (-1.5702563524246216, 53.79887342480506), (-1.569945216178894, 53.798995405748734)]",35.0,0.0,2026-09-28 16:10:00,0.9
Traffic flow_e58438beefb109061ccbb5d14924c58a2987bfd3,"[(-1.569945216178894, 53.798477380334006), (-1.570347547531128, 53.79836965559085), (-1.5704065561294556, 53.798350645313334), (-1.5719622373580933, 53.79773597502969), (-1.5725147724151611, 53.79751101612756), (-1.5727347135543823, 53.79741596270766), (-1.572965383529663, 53.797320909072326), (-1.573115587234497, 53.79728288755786), (-1.5732228755950928, 53.79726704525), (-1.5733301639556885, 53.79728288755786), (-1.5734803676605225, 53.79733358290282), (-1.5736466646194458, 53.79738427818649), (-1.5737217664718628, 53.79741596270766)]",35.0,0.0,2026-09-28 16:10:00,0.9
Traffic flow_2c9f27c34752fa5108725f01399fd34cef5edbe6,"[(-1.569945216178894, 53.79910154472274), (-1.5704923868179321, 53.798882929826405), (-1.5708732604980469, 53.79874669098126), (-1.5711522102355957, 53.7986421352883), (-1.5722787380218506, 53.79825876218384), (-1.5727990865707397, 53.798084500523245), (-1.5738826990127563, 53.79774231188271), (-1.5743976831436157, 53.79759973245843), (-1.574563980102539, 53.797545868994206), (-1.575239896774292, 53.79729556139984), (-1.5754061937332153, 53.797229023686704), (-1.5757602453231812, 53.79706743165815), (-1.575813889503479, 53.79701356751028)]",40.0,0.0,2026-09-28 16:10:00,0.9
Traffic flow_61639d3ed16230550571b6b666ae0af5b51fb1c6,"[(-1.5737217664718628, 53.79741596270766), (-1.5736466646194458, 53.79738427818649), (-1.5734803676605225, 53.79733358290282), (-1.5733301639556885, 53.79728288755786), (-1.5732228755950928, 53.79726704525), (-1.573115587234497, 53.79728288755786), (-1.572965383529663, 53.797320909072326), (-1.5727347135543823, 53.79741596270766), (-1.5725147724151611, 53.79751101612756), (-1.5719622373580933, 53.79773597502969), (-1.5704065561294556, 53.798350645313334), (-1.570347547531128, 53.79836965559085), (-1.569945216178894, 53.798477380334006)]",40.0,0.0,2026-09-28 16:10:00,0.9
Traffic flow_2a3e34f4a3711623872adf73cf87c6433a7afca1,"[(-1.559007167816162, 53.808089115421545), (-1.558958888053894, 53.80805110367027)]",0.0,0.0,2026-09-28 16:10:00,0.9
Traffic flow_a161c81c3085caa8554a6a6ca9aa8c6c8a3d2b02,"[(-1.5637171268463135, 53.808244329714846), (-1.563078761100769, 53.80743657557544), (-1.5629339218139648, 53.80724651351607), (-1.5627354383468628, 53.807018437907416), (-1.5626120567321777, 53.80689489643464), (-1.5624940395355225, 53.80677135459783), (-1.5622097253799438, 53.80648942442736)]",5.0,0.0,2026-09-28 16:10:00,0.9
Traffic flow_ee80c9abbc55ba9b3d0b19fb10f250b62c9b4951,"[(-1.567375659942627, 53.8105471354909), (-1.5670108795166016, 53.810597814800595), (-1.5665334463119507, 53.81064849404899), (-1.5661203861236572, 53.81070867557689), (-1.5659701824188232, 53.81073401514174), (-1.5658682584762573, 53.810759354691264)]",15.0,0.0,2026-09-28 16:10:00,0.9
Traffic flow_add6e5d05481f7f8d2ffafce762f52fe89cfa1ae,"[(-1.558958888053894, 53.80812712713835), (-1.559007167816162, 53.808089115421545), (-1.5591305494308472, 53.80799725363032), (-1.5592807531356812, 53.80787688270264), (-1.559586524963379, 53.80764564284553), (-1.559758186340332, 53.807506264781324), (-1.5600693225860596, 53.80726868746739), (-1.560380458831787, 53.80703744425552), (-1.5605950355529785, 53.80686955454908), (-1.5608203411102295, 53.80670166417029), (-1.5608900785446167, 53.80664147688965), (-1.5610778331756592, 53.80650209548695), (-1.5610939264297485, 53.80648942442736)]",25.0,0.0,2026-09-28 16:10:00,0.9
Traffic flow_01ac31520bdbf98136d2921a26360438d3de71a3,"[(-1.5634328126907349, 53.80788005036306), (-1.563727855682373, 53.80825066497991), (-1.5651601552963257, 53.809945314004516), (-1.5658682584762573, 53.810759354691264), (-1.5657663345336914, 53.81080686630535), (-1.5657395124435425, 53.8108163686217), (-1.5655356645584106, 53.81090505680378), (-1.5652996301651, 53.810993744798246), (-1.5648061037063599, 53.81115528316311), (-1.563679575920105, 53.811500529738225), (-1.5635615587234497, 53.811544873128966), (-1.5630733966827393, 53.81175075254285), (-1.5624672174453735, 53.812010475899406), (-1.5623867511749268, 53.81204214936938), (-1.5603750944137573, 53.81262176964326), (-1.559908390045166, 53.81274529423929), (-1.559833288192749, 53.812761130699634), (-1.5595543384552002, 53.812789636313184)]",25.0,0.0,2026-09-28 16:10:00,0.9
Traffic flow_a6d8e41cddd52a4943da1d761e19182eb086ef4a,"[(-1.5658897161483765, 53.810753019805325), (-1.5659701824188232, 53.81073401514174), (-1.566377878189087, 53.810670666200906), (-1.5665334463119507, 53.81064849404899), (-1.5670108795166016, 53.810597814800595), (-1.567375659942627, 53.8105471354909), (-1.5674829483032227, 53.81054080057289), (-1.5680623054504395, 53.810464781482), (-1.5684163570404053, 53.810423604416876), (-1.5692800283432007, 53.81031274288663), (-1.5696823596954346, 53.810249393309135), (-1.569821834564209, 53.81022088596803), (-1.5701007843017578, 53.810176541176666), (-1.5703314542770386, 53.8101353638284), (-1.5712487697601318, 53.80995798401958), (-1.5715974569320679, 53.80994214650014), (-1.5717262029647827, 53.809948481508634), (-1.5720266103744507, 53.80994214650014), (-1.572144627571106, 53.809945314004516)]",25.0,0.0,2026-09-28 16:10:00,0.9
Traffic flow_8e67b5345db77ca6a8b076e46e2b0f55aba2428e,"[(-1.5609732270240784, 53.80648942442736), (-1.560831069946289, 53.80659079279683), (-1.5602892637252808, 53.807005767003886), (-1.5601122379302979, 53.80713247586684), (-1.5597206354141235, 53.80744607865579), (-1.558958888053894, 53.80802576248362)]",30.0,0.0,2026-09-28 16:10:00,0.9
Traffic flow_cd23ea53516ef40dc88a12fdd5c482f422fe1037,"[(-1.558958888053894, 53.80805110367027), (-1.559007167816162, 53.808089115421545)]",30.0,0.0,2026-09-28 16:10:00,0.9
Traffic flow_73f235fafec08388c0643a3177f0ae7e99bf6973,"[(-1.5658682584762573, 53.810759354691264), (-1.5651601552963257, 53.809945314004516), (-1.563727855682373, 53.80825066497991), (-1.5637171268463135, 53.808244329714846)]",30.0,0.0,2026-09-28 16:10:00,0.9
Traffic flow_daccbe652df52f547cebe92278ae3063cd99fdc8,"[(-1.5667909383773804, 53.811649396650076), (-1.5663135051727295, 53.811243970628134), (-1.5660613775253296, 53.810984242522096), (-1.5658682584762573, 53.810759354691264)]",30.0,0.0,2026-09-28 16:10:00,0.9
Traffic flow_561a2fcf1c14f8efe37ce845432c1fab4f054734,"[(-1.5595543384552002, 53.812789636313184), (-1.559833288192749, 53.812761130699634), (-1.559908390045166, 53.81274529423929), (-1.5604448318481445, 53.81260276582693), (-1.5623867511749268, 53.81204214936938), (-1.5625208616256714, 53.811988304456186), (-1.5630733966827393, 53.81175075254285), (-1.5635615587234497, 53.811544873128966), (-1.563679575920105, 53.811500529738225), (-1.5648061037063599, 53.81115528316311), (-1.5652996301651, 53.810993744798246), (-1.5655356645584106, 53.81090505680378), (-1.5657395124435425, 53.8108163686217), (-1.5657663345336914, 53.81080686630535), (-1.5658682584762573, 53.810759354691264)]",35.0,0.0,2026-09-28 16:10:00,0.9
Traffic flow_11156a25e4278ee155906f41f9de95a7bbb1bdfb,"[(-1.5703046321868896, 53.802770302926056), (-1.571044921875, 53.802491513917516), (-1.5713399648666382, 53.80239013563666), (-1.5719622373580933, 53.80220638687783), (-1.572144627571106, 53.802155697423345)]",10.0,0.0,2026-09-28 16:10:00,0.9
Traffic flow_c1dc018788655066868e0930f858a57caac69ec2,"[(-1.56005859375, 53.800555780026905), (-1.5604501962661743, 53.801113381930904), (-1.5604931116104126, 53.8011925861454), (-1.5605199337005615, 53.80128129468802), (-1.5605145692825317, 53.801363666738126), (-1.5604233741760254, 53.80151573779014), (-1.5604019165039062, 53.80168364893607), (-1.5604287385940552, 53.80178502892506), (-1.5606272220611572, 53.80209867171381), (-1.5607291460037231, 53.80221272305533), (-1.5607988834381104, 53.80231093368417)]",15.0,0.0,2026-09-28 16:10:00,0.9
Traffic flow_42846473c95257e310cb80cca58481c0df598f7e,"[(-1.5686362981796265, 53.80132564888895), (-1.5687543153762817, 53.801810373884), (-1.568748950958252, 53.80187690432835), (-1.5687328577041626, 53.80189591300736), (-1.5687006711959839, 53.80191808978862), (-1.5685290098190308, 53.80196877953035)]",15.0,0.0,2026-09-28 16:10:00,0.9
Traffic flow_f5ae7659716c1496b6bc2dc8e81d9dd2777089c2,"[(-1.5590527653694153, 53.80778818811371), (-1.5589910745620728, 53.80772483472102), (-1.558958888053894, 53.80769315798877)]",20.0,0.0,2026-09-28 16:10:00,0.9
Traffic flow_25da257f7efdfdd3c75fdb5c2e4f118919aabe3d,"[(-1.558958888053894, 53.80470276668647), (-1.5593236684799194, 53.804633072820344), (-1.5598064661026, 53.80455387510458), (-1.5602892637252808, 53.804439830131074), (-1.5605413913726807, 53.804335288632835), (-1.560659408569336, 53.804275097955), (-1.5608203411102295, 53.804157884281764), (-1.5609276294708252, 53.80402799847733), (-1.5610027313232422, 53.80386960061031), (-1.56105637550354, 53.803727042018366), (-1.5610992908477783, 53.80353696314177), (-1.561104655265808, 53.80339123541949), (-1.5610456466674805, 53.802979393466025), (-1.5609705448150635, 53.80265308504604), (-1.5607935190200806, 53.80229826135789), (-1.5607291460037231, 53.80221272305533), (-1.5606272220611572, 53.80209867171381), (-1.5604287385940552, 53.80178502892506), (-1.5604019165039062, 53.80168364893607), (-1.5604233741760254, 53.80151573779014), (-1.5605145692825317, 53.801363666738126), (-1.5605199337005615, 53.80128129468802), (-1.5604931116104126, 53.8011925861454), (-1.5604501962661743, 53.801113381930904), (-1.5601551532745361, 53.800688844791225), (-1.5598171949386597, 53.800210443311535), (-1.5596777200698853, 53.80000133896391)]",25.0,0.0,2026-09-28 16:10:00,0.9
Traffic flow_0cb04229ad45329e95b975adfa47f78195737df7,"[(-1.563604474067688, 53.800600134995264), (-1.5641409158706665, 53.80055894824049), (-1.5646398067474365, 53.800555780026905), (-1.5650314092636108, 53.800609639625236), (-1.565229892730713, 53.8006254806704), (-1.5658682584762573, 53.8007015176039), (-1.5660667419433594, 53.80073953601894), (-1.5662330389022827, 53.80078389079293), (-1.566603183746338, 53.800907450273066), (-1.5670967102050781, 53.801167240813044), (-1.5672200918197632, 53.80123694044017), (-1.5673863887786865, 53.80132564888895), (-1.5679603815078735, 53.801655135770005), (-1.568099856376648, 53.801734338961204), (-1.5685290098190308, 53.80196877953035), (-1.568974256515503, 53.802219059231874), (-1.569473147392273, 53.802523194580026), (-1.5696287155151367, 53.80258655583322), (-1.569773554801941, 53.80263407671029), (-1.5698754787445068, 53.802675261426856), (-1.5699881315231323, 53.80268793363919), (-1.5701597929000854, 53.80272911830286), (-1.5702778100967407, 53.802779807064134)]",25.0,0.0,2026-09-28 16:10:00,0.9
Traffic flow_5058b36920fee757b3fad198840683929406dfad,"[(-1.572144627571106, 53.802155697423345), (-1.5719622373580933, 53.80220638687783), (-1.5713399648666382, 53.80239013563666), (-1.571044921875, 53.802491513917516), (-1.5702778100967407, 53.802779807064134), (-1.5698057413101196, 53.80296672134177), (-1.5692263841629028, 53.803191650977986), (-1.56879723072052, 53.80341024341199), (-1.568271517753601, 53.80373971391283), (-1.5680891275405884, 53.80384742486118), (-1.5665549039840698, 53.80481997883643), (-1.5645593404769897, 53.805840027495925), (-1.5643393993377686, 53.80595406866078), (-1.56380295753479, 53.806204324574175), (-1.5637493133544922, 53.806245505783885), (-1.5636634826660156, 53.80634687474311), (-1.5632075071334839, 53.80679669654275), (-1.563078761100769, 53.80692657377006), (-1.5628641843795776, 53.80710079868701), (-1.5626442432403564, 53.80722750726274), (-1.5624994039535522, 53.807300364520366), (-1.562333106994629, 53.80736688625372), (-1.5620219707489014, 53.80743974326913), (-1.5597957372665405, 53.807670984261954), (-1.5597045421600342, 53.80767415193794), (-1.559607982635498, 53.80766781658574), (-1.5592163801193237, 53.80761713373373), (-1.5589964389801025, 53.80762663677315), (-1.558958888053894, 53.80762980445248)]",30.0,0.0,2026-09-28 16:10:00,0.9
Traffic flow_85dbf3e492d1df5ec46bdd9ef3aa08459b845d3f,"[(-1.5592163801193237, 53.80761713373373), (-1.559334397315979, 53.80755378008254), (-1.5594148635864258, 53.80751576784587), (-1.5595704317092896, 53.807465084810026), (-1.5596294403076172, 53.80743974326913), (-1.5598064661026, 53.80737638934986), (-1.5599942207336426, 53.80732887384759), (-1.5602892637252808, 53.807281358291455), (-1.5611743927001953, 53.80723384268147), (-1.5613031387329102, 53.807214836422396), (-1.5614533424377441, 53.80717048845104), (-1.5615230798721313, 53.80714197901612), (-1.5616196393966675, 53.807091295528394)]",30.0,0.0,2026-09-28 16:10:00,0.9
Traffic flow_acd1e395c519d30db15e8032b1d517143a3b49bd,"[(-1.558958888053894, 53.80762980445248), (-1.5589964389801025, 53.80762663677315), (-1.5592163801193237, 53.80761713373373)]",35.0,0.0,2026-09-28 16:10:00,0.9
Traffic flow_bfcf8cdd5c99474caa3f48122dd623f0cbe6c950,"[(-1.5689098834991455, 53.80218421024903), (-1.5685290098190308, 53.80196877953035), (-1.568099856376648, 53.801734338961204), (-1.5673863887786865, 53.80132564888895), (-1.5672200918197632, 53.80123694044017), (-1.5670967102050781, 53.801167240813044), (-1.566603183746338, 53.800907450273066), (-1.5662330389022827, 53.80078389079293), (-1.5660667419433594, 53.80073953601894), (-1.5658682584762573, 53.8007015176039), (-1.565229892730713, 53.8006254806704), (-1.5650314092636108, 53.800609639625236), (-1.5646398067474365, 53.800555780026905), (-1.5641409158706665, 53.80055894824049), (-1.563604474067688, 53.800600134995264), (-1.5645432472229004, 53.80181987823966), (-1.5655356645584106, 53.8030807703222), (-1.5655732154846191, 53.80313779469608), (-1.565600037574768, 53.80319481899241), (-1.5656214952468872, 53.80326768325819), (-1.5656429529190063, 53.80338806741989), (-1.5656375885009766, 53.80348627529582), (-1.565600037574768, 53.80360665882991), (-1.5655410289764404, 53.80372387404415), (-1.5654981136322021, 53.803784065513305), (-1.565401554107666, 53.80389811227053), (-1.565326452255249, 53.80397097531414), (-1.5652191638946533, 53.80405334208052), (-1.5650153160095215, 53.80418639574595), (-1.5647953748703003, 53.804316281059684), (-1.5646398067474365, 53.804411318839215), (-1.5643233060836792, 53.804623569102354), (-1.5639907121658325, 53.80488650450549), (-1.5636205673217773, 53.80523497057126), (-1.5632987022399902, 53.805643622540394), (-1.5629178285598755, 53.80614413657954), (-1.5627944469451904, 53.806270848046665), (-1.5625154972076416, 53.806498927722416), (-1.5622365474700928, 53.806714335165736), (-1.5620863437652588, 53.806818870731995), (-1.5616196393966675, 53.807091295528394)]",35.0,0.0,2026-09-28 16:10:00,0.9
Traffic flow_5ea81c9a5af265b2f3dfca68456e7ba19d64028f,"[(-1.572144627571106, 53.80491818335842), (-1.5719515085220337, 53.80500688401929), (-1.5712916851043701, 53.80527615273312), (-1.5710073709487915, 53.80538702758322), (-1.5708625316619873, 53.80543771313133), (-1.570696234703064, 53.805510573499376), (-1.5704494714736938, 53.805608776403794), (-1.5699559450149536, 53.805849530938175), (-1.5696930885314941, 53.80598574670709), (-1.5692800283432007, 53.80621382793385), (-1.568824052810669, 53.80642606907198), (-1.5686041116714478, 53.806521102069155), (-1.568148136138916, 53.80669532867113), (-1.5663188695907593, 53.807316203037885), (-1.5661096572875977, 53.80740489862538), (-1.5657556056976318, 53.8075442770266), (-1.5652728080749512, 53.80776284676813), (-1.5652191638946533, 53.80778818811371)]",40.0,0.0,2026-09-28 16:10:00,0.9
Traffic flow_4a242e76d4caf7204ee5556b176f0da209804a90,"[(-1.5607988834381104, 53.80231093368417), (-1.5609705448150635, 53.80265308504604), (-1.5610456466674805, 53.802979393466025), (-1.561104655265808, 53.80339123541949), (-1.5610992908477783, 53.80353696314177), (-1.56105637550354, 53.803727042018366), (-1.5610027313232422, 53.80386960061031), (-1.5609276294708252, 53.80402799847733), (-1.5608203411102295, 53.804157884281764), (-1.560659408569336, 53.804275097955), (-1.5605413913726807, 53.804335288632835), (-1.5602892637252808, 53.804439830131074), (-1.5598064661026, 53.80455387510458), (-1.5593236684799194, 53.804633072820344), (-1.558958888053894, 53.80470276668647)]",40.0,0.0,2026-09-28 16:10:00,0.9
Traffic flow_817c53bcad9ab81fd7a357fefd722ceb7acff6c6,"[(-1.5660077333450317, 53.80778818811371), (-1.5663725137710571, 53.80762346909358), (-1.5665066242218018, 53.80756645082043), (-1.5669357776641846, 53.80737638934986), (-1.5677082538604736, 53.807053282872374), (-1.567922830581665, 53.80695825108155), (-1.5689259767532349, 53.80650209548695), (-1.5696072578430176, 53.80620115678714), (-1.5701168775558472, 53.80596673988217), (-1.5705138444900513, 53.80579567807026), (-1.570717692375183, 53.80569747560363), (-1.570996642112732, 53.805567594568664), (-1.5711414813995361, 53.80550740565993), (-1.5714472532272339, 53.805374356186626), (-1.572144627571106, 53.80504014671873)]",45.0,0.0,2026-09-28 16:10:00,0.9
Traffic flow_b726cd7f4df48b51f8afc12b2fecf1a2a80d25c3,"[(-1.5665173530578613, 53.800733199618826), (-1.566377878189087, 53.800799731772265), (-1.5661954879760742, 53.80089794571059), (-1.5660560131072998, 53.800999327599214), (-1.5659701824188232, 53.80107853202913), (-1.5658199787139893, 53.80125911756995)]",5.0,0.0,2026-09-28 16:10:00,0.9
Traffic flow_6f09db74f29e13479c642290dd9da5bb4eee0c96,"[(-1.5685343742370605, 53.79975104602528), (-1.5684270858764648, 53.79979540184483), (-1.5682768821716309, 53.799865103752204), (-1.5679603815078735, 53.80003302150784), (-1.5677940845489502, 53.80011539601005), (-1.5676599740982056, 53.800169256174016), (-1.5673434734344482, 53.80030232216486), (-1.566603183746338, 53.800596966784795), (-1.5665227174758911, 53.8006254806704), (-1.5664368867874146, 53.80065082633022), (-1.5663456916809082, 53.80066666735983), (-1.566249132156372, 53.80067300376999), (-1.566152572631836, 53.80067300376999), (-1.5660828351974487, 53.800663499154375), (-1.5659701824188232, 53.80063498529463), (-1.565878987312317, 53.800600134995264), (-1.565750241279602, 53.80054310717019), (-1.5656805038452148, 53.80050508857706), (-1.5656054019927979, 53.800479742829154)]",15.0,0.0,2026-09-28 16:10:00,0.9
Traffic flow_ebe137555316be3b410b588bc3229fa09267b19b,"[(-1.5618449449539185, 53.7966175054749), (-1.5618985891342163, 53.79652561854816), (-1.5619200468063354, 53.79648442779151), (-1.561930775642395, 53.79640204615685), (-1.5618985891342163, 53.79633233849343), (-1.5618503093719482, 53.79628481047467), (-1.5617752075195312, 53.79622777678107), (-1.5616732835769653, 53.796183417187976), (-1.5614908933639526, 53.79612321480801)]",15.0,0.0,2026-09-28 16:10:00,0.9
Traffic flow_cd6d88c09194a195f331583c1c4c5742c7c6c4e2,"[(-1.5623492002487183, 53.79845203336051), (-1.5623384714126587, 53.79838866585975), (-1.5623009204864502, 53.7983157931155), (-1.5622526407241821, 53.7982809408887), (-1.562129259109497, 53.798182720820996), (-1.561759114265442, 53.797897564482305), (-1.5613782405853271, 53.79759656402127), (-1.561329960823059, 53.79756487963654), (-1.5612602233886719, 53.79751101612756), (-1.5612280368804932, 53.79747616323194), (-1.5611958503723145, 53.7974476472049), (-1.5611636638641357, 53.79739061509263), (-1.5611529350280762, 53.797311403696945), (-1.5611529350280762, 53.79725753986241), (-1.561179757118225, 53.79715298045671)]",20.0,0.0,2026-09-28 16:10:00,0.9
Traffic flow_39ce36eb70d7769ffeab04c331af7ddab63fe6af,"[(-1.558958888053894, 53.797032578393896), (-1.559012532234192, 53.79705792622532), (-1.5592968463897705, 53.7971878336209), (-1.5595275163650513, 53.797320909072326)]",20.0,0.0,2026-09-28 16:10:00,0.9
Traffic flow_583e090cdf88a865ae8edb911ec629438444bd97,"[(-1.5600371360778809, 53.79766626958341), (-1.560257077217102, 53.79763141681683), (-1.560632586479187, 53.7975046792396), (-1.5607237815856934, 53.797457152549406), (-1.560884714126587, 53.79735576209696), (-1.561179757118225, 53.79715298045671)]",25.0,0.0,2026-09-28 16:10:00,0.9
Traffic flow_ee90d30526ef80eb1bb1eff8f669b63301a7d1ee,"[(-1.5626388788223267, 53.79873084922635), (-1.5627461671829224, 53.79879738455674), (-1.562853455543518, 53.798857583098034), (-1.5629982948303223, 53.79894629658032), (-1.5633147954940796, 53.79912689130366), (-1.5637010335922241, 53.79935500984254), (-1.5637600421905518, 53.7993866928748), (-1.5638941526412964, 53.799465900350725), (-1.5640980005264282, 53.79957362227788), (-1.5649133920669556, 53.80004569451871), (-1.5651869773864746, 53.80023262098422), (-1.5652728080749512, 53.80030232216486), (-1.5654391050338745, 53.80047657460958), (-1.565476655960083, 53.80051142501165), (-1.5654927492141724, 53.80053993895542), (-1.5655517578125, 53.800609639625236), (-1.5656965970993042, 53.80081874093957), (-1.565750241279602, 53.80092012301967), (-1.5657824277877808, 53.80105318662783), (-1.5658199787139893, 53.80125911756995), (-1.5658092498779297, 53.80130030363702)]",30.0,0.0,2026-09-28 16:10:00,0.9
Traffic flow_1c8f57f27e910ba86ccf2b0d0d7273ca06c0da3a,"[(-1.5596508979797363, 53.797197339024294), (-1.559860110282898, 53.79728605601872), (-1.5599781274795532, 53.797320909072326), (-1.5600532293319702, 53.79733675135984), (-1.5601980686187744, 53.79735259364137), (-1.5602624416351318, 53.79735576209696), (-1.560455560684204, 53.79734625672948), (-1.5606164932250977, 53.797320909072326), (-1.5608042478561401, 53.797260708325176), (-1.5609920024871826, 53.79718149668412), (-1.5614104270935059, 53.79695970329321)]",30.0,0.0,2026-09-28 16:10:00,0.9
Traffic flow_255963bb20cd7019eee0f303f393d612a11cccc9,"[(-1.5687435865402222, 53.80056211645383), (-1.568620204925537, 53.80047023816974), (-1.56855046749115, 53.80042588306398), (-1.568475365638733, 53.80039103259083), (-1.5683788061141968, 53.800356182088734), (-1.5682125091552734, 53.80031499509435), (-1.5680569410324097, 53.80028648099762), (-1.5679121017456055, 53.80027063982438), (-1.5677887201309204, 53.800273808059515), (-1.5676546096801758, 53.80029281746523), (-1.5675044059753418, 53.800330836250815), (-1.5672630071640015, 53.800422714840344), (-1.5667963027954102, 53.800609639625236), (-1.5665173530578613, 53.800733199618826)]",35.0,0.0,2026-09-28 16:10:00,0.9
Traffic flow_5136c647fe2b9d3dea2c60f4ff7e3a4b002f4173,"[(-1.572144627571106, 53.798195394391044), (-1.5712004899978638, 53.79852490586802), (-1.5702563524246216, 53.79887342480506), (-1.5696179866790771, 53.79912372298188), (-1.5692907571792603, 53.79927263384665), (-1.5691405534744263, 53.799351841538), (-1.5689581632614136, 53.79945322716463), (-1.568673849105835, 53.79964966111868), (-1.5685343742370605, 53.79975104602528), (-1.5684431791305542, 53.79983658934955), (-1.5683895349502563, 53.799896786399074), (-1.5682768821716309, 53.79999183419606), (-1.568121314048767, 53.80007420877918), (-1.5679603815078735, 53.80016608793099), (-1.5677887201309204, 53.800273808059515)]",35.0,0.0,2026-09-28 16:10:00,0.9
Traffic flow_af4fbfa907fb35bfdbd8fd37b855400db8f5ace9,"[(-1.5651601552963257, 53.800039358013755), (-1.5652459859848022, 53.799741541200696), (-1.5652620792388916, 53.79966867080734)]",35.0,0.0,2026-09-28 16:10:00,0.9
Traffic flow_f24e4586958fec9a75c0123ba2fd00d9e92e19a5,"[(-1.5652620792388916, 53.79966867080734), (-1.5657716989517212, 53.79954827596698), (-1.5663081407546997, 53.79940887098314), (-1.5663188695907593, 53.79940887098314), (-1.5673542022705078, 53.79913639626755), (-1.5686416625976562, 53.79880688959532), (-1.569623351097107, 53.798562926256444), (-1.570347547531128, 53.79836965559085), (-1.5704065561294556, 53.798350645313334), (-1.5721285343170166, 53.797669438015305), (-1.572144627571106, 53.79766310115128)]",35.0,0.0,2026-09-28 16:10:00,0.9
Traffic flow_208d246687785eab94abb43c9719f757737f284a,"[(-1.558958888053894, 53.79675691973793), (-1.5590232610702515, 53.79677593073789), (-1.5593773126602173, 53.79688999655667), (-1.5597635507583618, 53.79704208383247), (-1.5598547458648682, 53.79708327404142), (-1.5602624416351318, 53.79728605601872), (-1.5605360269546509, 53.797450815653306), (-1.560632586479187, 53.7975046792396), (-1.5612119436264038, 53.79786588032498), (-1.5617001056671143, 53.79815737366941), (-1.5620273351669312, 53.79836015045317), (-1.5620756149291992, 53.7983854974822), (-1.5621399879455566, 53.79842985474613), (-1.562258005142212, 53.79849639055407), (-1.5623652935028076, 53.79855975789206), (-1.5624511241912842, 53.79861362005406), (-1.5625101327896118, 53.79865480871951), (-1.5626388788223267, 53.79873084922635)]",40.0,0.0,2026-09-28 16:10:00,0.9
Traffic flow_1ac2da24659b12925c37bddf3213ed32218835fc,"[(-1.5688911080360413, 53.80130030363702), (-1.5689259767532349, 53.801167240813044), (-1.5689367055892944, 53.801056354803826), (-1.5689259767532349, 53.800939132132406), (-1.5688937902450562, 53.800809236357), (-1.5688669681549072, 53.800736367819006), (-1.5688294172286987, 53.80067300376999), (-1.5687435865402222, 53.80056211645383)]",40.0,0.0,2026-09-28 16:10:00,0.9
Traffic flow_ade38ddb6fd1e8666d4902e6ce2c0ecfbade4922,"[(-1.5686765313148499, 53.79351224950376), (-1.5686041116714478, 53.7935439369502), (-1.568148136138916, 53.793721386207885), (-1.567273736000061, 53.79401607706651), (-1.567102074623108, 53.79407628247109), (-1.5663188695907593, 53.79433928401462), (-1.5661096572875977, 53.794428007054876), (-1.5657556056976318, 53.79456742859611), (-1.5652728080749512, 53.79478606598888), (-1.5645432472229004, 53.79513144737403), (-1.5642750263214111, 53.79524551766544), (-1.5635132789611816, 53.79558138949964), (-1.5632504224777222, 53.79568278424178), (-1.5626657009124756, 53.79587606728998), (-1.5624940395355225, 53.79592676433549), (-1.5620970726013184, 53.79601865257428), (-1.5614908933639526, 53.79612321480801), (-1.561383605003357, 53.796132720452704), (-1.56105637550354, 53.796183417187976), (-1.5608954429626465, 53.79620559699039), (-1.5606969594955444, 53.79622460824026), (-1.5605145692825317, 53.79628481047467), (-1.5604126453399658, 53.79632916996052), (-1.5603160858154297, 53.79638620351625), (-1.5602409839630127, 53.79644006846988), (-1.5602034330368042, 53.796478090748444), (-1.559683084487915, 53.79714664351466), (-1.5596508979797363, 53.797197339024294)]",40.0,0.0,2026-09-28 16:10:00,0.9
Traffic flow_2414838ef6810d6fd7b7941411353dc54a306be8,"[(-1.5652620792388916, 53.79966867080734), (-1.5650689601898193, 53.79970035360262), (-1.5649563074111938, 53.7997066901588), (-1.564779281616211, 53.79970035360262), (-1.5645110607147217, 53.79967183908795)]",40.0,0.0,2026-09-28 16:10:00,0.9
Traffic flow_e51d5ff0f5b5da833e3843fdcec0055937dbb1b5,"[(-1.572144627571106, 53.79766310115128), (-1.5721285343170166, 53.797669438015305), (-1.5704065561294556, 53.798350645313334), (-1.570347547531128, 53.79836965559085), (-1.569623351097107, 53.798562926256444), (-1.5684270858764648, 53.79886075143992), (-1.5668070316314697, 53.79927897046746), (-1.5663188695907593, 53.79940887098314), (-1.5663081407546997, 53.79940887098314), (-1.5657716989517212, 53.79954827596698), (-1.5652620792388916, 53.79966867080734)]",40.0,0.0,2026-09-28 16:10:00,0.9
Traffic flow_0698ad4bfa864759f2401825d81971b5b9310f5d,"[(-1.561179757118225, 53.79715298045671), (-1.5614104270935059, 53.79695970329321), (-1.5616625547409058, 53.796766425238985), (-1.5618449449539185, 53.7966175054749), (-1.5619897842407227, 53.79651928151131), (-1.5622204542160034, 53.79632916996052), (-1.562381386756897, 53.79620559699039), (-1.5625691413879395, 53.79608202365615), (-1.5627354383468628, 53.795996472673), (-1.5628266334533691, 53.79596161851873), (-1.5628588199615479, 53.79595211283526), (-1.5630090236663818, 53.79588557299068), (-1.5634489059448242, 53.79574932440809), (-1.5635347366333008, 53.795727144364385), (-1.5638887882232666, 53.79560990679564), (-1.5641838312149048, 53.79550217468678), (-1.5643393993377686, 53.79544197132895), (-1.5649724006652832, 53.79522650597175), (-1.5654176473617554, 53.79505540034074), (-1.5658307075500488, 53.79489063129559), (-1.5663725137710571, 53.79464664517444), (-1.5665066242218018, 53.79458960925312), (-1.5669357776641846, 53.794399488955264), (-1.5677082538604736, 53.7940794511742), (-1.5689259767532349, 53.79352492448521), (-1.5689554810523987, 53.79351224950376)]",45.0,0.0,2026-09-28 16:10:00,0.9
Traffic flow_62ec427c0858dfda4391bf7bcac0a2116a50ec32,"[(-1.5627247095108032, 53.79865480871951), (-1.5626496076583862, 53.79861362005406), (-1.562579870223999, 53.79858193643773), (-1.5624189376831055, 53.79849322218466), (-1.5621346235275269, 53.79832529826324), (-1.5612441301345825, 53.79777399613339), (-1.5606486797332764, 53.797409625805344), (-1.560530662536621, 53.79733675135984), (-1.5604180097579956, 53.797273382173856), (-1.5601927042007446, 53.79715298045671), (-1.5599191188812256, 53.797019904472435), (-1.5598171949386597, 53.796975545717174), (-1.559511423110962, 53.79685514314496), (-1.5593504905700684, 53.796794941729225), (-1.5590178966522217, 53.796687212664345), (-1.558958888053894, 53.79667137013146)]",55.0,0.0,2026-09-28 16:10:00,0.9
Traffic flow_b2ac744eb5d80fa16a2d34f36c2cbef1463ef852,"[(-1.5665173530578613, 53.800733199618826), (-1.5662652254104614, 53.80073953601894), (-1.5661901235580444, 53.800733199618826), (-1.5660345554351807, 53.80070468580647), (-1.5659540891647339, 53.800682508383446), (-1.5658092498779297, 53.800631817086796), (-1.5656912326812744, 53.80055894824049), (-1.5656054019927979, 53.800479742829154), (-1.5655678510665894, 53.80042905128738), (-1.5654659271240234, 53.80032449978895), (-1.5651601552963257, 53.800039358013755), (-1.564854383468628, 53.79985559895347), (-1.5645110607147217, 53.79967183908795), (-1.5643823146820068, 53.79958946371442), (-1.5638673305511475, 53.799294812015305), (-1.5638136863708496, 53.799269465535886), (-1.5637707710266113, 53.799244119041134), (-1.5636634826660156, 53.79918708937194), (-1.5633684396743774, 53.79901916822894), (-1.5631163120269775, 53.798870256464134), (-1.5629714727401733, 53.798787879516006), (-1.5628373622894287, 53.79871500746547), (-1.5627729892730713, 53.79868332392574), (-1.5627247095108032, 53.79865480871951)]",55.0,0.0,2026-09-28 16:10:00,0.9
Traffic flow_0ce1c2dff48cbf9a74f5541a3e001dcc1cc3a438,"[(-1.559007167816162, 53.808089115421545), (-1.5589427947998047, 53.80803843307886)]",0.0,0.0,2026-09-28 16:10:00,0.9
Traffic flow_e713fdb38066edc14211ed9fbf68d11cdd19b543,"[(-1.5589427947998047, 53.80803843307886), (-1.5588194131851196, 53.807943403521186), (-1.5587550401687622, 53.80788955334288), (-1.5581166744232178, 53.80716098530823)]",0.0,0.0,2026-09-28 16:10:00,0.9
Traffic flow_3c303e7ef61996a1de3bdcd5c8f841395428361f,"[(-1.5585726499557495, 53.8118045977612), (-1.5581434965133667, 53.81105392583046), (-1.5579718351364136, 53.81089238707498), (-1.5578538179397583, 53.81080053142658), (-1.557660698890686, 53.81066116385152), (-1.5574246644973755, 53.810521795813095), (-1.5571188926696777, 53.81037925983996), (-1.556963324546814, 53.81029690550123), (-1.5565448999404907, 53.81012586135767), (-1.556362509727478, 53.81006251149775)]",10.0,0.0,2026-09-28 16:10:00,0.9
Traffic flow_b7cccd480c8f43435047d2e7a13aff36c52045b5,"[(-1.558937430381775, 53.80804160072708), (-1.558835506439209, 53.80812712713835), (-1.557188630104065, 53.80937832691021), (-1.557038426399231, 53.80949552598863), (-1.5565019845962524, 53.80988829888933), (-1.5564966201782227, 53.809900968921625)]",15.0,0.0,2026-09-28 16:10:00,0.9
Traffic flow_b7c217419614e3dc2ba5fbf45d419d03addb40fc,"[(-1.556362509727478, 53.81006251149775), (-1.5565448999404907, 53.81012586135767), (-1.556963324546814, 53.81029690550123), (-1.5571188926696777, 53.81037925983996), (-1.5574246644973755, 53.810521795813095), (-1.557660698890686, 53.81066116385152), (-1.5578538179397583, 53.81080053142658), (-1.5579718351364136, 53.81089238707498), (-1.5581434965133667, 53.81105392583046), (-1.5585404634475708, 53.81175391991056), (-1.5585887432098389, 53.81182360193941)]",15.0,0.0,2026-09-28 16:10:00,0.9
Traffic flow_cc7722780994705c95a81e92eca2af82f6609838,"[(-1.5504240989685059, 53.809736258203046), (-1.5488791465759277, 53.80976159835572), (-1.5481603145599365, 53.809793273525024), (-1.547972559928894, 53.809804359828625)]",20.0,0.0,2026-09-28 16:10:00,0.9
Traffic flow_68b25c8a46deaae3e86c298dc3a86b00d5e7a692,"[(-1.5527093410491943, 53.81183627138675), (-1.5527576208114624, 53.81181726721429), (-1.55281662940979, 53.81178876093946), (-1.5530097484588623, 53.8116810703929), (-1.553218960762024, 53.81157021218832), (-1.5535783767700195, 53.81138650366094), (-1.5537339448928833, 53.81131682090545), (-1.5540236234664917, 53.81120596173753), (-1.5541952848434448, 53.81114261350993), (-1.5547102689743042, 53.81097157281722), (-1.555016040802002, 53.81087654990858), (-1.5551930665969849, 53.81082903837349), (-1.5553432703018188, 53.810784694225475), (-1.5556490421295166, 53.81066116385152), (-1.555713415145874, 53.81062315443245), (-1.5557831525802612, 53.81057564261014), (-1.5559226274490356, 53.81046794894687), (-1.556362509727478, 53.81006251149775), (-1.556410789489746, 53.810011831540876), (-1.5564697980880737, 53.80997382153302)]",25.0,0.0,2026-09-28 16:10:00,0.9
Traffic flow_f497c960c6b54fa6e1ff9770199a229e4a471cb4,"[(-1.5609678626060486, 53.80648942442736), (-1.5608257055282593, 53.80659079279683), (-1.5607184171676636, 53.806676322167924), (-1.5604716539382935, 53.80686005133805), (-1.560283899307251, 53.807005767003886), (-1.5601122379302979, 53.80713247586684), (-1.5597206354141235, 53.80744607865579), (-1.5589427947998047, 53.80803843307886), (-1.558937430381775, 53.80804160072708)]",30.0,0.0,2026-09-28 16:10:00,0.9
Traffic flow_a7de832cd9119e4a765e6aea238e775e1bd36f14,"[(-1.5589427947998047, 53.80803843307886), (-1.559007167816162, 53.808089115421545)]",30.0,0.0,2026-09-28 16:10:00,0.9
Traffic flow_fbe8917603379fb87fba94184f39900ac0797308,"[(-1.5523123741149902, 53.81245390230103), (-1.5523338317871094, 53.81210549623752), (-1.5522104501724243, 53.81205165140571), (-1.551969051361084, 53.81190912063467), (-1.5516471862792969, 53.811709576740974), (-1.5515291690826416, 53.81163039239289), (-1.5514487028121948, 53.81158288171225), (-1.5512233972549438, 53.81143718195581), (-1.5510892868041992, 53.811361164490535), (-1.5509229898452759, 53.81120596173753), (-1.550767421722412, 53.81106976292985), (-1.550644040107727, 53.81093356367962), (-1.5505152940750122, 53.81069600578873), (-1.5504884719848633, 53.81060731716432), (-1.5504294633865356, 53.80985028876946), (-1.5504240989685059, 53.809736258203046), (-1.5506333112716675, 53.809736258203046), (-1.5508854389190674, 53.80971725307848), (-1.551121473312378, 53.80968874537549), (-1.551770567893982, 53.80959688708951), (-1.5521085262298584, 53.809530368894706), (-1.5525805950164795, 53.809425840089595), (-1.5529239177703857, 53.80934031632792), (-1.553540825843811, 53.80912808994338), (-1.5542006492614746, 53.80889685698791), (-1.5548819303512573, 53.80867512555868), (-1.555391550064087, 53.80854208613821), (-1.5558099746704102, 53.808437554868775), (-1.5564161539077759, 53.808310849950324), (-1.5565824508666992, 53.80828867655023), (-1.5566414594650269, 53.80822532391388), (-1.5567272901535034, 53.80816513882068), (-1.5567809343338013, 53.8081144565699), (-1.5568828582763672, 53.80804793602278), (-1.5573710203170776, 53.807708996357896), (-1.5581166744232178, 53.80716098530823)]",30.0,0.0,2026-09-28 16:10:00,0.9
Traffic flow_ec3613437b5e2c503237da79d3ee5892614d7b04,"[(-1.547972559928894, 53.80846131199835), (-1.548449993133545, 53.8085325833063), (-1.5487933158874512, 53.80852308047224), (-1.5493297576904297, 53.80839954343346), (-1.5504401922225952, 53.80813029477985), (-1.5506601333618164, 53.808044768375055), (-1.5508800745010376, 53.80793073289721), (-1.5510839223861694, 53.807794523447726), (-1.5516793727874756, 53.80734788005496), (-1.5519315004348755, 53.807151482163256), (-1.5519797801971436, 53.80707862464688), (-1.5520012378692627, 53.80698676064141), (-1.551995873451233, 53.806733341651714), (-1.552768349647522, 53.80670166417029), (-1.5529078245162964, 53.806685825420615), (-1.5536588430404663, 53.80663197362692), (-1.5539485216140747, 53.806597128311786), (-1.554265022277832, 53.80658762503899), (-1.5545547008514404, 53.80658445728092), (-1.5552949905395508, 53.80653694088107), (-1.5557536482810974, 53.80648942442736)]",35.0,0.0,2026-09-28 16:10:00,0.9
Traffic flow_f1ce1ed8a5f48c1caea34a615d95b4f0d8b947bf,"[(-1.5496355295181274, 53.80648942442736), (-1.5497374534606934, 53.80652743759463), (-1.5499359369277954, 53.80660663158242), (-1.550021767616272, 53.80663514138139), (-1.5501129627227783, 53.806669986664936), (-1.5503168106079102, 53.806717502914), (-1.550493836402893, 53.80675234812907), (-1.5507781505584717, 53.80676818685364), (-1.551995873451233, 53.806733341651714)]",40.0,0.0,2026-09-28 16:10:00,0.9
Traffic flow_cd23ab2591ddbdee0bf61fc01a1e9403d24ee787,"[(-1.5509337186813354, 53.80679986428479), (-1.5506064891815186, 53.806999431550686), (-1.5504133701324463, 53.80707228920468), (-1.550295352935791, 53.80708812780836)]",0.0,0.0,2026-09-28 16:10:00,0.9
Traffic flow_38fc7bb77a7d5687ed46e9794fdf75cd083f5c64,"[(-1.5484338998794556, 53.80119575431086), (-1.548648476600647, 53.80117040898042), (-1.548771858215332, 53.80118624981374), (-1.5488255023956299, 53.801202090641084), (-1.548970341682434, 53.8012654538906)]",5.0,0.0,2026-09-28 16:10:00,0.9
Traffic flow_bba4d6ea637bb461b03d0af57dbbe6cadbc5baa8,"[(-1.5507888793945312, 53.804176891926716), (-1.550745964050293, 53.80419589956304), (-1.550719141960144, 53.80424025068096), (-1.5507298707962036, 53.804259258288575), (-1.5507620573043823, 53.804284601751974), (-1.5508103370666504, 53.80430044140883), (-1.550869345664978, 53.804297273477935), (-1.5508908033370972, 53.804290937615434)]",5.0,0.0,2026-09-28 16:10:00,0.9
Traffic flow_4fa34ef4428eaa8f0ff00cb55852e5e7ee51ad05,"[(-1.550719141960144, 53.80424025068096), (-1.5506654977798462, 53.80424658655113), (-1.5505528450012207, 53.80426876208914), (-1.5504616498947144, 53.80430360933947), (-1.5502148866653442, 53.80448418099097), (-1.5498501062393188, 53.80474394937109), (-1.549496054649353, 53.80502905915518), (-1.549270749092102, 53.805272984875955)]",5.0,0.0,2026-09-28 16:10:00,0.9
Traffic flow_f53395f42ffd81f8876e3c5f7fa4dc030289fb33,"[(-1.5496838092803955, 53.80177869268293), (-1.5494585037231445, 53.8016171181851), (-1.5490347146987915, 53.80132564888895), (-1.548970341682434, 53.8012654538906), (-1.5487772226333618, 53.80105952297959), (-1.5486806631088257, 53.800939132132406)]",10.0,0.0,2026-09-28 16:10:00,0.9
Traffic flow_775a0cf7bbb42e01574f14737c7ee9656791b123,"[(-1.5546727180480957, 53.80678085782897), (-1.5546351671218872, 53.807107134124884), (-1.554613709449768, 53.807154649878484), (-1.5545278787612915, 53.80728452599687), (-1.5543508529663086, 53.80751576784587), (-1.554291844367981, 53.80756961850431), (-1.5541952848434448, 53.807632972131564), (-1.5541470050811768, 53.807658313555656), (-1.5539592504501343, 53.807728002392935), (-1.5537875890731812, 53.80778818811371)]",10.0,0.0,2026-09-28 16:10:00,0.9
Traffic flow_a533cce7075092829ad9d38e564767cc16434484,"[(-1.5564483404159546, 53.80602059253037), (-1.5564268827438354, 53.80604276713011), (-1.5564215183258057, 53.80612512982644), (-1.556437611579895, 53.80617898227117), (-1.5564697980880737, 53.80624233799995), (-1.5565073490142822, 53.806274015828436), (-1.5565448999404907, 53.806299358073986), (-1.556662917137146, 53.8063373714136), (-1.556984782218933, 53.806448243457254), (-1.5570974349975586, 53.806479921130155), (-1.5572905540466309, 53.8065591152077), (-1.5573817491531372, 53.806612967094985), (-1.5574461221694946, 53.806669986664936), (-1.5574729442596436, 53.8067238384098), (-1.5574944019317627, 53.80680936750947), (-1.5574997663497925, 53.806977257456936), (-1.5574997663497925, 53.807294029111695), (-1.5575051307678223, 53.80732887384759), (-1.5575051307678223, 53.807585456920094), (-1.5575480461120605, 53.80778818811371)]",10.0,0.0,2026-09-28 16:10:00,0.9
Traffic flow_b9dcd0092c2b97d68ce5e415c17cc20ed8d4f60a,"[(-1.5486806631088257, 53.800939132132406), (-1.5487772226333618, 53.80105952297959), (-1.548970341682434, 53.8012654538906), (-1.5490347146987915, 53.80132564888895), (-1.5494585037231445, 53.8016171181851), (-1.5496838092803955, 53.80177869268293), (-1.5497803688049316, 53.80171849833493), (-1.5501129627227783, 53.80151890593119), (-1.5505743026733398, 53.801255949409274), (-1.550745964050293, 53.801141895465356), (-1.5514111518859863, 53.800733199618826), (-1.5518134832382202, 53.80047023816974), (-1.5519583225250244, 53.800349845630684), (-1.551995873451233, 53.80029598569868), (-1.5520387887954712, 53.80021677979065), (-1.5520870685577393, 53.80007104052898), (-1.5521138906478882, 53.80000133896391)]",15.0,0.0,2026-09-28 16:10:00,0.9
Traffic flow_2731c522983be6602be8c8b34138651bc6df6031,"[(-1.5510302782058716, 53.806720670662024), (-1.5513736009597778, 53.806685825420615), (-1.552693247795105, 53.806612967094985), (-1.5526396036148071, 53.807018437907416), (-1.55256986618042, 53.80747458788391), (-1.5525108575820923, 53.80778818811371)]",15.0,0.0,2026-09-28 16:10:00,0.9
Traffic flow_1efebfb6abe1a70913ef8941ad1279e2a8493eed,"[(-1.56005859375, 53.800555780026905), (-1.5604501962661743, 53.801113381930904), (-1.5604931116104126, 53.8011925861454), (-1.5605199337005615, 53.80128129468802), (-1.560509204864502, 53.801363666738126), (-1.5604233741760254, 53.80151573779014), (-1.5603965520858765, 53.80168364893607), (-1.5604233741760254, 53.80178502892506), (-1.5606272220611572, 53.80209867171381), (-1.5607935190200806, 53.80229826135789), (-1.5607988834381104, 53.80231093368417)]",15.0,0.0,2026-09-28 16:10:00,0.9
Traffic flow_9a4adce4dd332e195e1ec51007c451988e020c2a,"[(-1.5588998794555664, 53.80763613981042), (-1.5589910745620728, 53.80772483472102), (-1.5590527653694153, 53.80778818811371)]",15.0,0.0,2026-09-28 16:10:00,0.9
Traffic flow_1331ed783969c67175f515a7c45c0d3d2a6cf143,"[(-1.5508908033370972, 53.804290937615434), (-1.5509122610092163, 53.804275097955), (-1.5509337186813354, 53.80424658655113), (-1.550917625427246, 53.804202235439895), (-1.550896167755127, 53.80418639574595), (-1.5508639812469482, 53.804176891926716), (-1.55082106590271, 53.80417372398648), (-1.5507888793945312, 53.804176891926716)]",15.0,0.0,2026-09-28 16:10:00,0.9
Traffic flow_c7ac39c3607d2bf8da37010e974af0ce78ffbccf,"[(-1.5485948324203491, 53.80268793363919), (-1.5485036373138428, 53.80266575726508), (-1.548348069190979, 53.80258972389336), (-1.5481925010681152, 53.802539034902296), (-1.548122763633728, 53.80251369038378), (-1.548047661781311, 53.80247884164581), (-1.547972559928894, 53.80243607270054)]",20.0,0.0,2026-09-28 16:10:00,0.9
Traffic flow_69f6a0e4123ea1fad4361693d830926ad93709fa,"[(-1.5590527653694153, 53.80778818811371), (-1.5589910745620728, 53.80772483472102), (-1.5588998794555664, 53.80763613981042)]",20.0,0.0,2026-09-28 16:10:00,0.9
Traffic flow_b600c77e81d23c0aa6cb4110f639bd53d0b9b74c,"[(-1.5502631664276123, 53.80000133896391), (-1.5501397848129272, 53.80007737702914), (-1.5498179197311401, 53.800264303353416), (-1.549769639968872, 53.800289649231544), (-1.5491312742233276, 53.80065716274278), (-1.548970341682434, 53.800761713411795), (-1.5487611293792725, 53.80089160933442), (-1.5486806631088257, 53.800939132132406), (-1.5485036373138428, 53.801027841211216), (-1.5482622385025024, 53.801167240813044), (-1.5481013059616089, 53.801271790210286), (-1.547972559928894, 53.80136049858535)]",25.0,0.0,2026-09-28 16:10:00,0.9
Traffic flow_db15fb8e4f7604ac149fa24aa497e9b187379bb2,"[(-1.5575480461120605, 53.80778818811371), (-1.5575051307678223, 53.807585456920094), (-1.5575051307678223, 53.80732887384759), (-1.5574997663497925, 53.807294029111695), (-1.5574997663497925, 53.806898064169275), (-1.5574944019317627, 53.80680936750947), (-1.5574729442596436, 53.8067238384098), (-1.5574461221694946, 53.806669986664936), (-1.5573817491531372, 53.806612967094985), (-1.5572905540466309, 53.8065591152077), (-1.5570974349975586, 53.806479921130155), (-1.556984782218933, 53.806448243457254), (-1.556662917137146, 53.8063373714136), (-1.5565448999404907, 53.806299358073986), (-1.5565073490142822, 53.806274015828436), (-1.5564697980880737, 53.80624233799995), (-1.556437611579895, 53.80617898227117), (-1.5564215183258057, 53.80612512982644), (-1.5564268827438354, 53.80604276713011), (-1.556464433670044, 53.805995250116304), (-1.5568184852600098, 53.80568480430086), (-1.5571725368499756, 53.805409202518064), (-1.5573924779891968, 53.80525080986907), (-1.5576070547103882, 53.8050702415193), (-1.5578269958496094, 53.80494352642353), (-1.557961106300354, 53.80488967239186), (-1.5580737590789795, 53.80485165773961), (-1.5586960315704346, 53.8047534530618), (-1.5593236684799194, 53.804633072820344), (-1.5598064661026, 53.80455387510458), (-1.5602892637252808, 53.804439830131074), (-1.5605360269546509, 53.804335288632835), (-1.560659408569336, 53.804275097955), (-1.5608149766921997, 53.804157884281764), (-1.5609222650527954, 53.80402799847733), (-1.5610027313232422, 53.80386960061031), (-1.56105637550354, 53.803727042018366), (-1.5610939264297485, 53.80353696314177), (-1.5610992908477783, 53.80339123541949), (-1.5610617399215698, 53.80308710636757), (-1.5609705448150635, 53.80265308504604), (-1.5607935190200806, 53.80229826135789), (-1.5606272220611572, 53.80209867171381), (-1.5604233741760254, 53.80178502892506), (-1.5603965520858765, 53.80168364893607), (-1.5604233741760254, 53.80151573779014), (-1.560509204864502, 53.801363666738126), (-1.5605199337005615, 53.80128129468802), (-1.5604931116104126, 53.8011925861454), (-1.5604501962661743, 53.801113381930904), (-1.5598171949386597, 53.800210443311535), (-1.5596777200698853, 53.80000133896391)]",25.0,0.0,2026-09-28 16:10:00,0.9
Traffic flow_539814c2d6e04763bbce176c23bba6b6967ac1f2,"[(-1.561158299446106, 53.80723384268147), (-1.5602892637252808, 53.807281358291455), (-1.5599942207336426, 53.80732887384759), (-1.5598064661026, 53.80737638934986), (-1.5596294403076172, 53.80743974326913), (-1.5595704317092896, 53.807465084810026), (-1.5594148635864258, 53.80751576784587), (-1.559334397315979, 53.80755378008254), (-1.5592163801193237, 53.80761713373373)]",25.0,0.0,2026-09-28 16:10:00,0.9
Traffic flow_1f76f69893452c8855b29caaead185f2c93eaada,"[(-1.549270749092102, 53.805272984875955), (-1.549496054649353, 53.80502905915518), (-1.5498608350753784, 53.804737613576094), (-1.5502631664276123, 53.80444933389071), (-1.5504616498947144, 53.80430360933947), (-1.5505528450012207, 53.80426876208914), (-1.5506654977798462, 53.80424658655113), (-1.550719141960144, 53.80424025068096)]",25.0,0.0,2026-09-28 16:10:00,0.9
Traffic flow_150f499aea5e29fab906612dd13f0e2a96671934,"[(-1.547972559928894, 53.803570227007384), (-1.5480369329452515, 53.80352745917532), (-1.5481388568878174, 53.80344825937113), (-1.548246145248413, 53.803334211390286), (-1.5483856201171875, 53.803210659060966), (-1.5484929084777832, 53.803083938345004), (-1.548546552658081, 53.802998401645226), (-1.5486109256744385, 53.80290969673521), (-1.5488147735595703, 53.802608732249226), (-1.549023985862732, 53.8023394464043), (-1.5491312742233276, 53.80222539540746), (-1.5493190288543701, 53.80206699073055), (-1.549399495124817, 53.80198778816769), (-1.5494853258132935, 53.80192125789928), (-1.5496087074279785, 53.80183571882763), (-1.5496838092803955, 53.80177869268293)]",30.0,0.0,2026-09-28 16:10:00,0.9
Traffic flow_eed21b93ae695485cf51ddb094bc5ffc72a65a15,"[(-1.5552306175231934, 53.80778818811371), (-1.5551447868347168, 53.80743974326913), (-1.5550857782363892, 53.8072750228799), (-1.5549677610397339, 53.8069835929135), (-1.5548282861709595, 53.80673967714513)]",30.0,0.0,2026-09-28 16:10:00,0.9
Traffic flow_9ff554536b5f0691ee155f587f7d7bc0de528af1,"[(-1.561158299446106, 53.807530022438655), (-1.5597957372665405, 53.807670984261954), (-1.5597045421600342, 53.80767415193794), (-1.559607982635498, 53.80766781658574), (-1.5592163801193237, 53.80761713373373), (-1.5589964389801025, 53.80762663677315), (-1.5588998794555664, 53.80763613981042)]",30.0,0.0,2026-09-28 16:10:00,0.9
Traffic flow_925168f3584cb8e70939d2bc3b80f11fab6da4b0,"[(-1.5592163801193237, 53.80761713373373), (-1.559334397315979, 53.80755378008254), (-1.5594148635864258, 53.80751576784587), (-1.5595704317092896, 53.807465084810026), (-1.5596294403076172, 53.80743974326913), (-1.5598064661026, 53.80737638934986), (-1.5599942207336426, 53.80732887384759), (-1.5602892637252808, 53.807281358291455), (-1.561158299446106, 53.80723384268147)]",30.0,0.0,2026-09-28 16:10:00,0.9
Traffic flow_40ca18dfd1b0743aea417429c25854c7a80d3557,"[(-1.5578538179397583, 53.80778818811371), (-1.5584814548492432, 53.80772483472102), (-1.5586423873901367, 53.80769315798877), (-1.558733582496643, 53.807658313555656)]",35.0,0.0,2026-09-28 16:10:00,0.9
Traffic flow_59c2c675f13537de2567cfca776548c82efe5e6d,"[(-1.558733582496643, 53.807658313555656), (-1.5589964389801025, 53.80762663677315), (-1.5592163801193237, 53.80761713373373)]",35.0,0.0,2026-09-28 16:10:00,0.9
Traffic flow_617fc4d97396d7e336c3b0e1f913b69d2d251dbd,"[(-1.5607988834381104, 53.80231093368417), (-1.5609705448150635, 53.80265308504604), (-1.5610617399215698, 53.80308710636757), (-1.5610992908477783, 53.80339123541949), (-1.5610939264297485, 53.80353696314177), (-1.56105637550354, 53.803727042018366), (-1.5610027313232422, 53.80386960061031), (-1.5609222650527954, 53.80402799847733), (-1.5608149766921997, 53.804157884281764), (-1.560659408569336, 53.804275097955), (-1.5605360269546509, 53.804335288632835), (-1.5602892637252808, 53.804439830131074), (-1.5598064661026, 53.80455387510458), (-1.5593236684799194, 53.804633072820344), (-1.5586960315704346, 53.8047534530618), (-1.5580737590789795, 53.80485165773961), (-1.557961106300354, 53.80488967239186), (-1.5578269958496094, 53.80494352642353), (-1.5576070547103882, 53.8050702415193), (-1.5573924779891968, 53.80525080986907), (-1.5571725368499756, 53.805409202518064), (-1.5568184852600098, 53.80568480430086), (-1.556464433670044, 53.805995250116304), (-1.5564483404159546, 53.80602059253037)]",40.0,0.0,2026-09-28 16:10:00,0.9
Traffic flow_ee95bf0d8000b658f123cbdbf87682ab98c9f509,"[(-1.547972559928894, 53.80271486207771), (-1.5480422973632812, 53.80271011000157), (-1.548122763633728, 53.80271327805239)]",50.0,0.0,2026-09-28 16:10:00,0.9
Traffic flow_d441f35167e02eb793ceb69ac3a9ea728370f05d,"[(-1.5550535917282104, 53.80778818811371), (-1.555016040802002, 53.80763613981042), (-1.555016040802002, 53.80760446301115), (-1.5549784898757935, 53.80744607865579), (-1.5548282861709595, 53.80673967714513)]",55.0,0.0,2026-09-28 16:10:00,0.9
Traffic flow_6bfd84cd917977647545c98700a081d3e21e2221,"[(-1.548122763633728, 53.80271327805239), (-1.54832124710083, 53.80274179049892), (-1.5485680103302002, 53.80278614315499), (-1.548675298690796, 53.80281148750882), (-1.549045443534851, 53.802878016364744), (-1.549522876739502, 53.802982561496485), (-1.5498554706573486, 53.803074434275864), (-1.5500646829605103, 53.8031251226197), (-1.5505528450012207, 53.80327718728353), (-1.5508586168289185, 53.80338806741989), (-1.5509766340255737, 53.80342608339916), (-1.551218032836914, 53.80352429118603), (-1.5513360500335693, 53.80357497898603), (-1.5514326095581055, 53.80360982681297), (-1.5515130758285522, 53.80365101057114), (-1.5518242120742798, 53.8037904014524), (-1.5520977973937988, 53.803917120033255), (-1.5523391962051392, 53.80405334208052), (-1.5526342391967773, 53.80423708274553), (-1.5527898073196411, 53.80434162448863), (-1.5528541803359985, 53.8043891433766), (-1.5531009435653687, 53.80456021092735), (-1.5533316135406494, 53.80475028516514), (-1.5534067153930664, 53.80481681094479), (-1.5535086393356323, 53.80491184758976), (-1.5539056062698364, 53.80532683841527), (-1.5539807081222534, 53.80541237036494), (-1.5541630983352661, 53.805668965167), (-1.5543347597122192, 53.80593189401414), (-1.5544956922531128, 53.80629302251404), (-1.5545868873596191, 53.8065084310153), (-1.5546727180480957, 53.80678085782897), (-1.5548336505889893, 53.80757595387134), (-1.5548819303512573, 53.80778818811371)]",60.0,0.0,2026-09-28 16:10:00,0.9
Traffic flow_00f2110a2d762a958b62d56a1c1d032d4ed2c151,"[(-1.553294062614441, 53.796969208748315), (-1.5541362762451172, 53.79682345820009), (-1.5542864799499512, 53.79712129573685), (-1.5543615818023682, 53.79741913115846), (-1.554688811302185, 53.79818588921387)]",5.0,0.0,2026-09-28 16:10:00,0.9
Traffic flow_96b5aae93cbc2343730f7230833eabc818167315,"[(-1.554688811302185, 53.79818588921387), (-1.5546780824661255, 53.79820489956607)]",5.0,0.0,2026-09-28 16:10:00,0.9
Traffic flow_7056f94f455018be4f3b3a38837f94f01a6db84e,"[(-1.5539002418518066, 53.79925362397846), (-1.5537017583847046, 53.7993360000117), (-1.553589105606079, 53.799364514754735), (-1.5533959865570068, 53.799399366081)]",5.0,0.0,2026-09-28 16:10:00,0.9
Traffic flow_6c2a6e7b460e0df62ecea896655f1e069ce16714,"[(-1.550418734550476, 53.79800212203163), (-1.5506654977798462, 53.79847421196315), (-1.550697684288025, 53.79853441096835)]",5.0,0.0,2026-09-28 16:10:00,0.9
Traffic flow_4af798ec496c603961af7a9ea4c7cf1ce7fda1f0,"[(-1.5490347146987915, 53.79905085151494), (-1.5490829944610596, 53.798984316586704), (-1.549072265625, 53.798949464915495), (-1.5490561723709106, 53.798927286564194), (-1.5490186214447021, 53.7988892665061), (-1.548997163772583, 53.79887659314575), (-1.5489810705184937, 53.79886075143992), (-1.5489542484283447, 53.798844909728096), (-1.5489274263381958, 53.7988227313215), (-1.5489059686660767, 53.79879738455674), (-1.5488845109939575, 53.79872451252272), (-1.5489542484283447, 53.79869282899016), (-1.5490400791168213, 53.79868015557045), (-1.5493243932724, 53.79867381885914), (-1.5496677160263062, 53.79864530364646), (-1.549994945526123, 53.79860411497168), (-1.550697684288025, 53.79853441096835)]",10.0,0.0,2026-09-28 16:10:00,0.9
Traffic flow_46910fb5e9d8d8fd091b05a10e3aea3794c61c6c,"[(-1.548771858215332, 53.79933916831744), (-1.5487611293792725, 53.799294812015305), (-1.5487772226333618, 53.79922510916002), (-1.5488094091415405, 53.799190257688934), (-1.5488630533218384, 53.7991490695494), (-1.5489006042480469, 53.79912372298188), (-1.5489542484283447, 53.799095208075116), (-1.548970341682434, 53.799082534777), (-1.5490347146987915, 53.79905085151494)]",10.0,0.0,2026-09-28 16:10:00,0.9
Traffic flow_51360273b4308f098e317dcccd53fcc457924015,"[(-1.557762622833252, 53.79648442779151), (-1.5578162670135498, 53.796512944473506), (-1.5578967332839966, 53.7965477981696), (-1.5579932928085327, 53.796585820350494), (-1.5581703186035156, 53.79663334802813), (-1.5582776069641113, 53.79666503311663), (-1.5584653615951538, 53.796712560704506), (-1.5585941076278687, 53.79675058273603), (-1.558733582496643, 53.796798110226945), (-1.558883786201477, 53.79685831163813), (-1.5589749813079834, 53.79688999655667), (-1.5592056512832642, 53.796988219652036), (-1.559361219406128, 53.79705792622532), (-1.559382677078247, 53.79707060013528), (-1.5596508979797363, 53.797197339024294), (-1.5595275163650513, 53.797320909072326)]",15.0,0.0,2026-09-28 16:10:00,0.9
Traffic flow_1195c62b4c39502f6e29d3f632f799c6d9ac82f3,"[(-1.5501075983047485, 53.7974476472049), (-1.5500378608703613, 53.79738744663968), (-1.5499842166900635, 53.79734625672948), (-1.5498286485671997, 53.7972543713994), (-1.5497106313705444, 53.79715931739781), (-1.5496408939361572, 53.79708327404142), (-1.5495926141738892, 53.79702307295316), (-1.5494370460510254, 53.79668404415825), (-1.5493512153625488, 53.7963925405732), (-1.5492385625839233, 53.79607568655227)]",15.0,0.0,2026-09-28 16:10:00,0.9
Traffic flow_b4fabd2b3462ef5ccc5085f9eaa9e767fb9ee23a,"[(-1.5490347146987915, 53.79905085151494), (-1.5498608350753784, 53.799054019842224), (-1.5500861406326294, 53.79904134653165), (-1.5513145923614502, 53.7989177815529), (-1.5515077114105225, 53.79891144487751), (-1.5516632795333862, 53.79892411822734), (-1.5519583225250244, 53.79900015824586), (-1.55306875705719, 53.79930431694115), (-1.5537500381469727, 53.79950075159274)]",15.0,0.0,2026-09-28 16:10:00,0.9
Traffic flow_39d912bca6f5e7987ffd31eacf4c700b1b8a5a44,"[(-1.5595275163650513, 53.797320909072326), (-1.559586524963379, 53.797371604371314), (-1.559661626815796, 53.797450815653306), (-1.5597420930862427, 53.7975205214577), (-1.5598171949386597, 53.79756804807608), (-1.5599244832992554, 53.797618743076335), (-1.5600371360778809, 53.79766626958341), (-1.561158299446106, 53.798090837323585)]",20.0,0.0,2026-09-28 16:10:00,0.9
Traffic flow_2d051b78fa80815139ec31fef8b5acdd9ed74490,"[(-1.5526771545410156, 53.79519481979645), (-1.5530365705490112, 53.79526136073693), (-1.5540343523025513, 53.795397610904715), (-1.5546458959579468, 53.79551168047222), (-1.554914116859436, 53.79558138949964), (-1.5551340579986572, 53.79565426699533), (-1.5553754568099976, 53.79576516728928), (-1.5554505586624146, 53.79580635875234), (-1.555541753768921, 53.79586022445069), (-1.5557777881622314, 53.7959901355562), (-1.5559011697769165, 53.79605350668116), (-1.5559601783752441, 53.79608836075907), (-1.5562230348587036, 53.79620559699039), (-1.5564429759979248, 53.796278473401436), (-1.556689739227295, 53.79635134968586), (-1.5570276975631714, 53.79644006846988), (-1.5574944019317627, 53.796557303718046), (-1.5577679872512817, 53.79661116845194), (-1.5581756830215454, 53.79671572920846), (-1.558459997177124, 53.79681078421544), (-1.5586531162261963, 53.79689316504721), (-1.5588945150375366, 53.797000893583075), (-1.559012532234192, 53.79705792622532), (-1.5592968463897705, 53.7971878336209), (-1.5595275163650513, 53.797320909072326)]",20.0,0.0,2026-09-28 16:10:00,0.9
Traffic flow_5ae2f86fdc6aafe57a9775b2cd65f4e29acf43a1,"[(-1.554688811302185, 53.79818588921387), (-1.5554022789001465, 53.798090837323585), (-1.5558099746704102, 53.79804964810423), (-1.5561425685882568, 53.798008458844414)]",20.0,0.0,2026-09-28 16:10:00,0.9
Traffic flow_6c989e0e03f5870b0554528d7f4c1349b26b96bc,"[(-1.5507137775421143, 53.79853124260181), (-1.551346778869629, 53.798467875220744), (-1.552693247795105, 53.79834747693291), (-1.554688811302185, 53.79818588921387)]",20.0,0.0,2026-09-28 16:10:00,0.9
Traffic flow_c7fcb8ee85fa914a897f51299b4f3448183fb06e,"[(-1.5600371360778809, 53.79766626958341), (-1.560257077217102, 53.79763141681683), (-1.560632586479187, 53.7975046792396), (-1.5607184171676636, 53.797457152549406), (-1.560884714126587, 53.79735576209696), (-1.561158299446106, 53.79716723857284)]",25.0,0.0,2026-09-28 16:10:00,0.9
Traffic flow_bf7a3c0cb868d7bd8f6a734617c7665c51bfd84c,"[(-1.5495926141738892, 53.79702307295316), (-1.5497267246246338, 53.796988219652036), (-1.5504562854766846, 53.79687098560842), (-1.5520280599594116, 53.79663334802813), (-1.5521299839019775, 53.796620673986034), (-1.5530580282211304, 53.79647492222654), (-1.5539002418518066, 53.7963355070261)]",25.0,0.0,2026-09-28 16:10:00,0.9
Traffic flow_0e6d4969c25f601ebec77220e07c46b6be112fa7,"[(-1.5596508979797363, 53.797197339024294), (-1.559860110282898, 53.79728605601872), (-1.5599781274795532, 53.797320909072326), (-1.5600532293319702, 53.79733675135984), (-1.5601980686187744, 53.79735259364137), (-1.560257077217102, 53.79735576209696), (-1.5603750944137573, 53.79735259364137), (-1.5605252981185913, 53.79733675135984), (-1.5606111288070679, 53.797320909072326), (-1.5607988834381104, 53.797260708325176), (-1.5608954429626465, 53.797222686756136), (-1.5609866380691528, 53.79718149668412), (-1.561158299446106, 53.79709119523081)]",30.0,0.0,2026-09-28 16:10:00,0.9
Traffic flow_a92aba5404f4920df7dc191e9d3f8146c7bdd346,"[(-1.5580791234970093, 53.79645907961347), (-1.5579771995544434, 53.79641788879147), (-1.557859182357788, 53.79637669792901), (-1.5575158596038818, 53.796287979010934), (-1.5571242570877075, 53.79617708009942), (-1.5568828582763672, 53.79612004625932), (-1.5566682815551758, 53.796056675234894), (-1.5565556287765503, 53.79601865257428), (-1.5564322471618652, 53.795967955639846), (-1.556287407875061, 53.79589191012328), (-1.556088924407959, 53.79575249298482), (-1.5560191869735718, 53.79569862714809), (-1.5558099746704102, 53.79552752344318), (-1.5556329488754272, 53.7953564190402), (-1.5553754568099976, 53.7951282787504), (-1.555337905883789, 53.79508708662138), (-1.5552735328674316, 53.794988859073506), (-1.5551447868347168, 53.794462862483634), (-1.5550857782363892, 53.79429809111069), (-1.5549677610397339, 53.79400973965047), (-1.5548282861709595, 53.793765748405015)]",30.0,0.0,2026-09-28 16:10:00,0.9
Traffic flow_a72fd402a033f2849006398c9f96670063c3a047,"[(-1.558760404586792, 53.80130030363702), (-1.558384895324707, 53.80113239095603), (-1.5575426816940308, 53.80079022718538), (-1.5572530031204224, 53.80066666735983), (-1.5562713146209717, 53.800238957459975), (-1.55606210231781, 53.80015975144423), (-1.5559440851211548, 53.800112227762966), (-1.5556704998016357, 53.80002351674718), (-1.555337905883789, 53.79992213249933), (-1.5548443794250488, 53.79979223357356), (-1.5544044971466064, 53.79967183908795), (-1.5540236234664917, 53.79957362227788)]",35.0,0.0,2026-09-28 16:10:00,0.9
Traffic flow_8893b3feb1643632887781824363da7dc8c988e1,"[(-1.557762622833252, 53.79648442779151), (-1.5584653615951538, 53.79662384249691), (-1.5587228536605835, 53.79668404415825), (-1.5590232610702515, 53.79677593073789), (-1.5593773126602173, 53.79688999655667), (-1.5597635507583618, 53.79704208383247), (-1.5598547458648682, 53.79708327404142), (-1.5600907802581787, 53.79720050749162), (-1.560257077217102, 53.79728605601872), (-1.5603750944137573, 53.79735259364137), (-1.5605360269546509, 53.797450815653306), (-1.560632586479187, 53.7975046792396), (-1.561158299446106, 53.79783102772428)]",40.0,0.0,2026-09-28 16:10:00,0.9
Traffic flow_c61718fdd7f2a320d014ab099f01f5734fe0d454,"[(-1.557285189628601, 53.8006793401792), (-1.557585597038269, 53.800809236357), (-1.558384895324707, 53.80113239095603), (-1.558760404586792, 53.80130030363702)]",40.0,0.0,2026-09-28 16:10:00,0.9
Traffic flow_62fbf4dc4073bad2593795ed5a3749b3e7446c96,"[(-1.561158299446106, 53.79772171710693), (-1.5607184171676636, 53.797457152549406), (-1.5605252981185913, 53.79733675135984), (-1.5601927042007446, 53.79715298045671), (-1.5599191188812256, 53.797019904472435), (-1.5598171949386597, 53.796975545717174), (-1.559511423110962, 53.79685514314496), (-1.5593504905700684, 53.796794941729225), (-1.5590178966522217, 53.796687212664345), (-1.5585511922836304, 53.79656047223373), (-1.5580791234970093, 53.79645907961347), (-1.557188630104065, 53.79629114754695), (-1.5570276975631714, 53.796253125098914), (-1.556587815284729, 53.79613588900045), (-1.5563732385635376, 53.796059843788385), (-1.5561050176620483, 53.795945775711765), (-1.555890440940857, 53.79583487589538), (-1.555686593055725, 53.79569862714809), (-1.5554720163345337, 53.795521186255506), (-1.5552735328674316, 53.79532156435402), (-1.5551930665969849, 53.79515362773277), (-1.555166244506836, 53.795112435628646), (-1.5550804138183594, 53.79492548633989), (-1.555016040802002, 53.79465931981307), (-1.555016040802002, 53.79462763320928), (-1.5549784898757935, 53.79446919983121), (-1.5548282861709595, 53.793765748405015)]",55.0,0.0,2026-09-28 16:10:00,0.9
Traffic flow_3cf65d0e100d0a08b3bc944b86ba4b0ef8a0a024,"[(-1.5545788407325745, 53.79351224950376), (-1.5545868873596191, 53.7935312619745), (-1.5546727180480957, 53.79380694183175), (-1.5548336505889893, 53.79459911524539), (-1.554892659187317, 53.79485260757786), (-1.5549570322036743, 53.79501737677239), (-1.555112600326538, 53.795270866576956), (-1.5551608800888062, 53.79533740739679), (-1.5553057193756104, 53.79551484906689), (-1.5554237365722656, 53.79562574972949), (-1.5555524826049805, 53.79572080720689), (-1.5558314323425293, 53.79590775295061), (-1.5560245513916016, 53.79600914690374), (-1.5563946962356567, 53.79615490028192), (-1.5565234422683716, 53.7962024284479), (-1.556915044784546, 53.79631332729239), (-1.5571725368499756, 53.79637036086966), (-1.557762622833252, 53.79648442779151)]",60.0,0.0,2026-09-28 16:10:00,0.9
Traffic flow_627a0458fcbc30c0a14de7243e763a8c676ec9f4,"[(-1.540258526802063, 53.810505958506674), (-1.5401297807693481, 53.81038559478239), (-1.5398776531219482, 53.81021138351669), (-1.5397489070892334, 53.81011952637598), (-1.5395450592041016, 53.8099959940418), (-1.5393465757369995, 53.80988513138065), (-1.5390193462371826, 53.80972992316248), (-1.538686752319336, 53.80953670396542), (-1.5382790565490723, 53.809368824267864), (-1.538134217262268, 53.809330813676965), (-1.5378928184509277, 53.80929280305159), (-1.5377157926559448, 53.80927696528085), (-1.5373241901397705, 53.80927379772598)]",20.0,0.0,2026-09-28 16:10:00,0.9
Traffic flow_5f774b1984a97a7f962ebb918a08c9a5b02cf9ab,"[(-1.5385901927947998, 53.80648942442736), (-1.5386009216308594, 53.806666818913094), (-1.5385955572128296, 53.806793528800476), (-1.5385794639587402, 53.806948747890615), (-1.5384936332702637, 53.80747458788391), (-1.5384560823440552, 53.80762663677315), (-1.5383380651474, 53.80793706820968), (-1.5382790565490723, 53.80805110367027), (-1.5382039546966553, 53.80817147409772), (-1.5379947423934937, 53.808462895806514), (-1.537908911705017, 53.808570594620996), (-1.5377748012542725, 53.8087511478951), (-1.5373241901397705, 53.80927379772598), (-1.536986231803894, 53.80962222732644)]",25.0,0.0,2026-09-28 16:10:00,0.9
Traffic flow_22e23ea9fc00b42be31f07d81e34464c1e6bc046,"[(-1.540057361125946, 53.80648942442736), (-1.5400224924087524, 53.80650209548695), (-1.5399152040481567, 53.80653377311916), (-1.5397274494171143, 53.80656861848695), (-1.5390247106552124, 53.80665098015024), (-1.5388798713684082, 53.806663651160996), (-1.538659930229187, 53.806669986664936), (-1.5386009216308594, 53.806666818913094)]",25.0,0.0,2026-09-28 16:10:00,0.9
Traffic flow_83312f4c291a1b225086de1277f76b44fe54c570,"[(-1.536986231803894, 53.812404808894634), (-1.5370720624923706, 53.81235571543074), (-1.5375655889511108, 53.812083324844565), (-1.538686752319336, 53.81147202324799), (-1.5392124652862549, 53.8111742876357), (-1.5393465757369995, 53.81110143711066), (-1.5396898984909058, 53.810895554507546), (-1.5403014421463013, 53.810543968032015)]",30.0,0.0,2026-09-28 16:10:00,0.9
Traffic flow_d0f2bd67d7f05a327054bce17b1dff398f693f02,"[(-1.550171971321106, 53.808193647559804), (-1.5493297576904297, 53.80839954343346), (-1.5487933158874512, 53.80852308047224), (-1.548449993133545, 53.8085325833063), (-1.547897458076477, 53.80845022533956), (-1.5477687120437622, 53.808437554868775), (-1.547623872756958, 53.80844389010465), (-1.547500491142273, 53.80845972819014), (-1.5471839904785156, 53.80852308047224), (-1.5466207265853882, 53.80861494111124), (-1.5451133251190186, 53.80888101906756), (-1.5445822477340698, 53.80896020860941), (-1.5439867973327637, 53.80905840343353), (-1.5422970056533813, 53.809346651427354)]",30.0,0.0,2026-09-28 16:10:00,0.9
Traffic flow_dbe685c9b1acb3c86fdd1dcdf6de8802d6764d6a,"[(-1.536986231803894, 53.809902552675396), (-1.5370827913284302, 53.809802776071145), (-1.5375763177871704, 53.80927696528085), (-1.537758708000183, 53.8090774088568), (-1.5379303693771362, 53.808874683897756), (-1.5380644798278809, 53.808690963556806), (-1.5382415056228638, 53.808421716774916), (-1.5384024381637573, 53.80813663006216), (-1.5384989976882935, 53.80794023586555), (-1.5386438369750977, 53.80752843859526), (-1.5387296676635742, 53.807154649878484), (-1.5387672185897827, 53.80694558015983), (-1.538783311843872, 53.806666818913094), (-1.5387725830078125, 53.80658445728092)]",35.0,0.0,2026-09-28 16:10:00,0.9
Traffic flow_f95d4bde542d28eab05d725295676c9de65ecd8c,"[(-1.5422970056533813, 53.809346651427354), (-1.5445822477340698, 53.80896020860941), (-1.5451133251190186, 53.80888101906756), (-1.5466207265853882, 53.80861494111124), (-1.5472376346588135, 53.80851357763603), (-1.547500491142273, 53.80845972819014), (-1.547623872756958, 53.80844389010465), (-1.5477687120437622, 53.808437554868775), (-1.547897458076477, 53.80845022533956), (-1.548449993133545, 53.8085325833063), (-1.5487933158874512, 53.80852308047224), (-1.5493297576904297, 53.80839954343346), (-1.550171971321106, 53.808193647559804)]",35.0,0.0,2026-09-28 16:10:00,0.9
Traffic flow_e225429b41ba7ad5854a8f5d5d0573b08030aeb6,"[(-1.5386009216308594, 53.806666818913094), (-1.538659930229187, 53.806669986664936), (-1.5388798713684082, 53.806663651160996), (-1.5390247106552124, 53.80665098015024), (-1.5397274494171143, 53.80656861848695), (-1.5399152040481567, 53.80653377311916), (-1.5400224924087524, 53.80650209548695), (-1.540057361125946, 53.80648942442736)]",35.0,0.0,2026-09-28 16:10:00,0.9
Traffic flow_400bd5414784074302f221d7090557bbf9b69962,"[(-1.5397220849990845, 53.81427506868034), (-1.5399420261383057, 53.8139203433476), (-1.5399795770645142, 53.8138633336391), (-1.5400922298431396, 53.81371447459022), (-1.540285348892212, 53.81349593587978), (-1.540435552597046, 53.81335024277312), (-1.540859341621399, 53.81286248390416), (-1.5410900115966797, 53.81261543503877), (-1.5416532754898071, 53.81206748812812), (-1.5417283773422241, 53.81197246770385), (-1.5421092510223389, 53.81158921647278), (-1.5423613786697388, 53.81132632310621), (-1.5425384044647217, 53.81115845057581), (-1.5426403284072876, 53.81106976292985), (-1.5432143211364746, 53.81078152678454), (-1.5435576438903809, 53.810651661499975), (-1.543927788734436, 53.810483786267646), (-1.544051170349121, 53.81044894415404), (-1.5445876121520996, 53.81033174774121), (-1.5449899435043335, 53.81025256079029), (-1.5458911657333374, 53.810043506521104), (-1.5463900566101074, 53.809923141468936), (-1.5468889474868774, 53.80984395374612), (-1.5471088886260986, 53.809831283696596), (-1.5478813648223877, 53.8098091111007), (-1.5481603145599365, 53.809793273525024), (-1.5488791465759277, 53.80976159835572), (-1.550171971321106, 53.80974100948284)]",40.0,0.0,2026-09-28 16:10:00,0.9
Traffic flow_c95a0fc556652724f254f4fc730d2801865438d5,"[(-1.5445339679718018, 53.80650209548695), (-1.544501781463623, 53.80650209548695), (-1.5444695949554443, 53.80651793430605), (-1.544453501701355, 53.80653694088107), (-1.5444588661193848, 53.8065591152077), (-1.5444642305374146, 53.80656861848695), (-1.544480323791504, 53.80657495400526)]",45.0,0.0,2026-09-28 16:10:00,0.9
Traffic flow_4b53a049e0ed50111a0db7616588b0e924fdd446,"[(-1.544480323791504, 53.80657495400526), (-1.5441584587097168, 53.806923406037605), (-1.5438634157180786, 53.80728769370205), (-1.543702483177185, 53.80751576784587), (-1.542903184890747, 53.808573762228995), (-1.5425115823745728, 53.809124922377265), (-1.5424472093582153, 53.80920727901849), (-1.5422970056533813, 53.809346651427354), (-1.5418946743011475, 53.809625394854976), (-1.5411651134490967, 53.810043506521104), (-1.5406608581542969, 53.81034441763947), (-1.5403014421463013, 53.810543968032015)]",45.0,0.0,2026-09-28 16:10:00,0.9
Traffic flow_2a5c5536c8cc2ea20e65b9bd962ac1123c72e3ba,"[(-1.5387725830078125, 53.80658445728092), (-1.5387645363807678, 53.80648942442736)]",55.0,0.0,2026-09-28 16:10:00,0.9
Traffic flow_67343760f24857406f442ff3fe42c46545900db2,"[(-1.5494906902313232, 53.80502905915518), (-1.5493297576904297, 53.805060737900405), (-1.5492171049118042, 53.80507657726403), (-1.5490937232971191, 53.8050702415193), (-1.548922061920166, 53.80500688401929)]",5.0,0.0,2026-09-28 16:10:00,0.9
Traffic flow_f20d17dd8639d7990643ceffcede20923091ab3d,"[(-1.550171971321106, 53.80451110827587), (-1.5498554706573486, 53.804737613576094), (-1.5495496988296509, 53.804984708871665), (-1.5494906902313232, 53.80502905915518), (-1.549270749092102, 53.805272984875955)]",5.0,0.0,2026-09-28 16:10:00,0.9
Traffic flow_a7aae8c2810ee30c9392bb2ec7a2f67691790be4,"[(-1.5448236465454102, 53.80259289195328), (-1.5447109937667847, 53.80255804328113), (-1.544603705406189, 53.80255170715581), (-1.544228196144104, 53.80258655583322), (-1.5438365936279297, 53.802649916990674), (-1.5434449911117554, 53.80272595025325), (-1.5431016683578491, 53.802782975109686), (-1.5429943799972534, 53.80279564728947), (-1.5428602695465088, 53.80279881533382), (-1.542806625366211, 53.80279564728947), (-1.5426242351531982, 53.80275763073861), (-1.54258131980896, 53.80274495854733), (-1.5424740314483643, 53.802700605847704), (-1.5422755479812622, 53.80262774059646)]",10.0,0.0,2026-09-28 16:10:00,0.9
Traffic flow_b319518bdb7cf7b3179d43259bd9b912ebbc47bb,"[(-1.5496784448623657, 53.80177869268293), (-1.5495926141738892, 53.80171216208275), (-1.5494585037231445, 53.8016171181851), (-1.5493243932724, 53.801528410352915), (-1.5490347146987915, 53.80132564888895), (-1.548970341682434, 53.8012654538906), (-1.5487772226333618, 53.80105952297959), (-1.5486806631088257, 53.800939132132406)]",10.0,0.0,2026-09-28 16:10:00,0.9
Traffic flow_de0c1691ed35e210e3eb32f5c53f24cdaebc4a56,"[(-1.5447914600372314, 53.80692974150229), (-1.5443140268325806, 53.80696775427032), (-1.5442174673080444, 53.806989928369084), (-1.5437507629394531, 53.80703110880712), (-1.5434181690216064, 53.80705011514948), (-1.5431016683578491, 53.8070754569259), (-1.5427851676940918, 53.807110301843466), (-1.5421414375305176, 53.807167320737015), (-1.541379690170288, 53.807252848931924), (-1.540982723236084, 53.80728452599687), (-1.5408647060394287, 53.80722750726274), (-1.5407520532608032, 53.80717999159172), (-1.5405482053756714, 53.80708812780836), (-1.5403282642364502, 53.80699309609652), (-1.5402156114578247, 53.80695191562116), (-1.5399205684661865, 53.80686005133805), (-1.5397489070892334, 53.806793528800476), (-1.5395718812942505, 53.806720670662024), (-1.5393733978271484, 53.80665098015024), (-1.5393465757369995, 53.80663830913565)]",10.0,0.0,2026-09-28 16:10:00,0.9
Traffic flow_d0e3c6d9681380270711f17e002a3a627343e881,"[(-1.5480154752731323, 53.80429410554681), (-1.548696756362915, 53.80485165773961), (-1.548922061920166, 53.80500688401929), (-1.549270749092102, 53.805272984875955), (-1.549147367477417, 53.80553908404371), (-1.5491098165512085, 53.80564995819849), (-1.5490883588790894, 53.80575132859769), (-1.5490615367889404, 53.80596990768692), (-1.5490829944610596, 53.80649575995764)]",10.0,0.0,2026-09-28 16:10:00,0.9
Traffic flow_c6a6500a7703b960b5712f7a61a9b36b82ebbbb2,"[(-1.5447914600372314, 53.80692974150229), (-1.544753909111023, 53.80712930814993), (-1.544802188873291, 53.80718315930479), (-1.5448665618896484, 53.8071356435835), (-1.5449202060699463, 53.80692023830489)]",10.0,0.0,2026-09-28 16:10:00,0.9
Traffic flow_606d808ba5be18be412180bb8e3bf3cd2ff9e203,"[(-1.5449148416519165, 53.80778818811371), (-1.544802188873291, 53.807430240187344), (-1.5447914600372314, 53.80733837695235), (-1.544802188873291, 53.80718315930479)]",10.0,0.0,2026-09-28 16:10:00,0.9
Traffic flow_92766c132678d1ec92c636f40d9f51a6bde06d47,"[(-1.5471464395523071, 53.80368585833489), (-1.5471357107162476, 53.80373971391283), (-1.5470820665359497, 53.80386643264687), (-1.5469640493392944, 53.80405651002985), (-1.5468192100524902, 53.80425609035457)]",15.0,0.0,2026-09-28 16:10:00,0.9
Traffic flow_76b80d7e07845a0d288210b487acd1d47ee6de9e,"[(-1.5486806631088257, 53.800939132132406), (-1.5487772226333618, 53.80105952297959), (-1.548970341682434, 53.8012654538906), (-1.5490347146987915, 53.80132564888895), (-1.5493243932724, 53.801528410352915), (-1.5494585037231445, 53.8016171181851), (-1.5495926141738892, 53.80171216208275), (-1.5496784448623657, 53.80177869268293), (-1.5497320890426636, 53.80174384333409), (-1.5497803688049316, 53.80171849833493), (-1.5498608350753784, 53.80167097642022), (-1.5499627590179443, 53.801604445649126), (-1.550171971321106, 53.80148564043821)]",15.0,0.0,2026-09-28 16:10:00,0.9
Traffic flow_c4aa2f4023ab1b55b77d0aa3d6ce1c19c2a07013,"[(-1.5417283773422241, 53.805643622540394), (-1.5417444705963135, 53.80569747560363), (-1.5418356657028198, 53.80576716770042), (-1.5424472093582153, 53.806128297619225), (-1.5428495407104492, 53.80632786808193), (-1.5429890155792236, 53.80643874015071), (-1.5430963039398193, 53.80659079279683), (-1.543155312538147, 53.806714335165736), (-1.5431660413742065, 53.80677452234178), (-1.5431606769561768, 53.80684104490951), (-1.5431660413742065, 53.806939244697524), (-1.5431016683578491, 53.8070754569259)]",15.0,0.0,2026-09-28 16:10:00,0.9
Traffic flow_8a4bc6b06ac1ab57ff787293d0afe917b004f587,"[(-1.5409451723098755, 53.80520645982012), (-1.5413850545883179, 53.80544721666478), (-1.5417283773422241, 53.805643622540394)]",15.0,0.0,2026-09-28 16:10:00,0.9
Traffic flow_d4bfb9d0bf461aa74952b2d270309b8216863a20,"[(-1.5402156114578247, 53.80695191562116), (-1.5401780605316162, 53.80696775427032), (-1.5401190519332886, 53.80697408972831), (-1.5398776531219482, 53.806923406037605), (-1.539786458015442, 53.80691390283877), (-1.5396469831466675, 53.80691707057195), (-1.53958261013031, 53.80692974150229), (-1.5395236015319824, 53.806948747890615), (-1.539432406425476, 53.80699626382373), (-1.5394270420074463, 53.8070025992774), (-1.5393519401550293, 53.80704377970299)]",15.0,0.0,2026-09-28 16:10:00,0.9
Traffic flow_8513320c942bba9a62f20cfe74be323a8a20de9b,"[(-1.5375280380249023, 53.80562778339099), (-1.5374690294265747, 53.805580265906855), (-1.5372920036315918, 53.80541870605797), (-1.537034511566162, 53.80517161332018), (-1.536986231803894, 53.80513201498964)]",15.0,0.0,2026-09-28 16:10:00,0.9
Traffic flow_ea6249b0ccee86f2c0d36ce4af26fab68307d8d7,"[(-1.541229486465454, 53.80393612778735), (-1.5412938594818115, 53.80389811227053), (-1.5414762496948242, 53.80380940926395), (-1.5416961908340454, 53.803689026311986), (-1.541857123374939, 53.803612994795806), (-1.5421843528747559, 53.80346409934395), (-1.5423238277435303, 53.80341024341199), (-1.5424150228500366, 53.8033785634197), (-1.5425705909729004, 53.803331043386386), (-1.5426725149154663, 53.80331203535798), (-1.5427476167678833, 53.80328352329922), (-1.5428495407104492, 53.803251843211186), (-1.543053388595581, 53.8031979870066), (-1.5433430671691895, 53.80311245053949), (-1.5436971187591553, 53.803030081924746), (-1.5440726280212402, 53.80295404921368), (-1.544528603553772, 53.80288435244075), (-1.5447700023651123, 53.80285267205112), (-1.5450060367584229, 53.80283683184733), (-1.5451347827911377, 53.80283683184733), (-1.5453118085861206, 53.80284950401084), (-1.5453869104385376, 53.80286217617052), (-1.5455156564712524, 53.80289385655298), (-1.5456336736679077, 53.802935041014365), (-1.5456980466842651, 53.802960385278205), (-1.5457892417907715, 53.80301107375991), (-1.5458911657333374, 53.80308710636757), (-1.5459394454956055, 53.80312829063916), (-1.545998454093933, 53.803188482963314), (-1.546175479888916, 53.80342925139587), (-1.5462720394134521, 53.80353062716437), (-1.5463578701019287, 53.803581314956716), (-1.5464597940444946, 53.80362883470639), (-1.5465295314788818, 53.80365101057114), (-1.5466958284378052, 53.803689026311986), (-1.54682457447052, 53.80367952238), (-1.5471464395523071, 53.80368585833489)]",20.0,0.0,2026-09-28 16:10:00,0.9
Traffic flow_37f88d162bfb1b1cd4724f1b7e64ba15ec582690,"[(-1.5403389930725098, 53.805111423842966), (-1.540360450744629, 53.805196956232095), (-1.5403658151626587, 53.80528565630319), (-1.5402907133102417, 53.80558660157452), (-1.5402048826217651, 53.80585269875179), (-1.5401136875152588, 53.80603326373165), (-1.540060043334961, 53.80612512982644), (-1.5400171279907227, 53.80618531784837), (-1.5399366617202759, 53.80628351917232), (-1.5398669242858887, 53.80635321029493), (-1.5396898984909058, 53.806505263251246), (-1.539561152458191, 53.806578121764055), (-1.5393733978271484, 53.80665098015024), (-1.5392124652862549, 53.8067238384098), (-1.5390944480895996, 53.80679036105795), (-1.5389710664749146, 53.806793528800476), (-1.5388262271881104, 53.80680619976815), (-1.537436842918396, 53.80708496008811), (-1.536986231803894, 53.80717840773509)]",20.0,0.0,2026-09-28 16:10:00,0.9
Traffic flow_f7d4a3b890f6d363bf47cfb98af730b8a6cacef4,"[(-1.5407627820968628, 53.80000133896391), (-1.5406018495559692, 53.80018826562713), (-1.540435552597046, 53.80037835968433), (-1.540285348892212, 53.80052092966172), (-1.5400922298431396, 53.80073953601894), (-1.5399688482284546, 53.80090428208582)]",20.0,0.0,2026-09-28 16:10:00,0.9
Traffic flow_316837550323f9b51704b12c1238705fa2f18646,"[(-1.539684534072876, 53.80404383823113), (-1.537039875984192, 53.80450952431841), (-1.536986231803894, 53.80451902806226)]",20.0,0.0,2026-09-28 16:10:00,0.9
Traffic flow_eb6ac62701aa64a19f52acbf81581301f2875fae,"[(-1.550171971321106, 53.800055199274354), (-1.549769639968872, 53.800289649231544), (-1.5491312742233276, 53.80065716274278), (-1.548970341682434, 53.800761713411795), (-1.5487611293792725, 53.80089160933442), (-1.5486806631088257, 53.800939132132406), (-1.5485036373138428, 53.801027841211216), (-1.5482622385025024, 53.801167240813044), (-1.5481013059616089, 53.801271790210286), (-1.5479350090026855, 53.801385843800894), (-1.5478169918060303, 53.80147772007884), (-1.5477579832077026, 53.80153791477248), (-1.5475648641586304, 53.801766020195785), (-1.5474092960357666, 53.80200046058781), (-1.54732346534729, 53.80220638687783), (-1.5472805500030518, 53.80240597600919), (-1.5472590923309326, 53.80263090865349), (-1.5472322702407837, 53.803030081924746), (-1.5471839904785156, 53.80348627529582), (-1.5471464395523071, 53.80368585833489)]",25.0,0.0,2026-09-28 16:10:00,0.9
Traffic flow_7b63d695f4b559ff8c5108b6f875165c1841835a,"[(-1.5393251180648804, 53.80317264288638), (-1.540934443473816, 53.80295721724606), (-1.5411275625228882, 53.80290969673521), (-1.5412938594818115, 53.80283683184733), (-1.5415030717849731, 53.8026815975335)]",25.0,0.0,2026-09-28 16:10:00,0.9
Traffic flow_2f4fbe2610b7b9678cfd81bb3ab5b66d38011777,"[(-1.549270749092102, 53.805272984875955), (-1.5494906902313232, 53.80502905915518), (-1.5495496988296509, 53.804984708871665), (-1.5498554706573486, 53.804737613576094), (-1.550171971321106, 53.80451110827587)]",25.0,0.0,2026-09-28 16:10:00,0.9
Traffic flow_08986b431aa6b0137d23ea37e9b9a5768602b435,"[(-1.5459609031677246, 53.80493719065869), (-1.5454941987991333, 53.80482314672782), (-1.5453869104385376, 53.80478829990929), (-1.545054316520691, 53.80464574444099), (-1.5445339679718018, 53.80443032636927), (-1.544405221939087, 53.80437330375325), (-1.5442442893981934, 53.804297273477935), (-1.5440726280212402, 53.80419906750159), (-1.5439814329147339, 53.8041515483982), (-1.5437185764312744, 53.80399948690543), (-1.5435147285461426, 53.8038537607907), (-1.5433859825134277, 53.80375238580346), (-1.5431016683578491, 53.80349577927159), (-1.5428227186203003, 53.8032233311115), (-1.5427958965301514, 53.80319481899241), (-1.542731523513794, 53.80310928251883), (-1.5426993370056152, 53.803083938345004), (-1.5426403284072876, 53.803026913897874), (-1.5425384044647217, 53.802912864770946), (-1.5424901247024536, 53.80285267205112), (-1.542382836341858, 53.802732286352224), (-1.5421199798583984, 53.802475673577284), (-1.542007327079773, 53.8023774633343), (-1.541905403137207, 53.802301429439815), (-1.5417712926864624, 53.80222539540746), (-1.541604995727539, 53.802155697423345), (-1.5414977073669434, 53.802120848387844), (-1.5414011478424072, 53.80209550361656), (-1.5410900115966797, 53.80204481402804), (-1.5408915281295776, 53.802035309723365), (-1.5406608581542969, 53.80203847782516), (-1.5399795770645142, 53.80207332692912), (-1.5397918224334717, 53.80207966312672), (-1.5394002199172974, 53.80206699073055), (-1.539062261581421, 53.80204481402804), (-1.5386545658111572, 53.801994124378226), (-1.5384453535079956, 53.80195610710066), (-1.5382790565490723, 53.801914921677735), (-1.5381020307540894, 53.8018642318709), (-1.5379679203033447, 53.80181987823966), (-1.5377962589263916, 53.8017501795815), (-1.537613868713379, 53.80167097642022), (-1.5374904870986938, 53.801610781917596), (-1.537361741065979, 53.80153157849301), (-1.537259817123413, 53.80146187935563), (-1.5371686220169067, 53.80139534825278), (-1.5370506048202515, 53.80129396732164), (-1.536986231803894, 53.801227435952384)]",30.0,0.0,2026-09-28 16:10:00,0.9
Traffic flow_75482925647094cc65b59e792ab7c6d1d585f8d3,"[(-1.5463685989379883, 53.80459822584384), (-1.546749472618103, 53.80431311312999), (-1.5468192100524902, 53.80425609035457)]",30.0,0.0,2026-09-28 16:10:00,0.9
Traffic flow_3352d6bbdff1eba583698233c2baf740e14bd446,"[(-1.5460789203643799, 53.80497203735347), (-1.5459609031677246, 53.80493719065869)]",30.0,0.0,2026-09-28 16:10:00,0.9
Traffic flow_d4eaba4b036e00120b859691d6711d4ad2910d8c,"[(-1.5399688482284546, 53.80090428208582), (-1.5396738052368164, 53.80137633934686), (-1.5395236015319824, 53.80171849833493), (-1.5394484996795654, 53.80192125789928), (-1.539384126663208, 53.80213352076774), (-1.539309024810791, 53.80250735425176), (-1.5392929315567017, 53.80298572952672), (-1.5393251180648804, 53.80317264288638), (-1.5393948554992676, 53.8034831073034), (-1.5395182371139526, 53.80375872174735), (-1.539684534072876, 53.80404383823113), (-1.5400171279907227, 53.80445566972927), (-1.540183424949646, 53.804633072820344), (-1.5403443574905396, 53.804781964121), (-1.540435552597046, 53.80486116140591), (-1.5406018495559692, 53.804984708871665), (-1.5407037734985352, 53.80505440215328), (-1.540907621383667, 53.80518745264193), (-1.5409451723098755, 53.80520645982012)]",30.0,0.0,2026-09-28 16:10:00,0.9
Traffic flow_960dcc666728006f3115f7f3b39c4d9127793de6,"[(-1.5393465757369995, 53.80663830913565), (-1.5393036603927612, 53.806612967094985), (-1.5390890836715698, 53.806511598779124), (-1.5389817953109741, 53.80646725006387), (-1.5387994050979614, 53.806381720266245), (-1.538236141204834, 53.80605227052639), (-1.5382039546966553, 53.80595723646649), (-1.5381985902786255, 53.805897048117124), (-1.5382146835327148, 53.805824188420715), (-1.5382468700408936, 53.8057576642395), (-1.5382736921310425, 53.805706979078195), (-1.5383487939834595, 53.805630951221346), (-1.5384399890899658, 53.805564426733504), (-1.5384936332702637, 53.80553591620641), (-1.5385794639587402, 53.80549473429971), (-1.5386813879013062, 53.805463055882406), (-1.5388530492782593, 53.80542820959573), (-1.538960337638855, 53.80541237036494), (-1.539158821105957, 53.80541553821157), (-1.539282202720642, 53.80542820959573), (-1.5394002199172974, 53.805453552352546), (-1.5395128726959229, 53.80549156645905), (-1.53958261013031, 53.80552324485481), (-1.5396898984909058, 53.80558660157452), (-1.5397971868515015, 53.805672132994246), (-1.5398776531219482, 53.80578300679717), (-1.5398991107940674, 53.805836859681364), (-1.5398937463760376, 53.80594773304866), (-1.5398508310317993, 53.80606810951544), (-1.5397489070892334, 53.80625500913421)]",40.0,0.0,2026-09-28 16:10:00,0.9
Traffic flow_e54538b4041393eb4bd161fadac98509a1329d76,"[(-1.5417230129241943, 53.805640454710996), (-1.5413850545883179, 53.80544721666478), (-1.541132926940918, 53.80530783129164), (-1.540907621383667, 53.80518745264193), (-1.5407037734985352, 53.80505440215328), (-1.5406018495559692, 53.804984708871665), (-1.540435552597046, 53.80486116140591), (-1.5403443574905396, 53.804781964121), (-1.540183424949646, 53.804633072820344), (-1.5400171279907227, 53.80445566972927), (-1.539684534072876, 53.80404383823113), (-1.5395182371139526, 53.80375872174735), (-1.5393948554992676, 53.8034831073034), (-1.5393251180648804, 53.80317264288638), (-1.5392929315567017, 53.80298572952672), (-1.539309024810791, 53.80250735425176), (-1.5394002199172974, 53.80206699073055), (-1.5394484996795654, 53.8019117535666), (-1.5395236015319824, 53.80171849833493), (-1.5396738052368164, 53.80137633934686), (-1.5399420261383057, 53.800945468501396), (-1.5399795770645142, 53.800888441145965), (-1.5400922298431396, 53.80073953601894), (-1.540285348892212, 53.80052092966172), (-1.540435552597046, 53.80037835968433), (-1.5406769514083862, 53.80010272302025), (-1.5407627820968628, 53.80000133896391)]",40.0,0.0,2026-09-28 16:10:00,0.9
Traffic flow_b63f3d772e814c5ea876c867648fd6f667cb6f4b,"[(-1.5405482053756714, 53.80708812780836), (-1.5405213832855225, 53.80705645059502), (-1.5404409170150757, 53.8069835929135), (-1.5403711795806885, 53.80688222549378), (-1.5403443574905396, 53.80677135459783), (-1.540408730506897, 53.80606177392055), (-1.5404301881790161, 53.805893880306876), (-1.5404516458511353, 53.80553591620641)]",45.0,0.0,2026-09-28 16:10:00,0.9
Traffic flow_7f06de5810e9287a3d315fd68a58e2bc27bddaf9,"[(-1.5477579832077026, 53.80153791477248), (-1.5475326776504517, 53.801699489575505), (-1.5474039316177368, 53.80178186080411), (-1.5472429990768433, 53.80185789564074), (-1.5471088886260986, 53.8019117535666), (-1.546926498413086, 53.80199729248314), (-1.5464812517166138, 53.80220005069937), (-1.546277403831482, 53.80227925286129), (-1.5460950136184692, 53.8023299421664), (-1.5459233522415161, 53.80236795910504), (-1.545628309249878, 53.80239647178638), (-1.5451186895370483, 53.80241231215653), (-1.5448987483978271, 53.802424984448336), (-1.5445125102996826, 53.80245983323107), (-1.5439653396606445, 53.80253269877411), (-1.5436166524887085, 53.802596060012945), (-1.5427154302597046, 53.80277663901835), (-1.5424901247024536, 53.80285267205112), (-1.542404294013977, 53.80288752047839), (-1.5422111749649048, 53.802982561496485), (-1.5421360731124878, 53.803026913897874), (-1.5418893098831177, 53.8031979870066), (-1.5417230129241943, 53.80332153937326), (-1.5415138006210327, 53.80346726733778), (-1.5413367748260498, 53.80362566672474), (-1.5411972999572754, 53.80382841706686)]",50.0,0.0,2026-09-28 16:10:00,0.9
Traffic flow_1bfe26104f7fcf7d28d6d34c637507656dc22f6a,"[(-1.5448933839797974, 53.80266892531924), (-1.5455853939056396, 53.802615068365924), (-1.5457624197006226, 53.802605564190515), (-1.546250581741333, 53.80259289195328), (-1.5468567609786987, 53.80260239613156), (-1.5469962358474731, 53.802615068365924), (-1.5470659732818604, 53.802615068365924), (-1.5477043390274048, 53.80266258921068), (-1.548122763633728, 53.80271327805239)]",55.0,0.0,2026-09-28 16:10:00,0.9
Traffic flow_fe08204532ffd50f5f5bd7f948e98f698d0cb990,"[(-1.550171971321106, 53.80304433804273), (-1.5499144792556763, 53.80296988937318), (-1.549646258354187, 53.80290019262659), (-1.5493190288543701, 53.802824159679986), (-1.548745036125183, 53.802706941950525), (-1.5481066703796387, 53.80261823642392), (-1.547924280166626, 53.802596060012945), (-1.5473395586013794, 53.80254537102953), (-1.5468782186508179, 53.802523194580026), (-1.5462666749954224, 53.80251052231789), (-1.5454888343811035, 53.802535866838326), (-1.5452206134796143, 53.80255170715581), (-1.5448236465454102, 53.80259289195328), (-1.5443408489227295, 53.80265308504604), (-1.544126272201538, 53.80268476558646), (-1.543402075767517, 53.80282732772218), (-1.5430641174316406, 53.80290969673521), (-1.5428388118743896, 53.80296988937318), (-1.5427583456039429, 53.80299523361595), (-1.5426403284072876, 53.803026913897874), (-1.542404294013977, 53.8031219546), (-1.542307734489441, 53.80315363478618), (-1.541883945465088, 53.80334371540054), (-1.5418034791946411, 53.80338806741989), (-1.5416103601455688, 53.80351795520672), (-1.5415030717849731, 53.80358448294171), (-1.5414118766784668, 53.80365417855085), (-1.5412455797195435, 53.80377456160287), (-1.5411972999572754, 53.80382841706686), (-1.541009545326233, 53.80400265485882), (-1.5409290790557861, 53.804081853615806), (-1.540730595588684, 53.804335288632835), (-1.5405857563018799, 53.80458555420884), (-1.540435552597046, 53.80486116140591), (-1.540306806564331, 53.80518428477805), (-1.5402638912200928, 53.80527615273312), (-1.5400224924087524, 53.805868537816224), (-1.5399634838104248, 53.805979411099734), (-1.5398883819580078, 53.806087116294385), (-1.5398025512695312, 53.806194821212344), (-1.5397489070892334, 53.80625500913421), (-1.5395718812942505, 53.8064229013017), (-1.5392929315567017, 53.806619302606585), (-1.5391641855239868, 53.80670483191952), (-1.5390783548355103, 53.80675551587447), (-1.5390300750732422, 53.80677769008549), (-1.5389710664749146, 53.806793528800476), (-1.5386277437210083, 53.80691707057195), (-1.5382522344589233, 53.807027941082545), (-1.5381985902786255, 53.80703744425552), (-1.5379464626312256, 53.807097630967704), (-1.5372759103775024, 53.80722750726274), (-1.536986231803894, 53.80728452599687)]",60.0,0.0,2026-09-28 16:10:00,0.9
Traffic flow_6bfd210ecaa04547d943a046efcc5c7ccb5e6c58,"[(-1.5425115823745728, 53.799659165964094), (-1.5425384044647217, 53.799412039283375), (-1.5425384044647217, 53.7988924348456), (-1.542527675628662, 53.79879738455674)]",5.0,0.0,2026-09-28 16:10:00,0.9
Traffic flow_fbc7abbd721771f829e1ee3f9e5450c7723a1c2a,"[(-1.5408700704574585, 53.79881639463174), (-1.540934443473816, 53.79882589966602), (-1.5410363674163818, 53.798832236354336), (-1.5413957834243774, 53.79883857304169), (-1.5418624877929688, 53.798813226286505), (-1.5423721075057983, 53.79879421621006), (-1.542527675628662, 53.79879738455674)]",5.0,0.0,2026-09-28 16:10:00,0.9
Traffic flow_52f4f106599fe5f127a0df45dc50b892bf2677e9,"[(-1.5492331981658936, 53.79607568655227), (-1.549345850944519, 53.7963925405732), (-1.5494370460510254, 53.79668404415825), (-1.5495872497558594, 53.79702307295316), (-1.5496355295181274, 53.79708327404142), (-1.5497052669525146, 53.79715931739781), (-1.54982328414917, 53.7972543713994), (-1.5499842166900635, 53.79734625672948), (-1.5501075983047485, 53.7974476472049)]",10.0,0.0,2026-09-28 16:10:00,0.9
Traffic flow_cb26ed2079bc33e6830edd2870e49f3218196479,"[(-1.5490347146987915, 53.79905085151494), (-1.5490829944610596, 53.798984316586704), (-1.549072265625, 53.798949464915495), (-1.5490561723709106, 53.798927286564194), (-1.5490186214447021, 53.7988892665061), (-1.548997163772583, 53.79887659314575), (-1.5489810705184937, 53.79886075143992), (-1.5489542484283447, 53.798844909728096), (-1.5489274263381958, 53.7988227313215), (-1.5489059686660767, 53.79879738455674), (-1.5488845109939575, 53.79872451252272), (-1.5489542484283447, 53.79869282899016), (-1.5490400791168213, 53.79868015557045), (-1.5493243932724, 53.79867381885914), (-1.5496677160263062, 53.79864530364646), (-1.549994945526123, 53.79860411497168), (-1.550171971321106, 53.79858668898171)]",10.0,0.0,2026-09-28 16:10:00,0.9
Traffic flow_f5dacab37228aa5933aaa9d9eb77575413d5e93c,"[(-1.5471625328063965, 53.7986231251343), (-1.54707670211792, 53.79864847200438), (-1.5468353033065796, 53.79869916569859), (-1.5465831756591797, 53.79877520612501), (-1.5464115142822266, 53.79881639463174), (-1.546298861503601, 53.79884807807094), (-1.545976996421814, 53.79892411822734), (-1.5456229448318481, 53.79900015824586), (-1.5452581644058228, 53.79904134653165), (-1.545102596282959, 53.79904768318742), (-1.5448075532913208, 53.79903184154621), (-1.5446358919143677, 53.79900966323847), (-1.544426679611206, 53.79897481158834), (-1.5440136194229126, 53.79892094989024), (-1.5430641174316406, 53.79882906801029), (-1.5428978204727173, 53.79881639463174), (-1.542527675628662, 53.79879738455674)]",10.0,0.0,2026-09-28 16:10:00,0.9
Traffic flow_9f168f6bf3a444ac9b73c5940625eca65b3dfc73,"[(-1.5501075983047485, 53.7974476472049), (-1.5499842166900635, 53.79734625672948), (-1.54982328414917, 53.7972543713994), (-1.5497052669525146, 53.79715931739781), (-1.5496355295181274, 53.79708327404142), (-1.5495872497558594, 53.79702307295316), (-1.5494370460510254, 53.79668404415825), (-1.5492868423461914, 53.7962151026164), (-1.5492331981658936, 53.79607568655227)]",15.0,0.0,2026-09-28 16:10:00,0.9
Traffic flow_45b6b432b5b3314ec0a92c60ef5ff0766d8aeefd,"[(-1.536986231803894, 53.79942629663146), (-1.537034511566162, 53.79944372227254), (-1.5373295545578003, 53.79953243451487), (-1.5375977754592896, 53.79961797828511), (-1.5378284454345703, 53.79968768048738), (-1.538209319114685, 53.79982391627549), (-1.5382790565490723, 53.79984292588515), (-1.5384560823440552, 53.799865103752204), (-1.538558006286621, 53.799861935486206), (-1.538686752319336, 53.7998460941526), (-1.5389764308929443, 53.79980173838666), (-1.5394216775894165, 53.799725699821614), (-1.5397059917449951, 53.79968768048738), (-1.5398508310317993, 53.799675007368315), (-1.5400224924087524, 53.79967183908795), (-1.5401244163513184, 53.79968134392833), (-1.5403014421463013, 53.799709858436536), (-1.5404409170150757, 53.799741541200696), (-1.5407359600067139, 53.79980173838666), (-1.5408968925476074, 53.79983975761748), (-1.5410524606704712, 53.799871440283496), (-1.5414011478424072, 53.79997599291152), (-1.5419107675552368, 53.80015658320049), (-1.5421521663665771, 53.80025479864517), (-1.5423023700714111, 53.8003340044814), (-1.5424740314483643, 53.80041637839237), (-1.5426671504974365, 53.80050192035941), (-1.5427690744400024, 53.80054310717019), (-1.5429407358169556, 53.800600134995264), (-1.5430909395217896, 53.80063815350222), (-1.5431606769561768, 53.80064765812358), (-1.5433377027511597, 53.8006603309487), (-1.543530821800232, 53.80064765812358), (-1.543702483177185, 53.80062231246185), (-1.543804407119751, 53.80059063036314), (-1.5439599752426147, 53.80052726609391), (-1.544051170349121, 53.80047657460958), (-1.5442442893981934, 53.80037835968433), (-1.5444964170455933, 53.80025479864517), (-1.5445339679718018, 53.800238957459975), (-1.5450435876846313, 53.79998866593963), (-1.5453600883483887, 53.79983975761748), (-1.5454941987991333, 53.79978589703031), (-1.5457355976104736, 53.799709858436536), (-1.5458053350448608, 53.79969401704548), (-1.5459072589874268, 53.79967817564844), (-1.546003818511963, 53.79967183908795), (-1.5461325645446777, 53.79967183908795), (-1.546202301979065, 53.79969084876655), (-1.5462452173233032, 53.799659165964094), (-1.5462827682495117, 53.79963698798813), (-1.5463310480117798, 53.79961481000043), (-1.546427607536316, 53.79955144425668), (-1.546599268913269, 53.7993866928748), (-1.5467870235443115, 53.799190257688934), (-1.5468299388885498, 53.79912055465987), (-1.546872854232788, 53.799063524822635), (-1.5469694137573242, 53.79889877152386), (-1.5470337867736816, 53.79880688959532), (-1.5471196174621582, 53.79869916569859), (-1.5471625328063965, 53.7986231251343)]",15.0,0.0,2026-09-28 16:10:00,0.9
Traffic flow_8348bee14cd53c04e19a7622358a9a85b3d29400,"[(-1.5443703532218933, 53.80130030363702), (-1.544303297996521, 53.8012654538906), (-1.5441209077835083, 53.80118624981374), (-1.5439438819885254, 53.80110387741511), (-1.5436971187591553, 53.800992991238346), (-1.5434664487838745, 53.80087576838979), (-1.5434128046035767, 53.80084408648258), (-1.5433752536773682, 53.80081557274562), (-1.5433484315872192, 53.80079022718538), (-1.5433323383331299, 53.80074904061731), (-1.5433377027511597, 53.8006603309487)]",25.0,0.0,2026-09-28 16:10:00,0.9
Traffic flow_4a47e9ec7fdd91a9af8f48324bf0503e08de9738,"[(-1.5463417768478394, 53.7997573825738), (-1.5464329719543457, 53.799865103752204), (-1.546524167060852, 53.800048862770836), (-1.5465563535690308, 53.800153414956505), (-1.5466368198394775, 53.800631817086796), (-1.5466850996017456, 53.80082824551999), (-1.5467816591262817, 53.80128129468802), (-1.5467870235443115, 53.80130030363702)]",25.0,0.0,2026-09-28 16:10:00,0.9
Traffic flow_24072ee8b93cba9b4526d6aab01763b3ad345606,"[(-1.536986231803894, 53.799237782415055), (-1.5373402833938599, 53.79913639626755)]",30.0,0.0,2026-09-28 16:10:00,0.9
Traffic flow_5d269e81caf23efd99abbe0314b4dd2d56d2e1c8,"[(-1.5361011028289795, 53.810528130733985), (-1.535940170288086, 53.81060098225541), (-1.5358328819274902, 53.81063582424264), (-1.535736322402954, 53.81066116385152), (-1.5356075763702393, 53.81067383365022), (-1.5354949235916138, 53.81066749875134), (-1.5353286266326904, 53.81063899169458), (-1.535237431526184, 53.81061681952592)]",20.0,0.0,2026-09-28 16:10:00,0.9
Traffic flow_460d9c0de5ccddb0f9c1353b385813299e963e0d,"[(-1.539185643196106, 53.80981069485794), (-1.5390139818191528, 53.80972992316248), (-1.5386813879013062, 53.80953670396542), (-1.5384882688522339, 53.80945434797139), (-1.5382736921310425, 53.809368824267864), (-1.5381288528442383, 53.809330813676965), (-1.5380483865737915, 53.80931497592058), (-1.5378928184509277, 53.80929280305159), (-1.5377157926559448, 53.80927696528085), (-1.5373241901397705, 53.80927379772598)]",20.0,0.0,2026-09-28 16:10:00,0.9
Traffic flow_db94bc5674ab1f95e56c31df38cb0a613fc4a5d2,"[(-1.53858482837677, 53.80648942442736), (-1.5385955572128296, 53.806666818913094), (-1.5385955572128296, 53.806793528800476), (-1.5385794639587402, 53.806948747890615), (-1.5384775400161743, 53.807525270908265), (-1.5384238958358765, 53.80772166704888), (-1.5383327007293701, 53.80793706820968), (-1.5382736921310425, 53.80805110367027), (-1.5381449460983276, 53.80825066497991), (-1.5379947423934937, 53.808462895806514), (-1.537908911705017, 53.808570594620996), (-1.5377748012542725, 53.8087511478951), (-1.5373241901397705, 53.80927379772598), (-1.536412239074707, 53.81021455100071), (-1.5361011028289795, 53.810528130733985), (-1.5358972549438477, 53.81077835934337), (-1.5357470512390137, 53.810857545301005), (-1.5355968475341797, 53.81095573568074), (-1.5352696180343628, 53.811253472845394), (-1.5350496768951416, 53.811465688469745)]",25.0,0.0,2026-09-28 16:10:00,0.9
Traffic flow_571eb3fe23296944e924dc6f3d5f6b73cd00bcce,"[(-1.539185643196106, 53.80663197362692), (-1.5390247106552124, 53.80665098015024), (-1.5388798713684082, 53.806663651160996), (-1.5386545658111572, 53.806669986664936), (-1.5385955572128296, 53.806666818913094)]",25.0,0.0,2026-09-28 16:10:00,0.9
Traffic flow_81b563dd097ebf948c04c8828a1b8f81a094cad2,"[(-1.533365249633789, 53.80989780141392), (-1.533493995666504, 53.80992947648029), (-1.5338319540023804, 53.80995798401958), (-1.5339070558547974, 53.80997065403081), (-1.534014344215393, 53.80999916154209), (-1.5341001749038696, 53.81003083653189), (-1.5341806411743164, 53.81005617650649), (-1.5344703197479248, 53.81018604363591), (-1.5345454216003418, 53.810230388417224), (-1.5346097946166992, 53.81027790063086), (-1.534690260887146, 53.81034758511344), (-1.5347814559936523, 53.81043627428737), (-1.5349048376083374, 53.81061681952592), (-1.5349370241165161, 53.810724512806715), (-1.5349960327148438, 53.81105709325082), (-1.5350711345672607, 53.81161455550533), (-1.5351301431655884, 53.811931292119766), (-1.5352052450180054, 53.81214350431246), (-1.5352427959442139, 53.81221001836065), (-1.5353178977966309, 53.81231454022314), (-1.535661220550537, 53.81268511563542), (-1.5357416868209839, 53.81279597089134), (-1.5359938144683838, 53.81320454916002), (-1.5361064672470093, 53.81335024277312), (-1.5364068746566772, 53.81376198285475), (-1.5364712476730347, 53.8138474975952), (-1.5367019176483154, 53.81411037514921), (-1.5368762612342834, 53.81427506868034)]",30.0,0.0,2026-09-28 16:10:00,0.9
Traffic flow_f3bf218365b6cc1d2db7c618f5849250367cc1b2,"[(-1.53633713722229, 53.81057564261014), (-1.5370827913284302, 53.809802776071145), (-1.5375763177871704, 53.80927696528085), (-1.537758708000183, 53.8090774088568), (-1.5379303693771362, 53.808874683897756), (-1.5380644798278809, 53.808690963556806), (-1.538236141204834, 53.808421716774916), (-1.5384024381637573, 53.80813663006216), (-1.5384936332702637, 53.80794023586555), (-1.5385633707046509, 53.80776284676813), (-1.5386438369750977, 53.80752843859526), (-1.5387135744094849, 53.80722750726274), (-1.538761854171753, 53.80694558015983), (-1.5387779474258423, 53.806666818913094), (-1.5387725830078125, 53.80658445728092)]",35.0,0.0,2026-09-28 16:10:00,0.9
Traffic flow_4e909ca45822263c1466ba2c0b44a99b17f378b0,"[(-1.5351998805999756, 53.8104742838759), (-1.5351730585098267, 53.81033174774121), (-1.5351462364196777, 53.810246225827754), (-1.5350604057312012, 53.81006251149775), (-1.5348458290100098, 53.80969508042227), (-1.5347707271575928, 53.809546206569706), (-1.5346097946166992, 53.809159765591374)]",35.0,0.0,2026-09-28 16:10:00,0.9
Traffic flow_f0a0e58f6644b25aca8f90cf11d02f6f70c70270,"[(-1.5385955572128296, 53.806666818913094), (-1.5386545658111572, 53.806669986664936), (-1.5388798713684082, 53.806663651160996), (-1.5390247106552124, 53.80665098015024), (-1.539185643196106, 53.80663197362692)]",35.0,0.0,2026-09-28 16:10:00,0.9
Traffic flow_3bf5ccbf11909f8b431129ca13afacbb31b22929,"[(-1.5352749824523926, 53.81148152541356), (-1.5352588891983032, 53.8110349213033), (-1.5352481603622437, 53.810737182586266), (-1.535237431526184, 53.81061681952592), (-1.5351998805999756, 53.8104742838759), (-1.5351247787475586, 53.81039826466438), (-1.534990668296814, 53.81027790063086), (-1.5348458290100098, 53.81015753625172), (-1.5347278118133545, 53.81008151646577), (-1.5346366167068481, 53.81003717152697), (-1.5344810485839844, 53.809986491539476), (-1.5342289209365845, 53.809923141468936), (-1.5339553356170654, 53.809875628853206), (-1.5334993600845337, 53.80986929383369), (-1.533365249633789, 53.80989780141392)]",40.0,0.0,2026-09-28 16:10:00,0.9
Traffic flow_a537f339a89e9709a1f3e2853a1c40bb265768a1,"[(-1.5357255935668945, 53.8123208748731), (-1.535639762878418, 53.81205165140571), (-1.5356236696243286, 53.81194396153457), (-1.5356022119522095, 53.81171907885269), (-1.535612940788269, 53.81159871861179), (-1.5356504917144775, 53.81147519063675), (-1.5356934070587158, 53.811370666681235), (-1.535736322402954, 53.81128831429028), (-1.5358221530914307, 53.81116161798827), (-1.535886526107788, 53.8110792651866), (-1.53633713722229, 53.81057564261014)]",50.0,0.0,2026-09-28 16:10:00,0.9
Traffic flow_ea9da8903e0c822c55e4e728a378565189d1bd9f,"[(-1.5357792377471924, 53.801151399972525), (-1.5358006954193115, 53.80108170020321), (-1.5359669923782349, 53.80073003141841), (-1.5360260009765625, 53.800600134995264), (-1.5361815690994263, 53.80014391022312)]",15.0,0.0,2026-09-28 16:10:00,0.9
Traffic flow_e74b88471d837da299520cb964d6db309659c0dd,"[(-1.538236141204834, 53.80605227052639), (-1.5379571914672852, 53.80587487344032), (-1.5377265214920044, 53.80571965037426), (-1.5376299619674683, 53.80564995819849), (-1.5375280380249023, 53.80562778339099)]",15.0,0.0,2026-09-28 16:10:00,0.9
Traffic flow_421b398d5f1a1941e8bfa6b7c91f2f2e27179db9,"[(-1.5375280380249023, 53.80562778339099), (-1.5374690294265747, 53.805580265906855), (-1.5372920036315918, 53.80541870605797), (-1.537034511566162, 53.80517161332018), (-1.5369701385498047, 53.80511775958148), (-1.5367770195007324, 53.80490234393495), (-1.5365302562713623, 53.80459505793545), (-1.536288857460022, 53.804252922420325), (-1.535940170288086, 53.803689026311986), (-1.5358221530914307, 53.80346409934395), (-1.5357470512390137, 53.80329302732096), (-1.5356451272964478, 53.8029888975567), (-1.5355968475341797, 53.80273545440137), (-1.5355807542800903, 53.802611900307696), (-1.5355539321899414, 53.80174384333409), (-1.5355539321899414, 53.801613950051454)]",15.0,0.0,2026-09-28 16:10:00,0.9
Traffic flow_ce77567509aefa3584e9ee95f46edbe63fe96617,"[(-1.539185643196106, 53.80673967714513), (-1.5390944480895996, 53.80679036105795), (-1.5389657020568848, 53.806793528800476), (-1.5388208627700806, 53.80680619976815), (-1.537436842918396, 53.80708496008811), (-1.5361064672470093, 53.80736055085509), (-1.5345507860183716, 53.807658313555656), (-1.5343201160430908, 53.80769315798877), (-1.5339016914367676, 53.807740673078165), (-1.5337514877319336, 53.807747008419355)]",20.0,0.0,2026-09-28 16:10:00,0.9
Traffic flow_df158eda7aebd6ef89916095825b9754ad46ea19,"[(-1.5350979566574097, 53.805193788368946), (-1.5351247787475586, 53.80530783129164), (-1.5353500843048096, 53.80577667115919), (-1.5354520082473755, 53.80600475352337), (-1.535564661026001, 53.80622016350577)]",25.0,0.0,2026-09-28 16:10:00,0.9
Traffic flow_9f911f3a1785eb7b145864bb85fb1c836f90efe3,"[(-1.535564661026001, 53.80622016350577), (-1.5356773138046265, 53.80646725006387), (-1.5357416868209839, 53.80665731565609), (-1.5360045433044434, 53.807151482163256), (-1.5361064672470093, 53.80736055085509), (-1.5361547470092773, 53.80743340788152), (-1.5362030267715454, 53.80760129532991), (-1.5362673997879028, 53.80778818811371)]",25.0,0.0,2026-09-28 16:10:00,0.9
Traffic flow_993f6dcb857d15cd07e41970ee0bfef7fdee7528,"[(-1.539185643196106, 53.802052734280274), (-1.5390568971633911, 53.80204481402804), (-1.5386492013931274, 53.801994124378226), (-1.5384453535079956, 53.80195610710066), (-1.5382790565490723, 53.801914921677735), (-1.5381020307540894, 53.8018642318709), (-1.5379679203033447, 53.80181987823966), (-1.5377962589263916, 53.8017501795815), (-1.537613868713379, 53.80167097642022), (-1.5374904870986938, 53.801610781917596), (-1.537361741065979, 53.80153157849301), (-1.537259817123413, 53.80146187935563), (-1.5371686220169067, 53.80139534825278), (-1.5370506048202515, 53.80129396732164), (-1.5369433164596558, 53.80118308164756), (-1.5368306636810303, 53.80105952297959), (-1.536787748336792, 53.80101833667603), (-1.5365839004516602, 53.80077755439952), (-1.5363693237304688, 53.80047340638978), (-1.5361011028289795, 53.80000133896391)]",30.0,0.0,2026-09-28 16:10:00,0.9
Traffic flow_16b8e257196fdd78e9732e480dd72c94e14ebb38,"[(-1.5361815690994263, 53.80014391022312), (-1.5362244844436646, 53.80000133896391)]",30.0,0.0,2026-09-28 16:10:00,0.9
Traffic flow_f770aa74e7c1664a618bc983ad14a81a7d0887ec,"[(-1.5355539321899414, 53.80186739998563), (-1.5356773138046265, 53.801636126981855), (-1.5357524156570435, 53.801556923605155), (-1.535811424255371, 53.8014872245099), (-1.535886526107788, 53.80141435715008), (-1.5359455347061157, 53.80137317119504), (-1.5360313653945923, 53.80132564888895), (-1.5361332893371582, 53.80128763100531), (-1.536213755607605, 53.8012654538906), (-1.5364176034927368, 53.80125278124836)]",30.0,0.0,2026-09-28 16:10:00,0.9
Traffic flow_fb349c50e9bef7e6b500dbbfd397fdcc4b1ad93d,"[(-1.539185643196106, 53.8065591152077), (-1.5390890836715698, 53.806511598779124), (-1.5389817953109741, 53.80646725006387), (-1.5387940406799316, 53.806381720266245), (-1.5386062860488892, 53.80626768026466), (-1.538236141204834, 53.80605227052639), (-1.5382039546966553, 53.80595723646649), (-1.5381985902786255, 53.805897048117124), (-1.538209319114685, 53.805824188420715), (-1.5382683277130127, 53.805706979078195), (-1.5383487939834595, 53.805630951221346), (-1.5384399890899658, 53.805564426733504), (-1.5384882688522339, 53.80553591620641), (-1.5385794639587402, 53.80549473429971), (-1.5386760234832764, 53.805463055882406), (-1.5388476848602295, 53.80542820959573), (-1.5389549732208252, 53.80541237036494), (-1.5391534566879272, 53.80541553821157), (-1.539185643196106, 53.80541870605797)]",40.0,0.0,2026-09-28 16:10:00,0.9
Traffic flow_e39000bd386931e951e2a34c60677997ee6c3a63,"[(-1.539185643196106, 53.80668899317102), (-1.539158821105957, 53.80670483191952), (-1.5391212701797485, 53.80673017390465), (-1.5390300750732422, 53.80677769008549), (-1.5389657020568848, 53.806793528800476), (-1.5386277437210083, 53.80691707057195), (-1.5382522344589233, 53.807027941082545), (-1.5381985902786255, 53.80703744425552), (-1.5379464626312256, 53.807097630967704), (-1.5372759103775024, 53.80722750726274), (-1.5368843078613281, 53.80730353222435), (-1.5359240770339966, 53.80747458788391), (-1.5355592966079712, 53.80755061239746), (-1.5344542264938354, 53.80775017608959), (-1.534266471862793, 53.80778818811371)]",60.0,0.0,2026-09-28 16:10:00,0.9
Traffic flow_00dd972b2a84490fa52e8431b224fd0501273edf,"[(-1.5355807542800903, 53.79622460824026), (-1.5355968475341797, 53.796268967789786), (-1.5356183052062988, 53.79630065315358), (-1.5356558561325073, 53.7963355070261), (-1.5357041358947754, 53.796364023809346), (-1.5357577800750732, 53.79638937204484), (-1.5358275175094604, 53.796408383211414), (-1.5359991788864136, 53.79642739436936)]",5.0,0.0,2026-09-28 16:10:00,0.9
Traffic flow_312003e6aa0338b3f1bf5ce0cb27002f961ee7e7,"[(-1.5364712476730347, 53.79830945634915), (-1.5357041358947754, 53.798299951197826), (-1.5349799394607544, 53.798312624732446), (-1.534690260887146, 53.79833480340882)]",10.0,0.0,2026-09-28 16:10:00,0.9
Traffic flow_4892640d7d12d6a4cb58b2afdbb7dc93a87b419a,"[(-1.5355807542800903, 53.79622460824026), (-1.5355539321899414, 53.796306990223464), (-1.5355056524276733, 53.796512944473506), (-1.5354788303375244, 53.79657948332274), (-1.5353983640670776, 53.796703055191244), (-1.5353232622146606, 53.796798110226945), (-1.5351247787475586, 53.79701356751028), (-1.534765362739563, 53.79736209900742), (-1.5346580743789673, 53.79747616323194), (-1.5345293283462524, 53.79759973245843), (-1.534491777420044, 53.79763775368562), (-1.534438133239746, 53.79770112232104), (-1.5343362092971802, 53.79783736456293), (-1.5342718362808228, 53.7979324170277), (-1.5341806411743164, 53.79810034252232), (-1.5341538190841675, 53.79816687885305), (-1.5340787172317505, 53.798192225998896), (-1.534041166305542, 53.79822074151966), (-1.5339553356170654, 53.7983221298809), (-1.5339231491088867, 53.798375992348106), (-1.533890962600708, 53.79838866585975), (-1.5338373184204102, 53.79842668637169), (-1.533815860748291, 53.79845203336051), (-1.533692479133606, 53.798635798571254), (-1.5336602926254272, 53.7986674821469), (-1.5336227416992188, 53.79871500746547), (-1.5335851907730103, 53.79874035428002), (-1.5334349870681763, 53.79881956297674), (-1.5332204103469849, 53.7989177815529), (-1.5330326557159424, 53.79899065325109), (-1.5328019857406616, 53.79911421801511), (-1.5327268838882446, 53.799168079464984)]",15.0,0.0,2026-09-28 16:10:00,0.9
Traffic flow_85cd64548ef8d127d9deb8523073bf57f92fe11d,"[(-1.539185643196106, 53.79708485827942), (-1.5386384725570679, 53.797054757747226), (-1.5382039546966553, 53.79702624143365), (-1.53758704662323, 53.797004062065234), (-1.5368574857711792, 53.79699772510067), (-1.5364283323287964, 53.79699772510067), (-1.5360689163208008, 53.79697871420125), (-1.5359348058700562, 53.79695970329321), (-1.53583824634552, 53.79693435540242), (-1.5357738733291626, 53.796905839006975), (-1.5356987714767456, 53.79686781711621), (-1.535666584968567, 53.79683613218091), (-1.5356558561325073, 53.79680127872443), (-1.535661220550537, 53.79670622369591), (-1.5356719493865967, 53.79663017951796)]",15.0,0.0,2026-09-28 16:10:00,0.9
Traffic flow_15254bc2e4d7390776dca0627e23c221845c8d1d,"[(-1.5341377258300781, 53.79931065355717), (-1.5341484546661377, 53.79922510916002), (-1.5341538190841675, 53.79908570310189), (-1.534143090248108, 53.798984316586704), (-1.5341109037399292, 53.7988892665061), (-1.5341269969940186, 53.79873084922635), (-1.5343254804611206, 53.7982809408887), (-1.534438133239746, 53.79798627999545), (-1.534464955329895, 53.79794192226234), (-1.5345454216003418, 53.79777399613339), (-1.534717082977295, 53.79758389027025), (-1.5348833799362183, 53.79742863650942), (-1.535215973854065, 53.79712763268273), (-1.5352964401245117, 53.79704842079033), (-1.5354466438293457, 53.79686781711621), (-1.5354788303375244, 53.79681395271196), (-1.5355485677719116, 53.79673474022708), (-1.535612940788269, 53.79667453863851), (-1.5356719493865967, 53.79663017951796), (-1.5358006954193115, 53.7965477981696), (-1.5359991788864136, 53.79642739436936), (-1.53609037399292, 53.79641472026502), (-1.5361493825912476, 53.79639887762921), (-1.536186933517456, 53.79638303498741), (-1.5362513065338135, 53.796345012622666), (-1.5362995862960815, 53.79628481047467), (-1.5363103151321411, 53.796262630714146), (-1.536315679550171, 53.79616757446478), (-1.5363049507141113, 53.79612321480801), (-1.536288857460022, 53.79609786641166), (-1.536262035369873, 53.79607251799998), (-1.5362191200256348, 53.796040832463824), (-1.5361922979354858, 53.79602498968678), (-1.53609037399292, 53.7959901355562), (-1.5360474586486816, 53.7959806298792), (-1.5359830856323242, 53.79589191012328), (-1.535940170288086, 53.79585705588212), (-1.5358757972717285, 53.795822201611976), (-1.5357309579849243, 53.79576516728928), (-1.5355807542800903, 53.79570179572864), (-1.5354520082473755, 53.79565426699533), (-1.5351676940917969, 53.79553702922287), (-1.5350228548049927, 53.79547365731752), (-1.5348619222640991, 53.795397610904715), (-1.5346580743789673, 53.79530572130527), (-1.5344434976577759, 53.7951916511776), (-1.534314751625061, 53.795109267003575), (-1.5340948104858398, 53.794941329532264), (-1.534041166305542, 53.79490964314152), (-1.5339553356170654, 53.79483676435197), (-1.5339016914367676, 53.79476388543577), (-1.5337944030761719, 53.79459277791745)]",25.0,0.0,2026-09-28 16:10:00,0.9
Traffic flow_1ef65ccd7dece6a3252080d1656caf9eeb3c5259,"[(-1.5347599983215332, 53.799434217378305), (-1.5357953310012817, 53.79936134645091), (-1.53658926486969, 53.79933916831744), (-1.5368789434432983, 53.799269465535886), (-1.5373402833938599, 53.79913639626755)]",30.0,0.0,2026-09-28 16:10:00,0.9
