segment_id,geometry,current_speed,freeflow_speed,timestamp,quality
Traffic flow_bf75649bf817684af2840cd43ffb179967cce61c,"[(4.296754002571106, 50.871990336718426), (4.296448230743408, 50.87204450058157), (4.296201467514038, 50.872095279146116), (4.295858144760132, 50.87218329519361), (4.295718669891357, 50.872217147475304), (4.295557737350464, 50.87227131107488), (4.295428991317749, 50.87230516329266), (4.295015931129456, 50.87245411275877), (4.294753074645996, 50.87254212812864), (4.294629693031311, 50.872589520951266), (4.294286370277405, 50.87268769164484), (4.293996691703796, 50.872755395450966), (4.293465614318848, 50.87284002507032), (4.293181300163269, 50.87286710651606), (4.292993545532227, 50.87287387687503), (4.292628765106201, 50.872884032411655), (4.292301535606384, 50.87287049169567), (4.292092323303223, 50.87285695097575), (4.291014075279236, 50.8727655510134), (4.290831685066223, 50.87274862507477)]",5.0,0.0,2026-09-28 16:10:00,0.9
Traffic flow_8a95f245d0fa288b3429ce9f590f9b129540300f,"[(4.293283224105835, 50.87013180103131), (4.292875528335571, 50.870304455009816), (4.292827248573303, 50.870321381836035), (4.292489290237427, 50.87047372299537), (4.291813373565674, 50.870764862492656), (4.290477633476257, 50.87135052132182), (4.290107488632202, 50.87154686772151), (4.289855360984802, 50.871645040611185)]",10.0,0.0,2026-09-28 16:10:00,0.9
Traffic flow_aa1d3896ec51a66c6409f01aef8687719faef706,"[(4.296754002571106, 50.87098152326393), (4.2966896295547485, 50.8709849085805), (4.29664671421051, 50.8709849085805), (4.296625256538391, 50.87096459667745), (4.296587705612183, 50.87094767008481), (4.296544790267944, 50.870940899446026), (4.296480417251587, 50.870940899446026), (4.296432137489319, 50.8709544407226), (4.2964106798172, 50.87096459667745), (4.296383857727051, 50.87100183515961), (4.296383857727051, 50.871039073612025), (4.29640531539917, 50.87106615610419), (4.296442866325378, 50.87108985327192), (4.296475052833557, 50.87110339450521), (4.296517968177795, 50.871110165120385)]",20.0,0.0,2026-09-28 16:10:00,0.9
Traffic flow_eea9e4899d2be01377381bbeb3abe9f3c8de3070,"[(4.292097687721252, 50.874221158740234), (4.29216206073761, 50.874302400622724), (4.292215704917908, 50.87435994687046), (4.292247891426086, 50.87439041250226), (4.29240882396698, 50.87457320587485), (4.292500019073486, 50.87468491258295), (4.292854070663452, 50.875077576462395), (4.29341733455658, 50.87575119041165), (4.293650686740875, 50.876005062489405)]",25.0,0.0,2026-09-28 16:10:00,0.9
Traffic flow_3e5777097b86fde199a6790263b3d958c6d1dba2,"[(4.296517968177795, 50.871110165120385), (4.296571612358093, 50.87110339450521), (4.296630620956421, 50.87107292672477), (4.29665744304657, 50.87104584423654), (4.296748638153076, 50.87106277079353), (4.296754002571106, 50.87106277079353)]",25.0,0.0,2026-09-28 16:10:00,0.9
Traffic flow_48ebb8328f51e64396e11269ef9add907e28e389,"[(4.296378493309021, 50.87083595441924), (4.296196103096008, 50.87074116515969), (4.295960068702698, 50.87062267831419), (4.295734763145447, 50.87050757651872), (4.2956167459487915, 50.87044325480334), (4.295552372932434, 50.870412786591395), (4.294854998588562, 50.870050551878975), (4.294688701629639, 50.869965917194676), (4.294179081916809, 50.869715397628546), (4.293991327285767, 50.86982373057913), (4.2938947677612305, 50.86987112616583), (4.293717741966248, 50.86994899023938), (4.2932939529418945, 50.87012503027403), (4.293283224105835, 50.87013180103131)]",25.0,0.0,2026-09-28 16:10:00,0.9
Traffic flow_6033a6d81cb2d15bc93bbde26861025270da11be,"[(4.294141530990601, 50.871506244396336), (4.2945170402526855, 50.87144869462505), (4.29639458656311, 50.871147403486255), (4.296448230743408, 50.87113386226574), (4.296517968177795, 50.871110165120385)]",25.0,0.0,2026-09-28 16:10:00,0.9
Traffic flow_c9393dbef0581babd27a87703a79343b0279f73f,"[(4.2909175157547, 50.87287387687503), (4.291024804115295, 50.872877262054146), (4.292081594467163, 50.872944965584914), (4.292441010475159, 50.87296189145223), (4.292800426483154, 50.87296527662495), (4.293181300163269, 50.87295512110604), (4.293513894081116, 50.87292126936033), (4.293760657310486, 50.87288064723303), (4.294055700302124, 50.87282986952411), (4.294506311416626, 50.87272492875037), (4.294753074645996, 50.872647069313956), (4.294924736022949, 50.872586135751256), (4.295015931129456, 50.87254551333185), (4.295300245285034, 50.872440571917885), (4.2956918478012085, 50.872325474611515), (4.295933246612549, 50.87226115540475), (4.296206831932068, 50.872193450880694), (4.296464323997498, 50.872139287190635), (4.296754002571106, 50.87208512343763)]",30.0,0.0,2026-09-28 16:10:00,0.9
Traffic flow_11d1a4647b6d7bf4e76c138a4ac77a203b55edf8,"[(4.290343523025513, 50.86771457818275), (4.2904132604599, 50.867768747014516), (4.290692210197449, 50.86793802420807), (4.29141640663147, 50.86835444348823), (4.291829466819763, 50.868574500955106), (4.291877746582031, 50.868598199389574), (4.291926026344299, 50.86863205427506), (4.292280077934265, 50.8687844009555), (4.292757511138916, 50.86897060177765), (4.292966723442078, 50.86904508189825), (4.2931437492370605, 50.86911956189986), (4.293261766433716, 50.869183885441835), (4.293487071990967, 50.86935315749659), (4.293690919876099, 50.86945472043439), (4.294179081916809, 50.869715397628546)]",30.0,0.0,2026-09-28 16:10:00,0.9
Traffic flow_0ebcf0113f52d9845d1df72774094eae5dad0e24,"[(4.294629693031311, 50.865070385557864), (4.29514467716217, 50.86519904372773), (4.296421408653259, 50.86555454471958), (4.296560883522034, 50.86562903029819), (4.296754002571106, 50.865588401815515)]",5.0,0.0,2026-09-28 16:10:00,0.9
Traffic flow_d1044ed7726cead1a9ead1b7b1d8f963eb14723f,"[(4.294087886810303, 50.862588567696235), (4.2939430475234985, 50.862459902322456), (4.293798208236694, 50.862297377132265), (4.29341733455658, 50.86188428972402), (4.292854070663452, 50.86121386138649), (4.292451739311218, 50.86076013168851), (4.292443692684174, 50.860749973510416)]",10.0,0.0,2026-09-28 16:10:00,0.9
Traffic flow_dd729b64b2b5975125cfb5c963ca698570efbece,"[(4.296383857727051, 50.869072165548964), (4.296351671218872, 50.869028154608564), (4.296201467514038, 50.86904846735545), (4.295946657657623, 50.869072165548964)]",20.0,0.0,2026-09-28 16:10:00,0.9
Traffic flow_20658fd33f207fff3190a69007a4425b82ddbea2,"[(4.296560883522034, 50.86562903029819), (4.296582341194153, 50.86574075844295), (4.296582341194153, 50.866014999117624), (4.296571612358093, 50.86629939515035), (4.296571612358093, 50.86651946231834), (4.296582341194153, 50.86670567218754), (4.296576976776123, 50.86703746247477), (4.296593070030212, 50.86715934402804), (4.296571612358093, 50.86748774551608), (4.296544790267944, 50.86768749374326), (4.296517968177795, 50.867833072420474), (4.296517968177795, 50.86786015677538), (4.296512603759766, 50.86786692786164), (4.296448230743408, 50.86822917954311), (4.296357035636902, 50.86860497036864), (4.296308755874634, 50.868946903532496), (4.296324849128723, 50.868994300010755), (4.296351671218872, 50.869028154608564)]",20.0,0.0,2026-09-28 16:10:00,0.9
Traffic flow_0e7f8f57c4b7d00a6ed0984090ee70f309e1d73e,"[(4.294264912605286, 50.869031540067), (4.294136166572571, 50.86898414362661), (4.293787479400635, 50.868869037785046), (4.293090105056763, 50.868628668787615), (4.292886257171631, 50.868554188001674), (4.292698502540588, 50.86849324908831), (4.292526841163635, 50.868432310095265), (4.2924195528030396, 50.868384913045595), (4.292290806770325, 50.868323973910925), (4.292204976081848, 50.86827657675112), (4.292092323303223, 50.86822917954311), (4.291958212852478, 50.868178396766766), (4.290820956230164, 50.8678026025024), (4.289640784263611, 50.86742003405839), (4.2894744873046875, 50.86737602155815), (4.2889755964279175, 50.867260911745674), (4.28866446018219, 50.86720335673285), (4.288444519042969, 50.867152572839), (4.28816556930542, 50.867105174488145), (4.287741780281067, 50.86701714885157), (4.287720322608948, 50.867006992036664)]",20.0,0.0,2026-09-28 16:10:00,0.9
Traffic flow_9c285ebe16a4d2b6c70d6edaeddda2dcaa0856c5,"[(4.296351671218872, 50.869028154608564), (4.296754002571106, 50.868972294508985)]",25.0,0.0,2026-09-28 16:10:00,0.9
Traffic flow_fcc21b28894d3aa5b49fff507e060c7a1e557a85,"[(4.296754002571106, 50.85851342741954), (4.2965662479400635, 50.85838644391617), (4.296448230743408, 50.85831533300324), (4.296281933784485, 50.858210359552636), (4.295654296875, 50.85784803002059), (4.29514467716217, 50.857519560628745), (4.294876456260681, 50.85735024560558), (4.294795989990234, 50.85730283728893), (4.294930100440979, 50.85716061204981), (4.295423626899719, 50.85657816130698), (4.2956167459487915, 50.856371592726305), (4.29590106010437, 50.85604988573757), (4.295938611030579, 50.8560126353113)]",25.0,0.0,2026-09-28 16:10:00,0.9
Traffic flow_f0e8cde4e11b21314da0f0497605132c1dfc9550,"[(4.294795989990234, 50.85730283728893), (4.294715523719788, 50.85737733605059), (4.294297099113464, 50.857722737845094), (4.29415762424469, 50.85784464375), (4.293460249900818, 50.858474485848596), (4.293106198310852, 50.858772472694184), (4.292939901351929, 50.8588706724875), (4.292848706245422, 50.858918079210255), (4.292725324630737, 50.85896209969539), (4.292226433753967, 50.85916188445176), (4.291926026344299, 50.85928040042816), (4.291475415229797, 50.85947002536386), (4.292081594467163, 50.86012693435684), (4.29215669631958, 50.86021835910163), (4.292178153991699, 50.86025560616849), (4.292237162590027, 50.86029623929839), (4.292387366294861, 50.86041813847566), (4.29240882396698, 50.86044861322019)]",30.0,0.0,2026-09-28 16:10:00,0.9
Traffic flow_8fd3e0f1dacb2ed5fddaccb9e35cb0ee86c0e0db,"[(4.297499656677246, 50.87187523830024), (4.296925663948059, 50.87195986951774), (4.296448230743408, 50.87204450058157), (4.296201467514038, 50.872095279146116), (4.295858144760132, 50.87218329519361), (4.295718669891357, 50.872217147475304), (4.295557737350464, 50.87227131107488), (4.295434355735779, 50.87230516329266), (4.295015931129456, 50.87245411275877), (4.294753074645996, 50.87254212812864), (4.294629693031311, 50.872589520951266), (4.294554591178894, 50.8726115247454)]",5.0,0.0,2026-09-28 16:10:00,0.9
Traffic flow_b8728da6f83369a2d990c22b1c8f4b6cbbfde297,"[(4.298207759857178, 50.87181768898456), (4.298486709594727, 50.87191586130382)]",5.0,0.0,2026-09-28 16:10:00,0.9
Traffic flow_be90e552bd97368dd9d1551856b5d54512c8356c,"[(4.298180937767029, 50.87156379409655), (4.298357963562012, 50.87139453006953), (4.298449158668518, 50.87129974194591), (4.298481345176697, 50.87124896251468), (4.298502802848816, 50.87119479772706), (4.2985135316848755, 50.87114401818149)]",10.0,0.0,2026-09-28 16:10:00,0.9
Traffic flow_b9caf87963952219f16def9c68bf6aed49c051db,"[(4.298207759857178, 50.87181768898456), (4.298180937767029, 50.87156379409655)]",10.0,0.0,2026-09-28 16:10:00,0.9
Traffic flow_bb1da36abc416d18abb9319917de5c55e16379f9,"[(4.303497076034546, 50.87420423333023), (4.303041100502014, 50.87402143851046), (4.302923083305359, 50.87397743224308), (4.301995038986206, 50.873598299602975), (4.301726818084717, 50.87349336055942), (4.301378130912781, 50.873341029269305), (4.300358891487122, 50.87284679543323), (4.2992860078811646, 50.87230516329266), (4.299184083938599, 50.872250999732415), (4.299060702323914, 50.8721900656519), (4.298948049545288, 50.87212574625828), (4.298486709594727, 50.87191586130382)]",10.0,0.0,2026-09-28 16:10:00,0.9
Traffic flow_7de545452a5de201b197bc859e3c0d9a519fbe3b,"[(4.298486709594727, 50.87191586130382), (4.298207759857178, 50.87181768898456)]",10.0,0.0,2026-09-28 16:10:00,0.9
Traffic flow_3288b1dc7a5971aa043ba3de67d245501d665f3b,"[(4.305025935173035, 50.873127764626695), (4.304376840591431, 50.87295512110604), (4.302676320075989, 50.87247442401273), (4.302499294281006, 50.872420260649186), (4.301705360412598, 50.872193450880694), (4.301549792289734, 50.87215282811905), (4.301050901412964, 50.87204111534197), (4.300739765167236, 50.8719835662311), (4.300471544265747, 50.871942943286534), (4.299994111061096, 50.871888779305365), (4.29964005947113, 50.87185492678517), (4.299296736717224, 50.8718312300064), (4.2989373207092285, 50.871814303728485), (4.29865837097168, 50.871810918472164), (4.298422336578369, 50.87181768898456), (4.298207759857178, 50.87181768898456)]",15.0,0.0,2026-09-28 16:10:00,0.9
Traffic flow_027e6bd7adaece8f9d599523fa46d001f5184061,"[(4.299516677856445, 50.87088334897673), (4.299548864364624, 50.87082241310826), (4.29964542388916, 50.87047372299537), (4.299715161323547, 50.870304455009816), (4.299747347831726, 50.87024351838455), (4.299790263175964, 50.87021643541442), (4.2998117208480835, 50.870185967054205), (4.299822449684143, 50.87015211329727), (4.299806356430054, 50.87009117647285), (4.299779534339905, 50.87007086418034), (4.299758076667786, 50.870060708030756), (4.299715161323547, 50.87004716649456), (4.29965615272522, 50.870043781109885), (4.299618601799011, 50.87004716649456), (4.299570322036743, 50.870060708030756), (4.299527406692505, 50.870094561854074), (4.299505949020386, 50.87012503027403), (4.299500584602356, 50.870165654802996), (4.299522042274475, 50.87020627929656), (4.299559593200684, 50.870236747643496), (4.299500584602356, 50.870470337641684), (4.299473762512207, 50.87055158606231), (4.2994362115859985, 50.870734394490924), (4.299425482749939, 50.87087996365279)]",15.0,0.0,2026-09-28 16:10:00,0.9
Traffic flow_4d7c26af438620659a5d97a71a0f2a16a0c0410b,"[(4.300208687782288, 50.86768410818722), (4.300192594528198, 50.86773827705439), (4.300106763839722, 50.86809037315671), (4.300042390823364, 50.868391684055645), (4.2999351024627686, 50.868747160701815), (4.299774169921875, 50.8693768555352), (4.2996615171432495, 50.86980341817007), (4.29964542388916, 50.86994899023938), (4.29965615272522, 50.870043781109885)]",15.0,0.0,2026-09-28 16:10:00,0.9
Traffic flow_4344de7f6f3249cd931063fa9c1dd47348c22ce9,"[(4.304940104484558, 50.87322593418657), (4.307300448417664, 50.873896189794124), (4.307740330696106, 50.87402820870176)]",20.0,0.0,2026-09-28 16:10:00,0.9
Traffic flow_381a6dfb832b7d2ec8f424763ce434ee785cd386,"[(4.299522042274475, 50.870971367312784), (4.2995381355285645, 50.87096121135941), (4.299554228782654, 50.870934128806276), (4.299548864364624, 50.87090366091518), (4.2995381355285645, 50.870890119623866), (4.299516677856445, 50.87088334897673), (4.299505949020386, 50.87087657832861), (4.299452304840088, 50.87087319300418), (4.299425482749939, 50.87087996365279), (4.29939866065979, 50.87089689027002), (4.2993879318237305, 50.8709070462374), (4.2985135316848755, 50.87087319300418), (4.298116564750671, 50.87088334897673), (4.297800064086914, 50.870900275592724)]",20.0,0.0,2026-09-28 16:10:00,0.9
Traffic flow_27ff3a6eb43b442a5b502881a491b73f46a56972,"[(4.297800064086914, 50.870900275592724), (4.297692775726318, 50.87090366091518), (4.296850562095642, 50.87097813794713), (4.2966896295547485, 50.8709849085805), (4.29664671421051, 50.8709849085805), (4.296625256538391, 50.87096459667745), (4.296587705612183, 50.87094767008481), (4.296544790267944, 50.870940899446026), (4.296480417251587, 50.870940899446026), (4.296432137489319, 50.8709544407226), (4.2964106798172, 50.87096459667745), (4.296383857727051, 50.87100183515961), (4.296383857727051, 50.871039073612025), (4.29640531539917, 50.87106615610419), (4.296442866325378, 50.87108985327192), (4.296475052833557, 50.87110339450521), (4.296517968177795, 50.871110165120385)]",20.0,0.0,2026-09-28 16:10:00,0.9
Traffic flow_00d2761d0e992c7b490dff4a809107ece807e888,"[(4.298207759857178, 50.87181768898456), (4.2979127168655396, 50.87183461526125), (4.297499656677246, 50.87187523830024)]",25.0,0.0,2026-09-28 16:10:00,0.9
Traffic flow_fe8b1a76dbd8d9e6235565e1a01c41a0c18e16f1,"[(4.2977893352508545, 50.8709849085805), (4.298175573348999, 50.87096459667745), (4.298524260520935, 50.87096121135941), (4.29940402507782, 50.87096459667745), (4.2994362115859985, 50.87097813794713), (4.299489855766296, 50.87098152326393), (4.299522042274475, 50.870971367312784)]",25.0,0.0,2026-09-28 16:10:00,0.9
Traffic flow_b9b350fe99cf718de75ccd173090bb921d297f5d,"[(4.299940466880798, 50.86874377522273), (4.300042390823364, 50.868391684055645), (4.300106763839722, 50.86809037315671), (4.300192594528198, 50.86773827705439), (4.300208687782288, 50.86768410818722)]",25.0,0.0,2026-09-28 16:10:00,0.9
Traffic flow_c09075fc88ca0c962d2f9d0b168d862da4bad76b,"[(4.307740330696106, 50.872036037482104), (4.307670593261719, 50.87202757438111), (4.307595491409302, 50.87202418914026), (4.307531118392944, 50.87202757438111), (4.307456016540527, 50.87204111534197), (4.307359457015991, 50.871777065895415), (4.307241439819336, 50.87154009716977), (4.307155609130859, 50.87139453006953), (4.307059049606323, 50.87125234781182), (4.306790828704834, 50.87089689027002), (4.306715726852417, 50.87078855981357), (4.306576251983643, 50.87063960502484), (4.306415319442749, 50.87048726440766), (4.306367039680481, 50.87044664015899), (4.3062275648117065, 50.87037554763863), (4.30614173412323, 50.87034169401938), (4.305959343910217, 50.87029091354442), (4.305776953697205, 50.87024690375472), (4.305685758590698, 50.87021982078654), (4.305626749992371, 50.87018935242855), (4.305567741394043, 50.87014872792023), (4.305090308189392, 50.86975263710871), (4.3048542737960815, 50.86954951231003), (4.3046557903289795, 50.869390397266145), (4.304468035697937, 50.869217739901956), (4.303808212280273, 50.86864898170859), (4.30364727973938, 50.868533875039404)]",25.0,0.0,2026-09-28 16:10:00,0.9
Traffic flow_d4f0b66d805920f7f659edbd2bc78a9f1c3f9289,"[(4.296378493309021, 50.87083595441924), (4.296196103096008, 50.87074116515969), (4.295960068702698, 50.87062267831419), (4.295734763145447, 50.87050757651872), (4.2956167459487915, 50.87044325480334), (4.295552372932434, 50.870412786591395), (4.294758439064026, 50.86999977108684), (4.294554591178894, 50.869898209336604)]",25.0,0.0,2026-09-28 16:10:00,0.9
Traffic flow_9b7ffd828bb2c4e8a71e461847b127290354f039,"[(4.294554591178894, 50.87144530934218), (4.29639458656311, 50.871147403486255), (4.296448230743408, 50.87113386226574), (4.296517968177795, 50.871110165120385)]",25.0,0.0,2026-09-28 16:10:00,0.9
Traffic flow_9f84524e231d07de4424f3771b44fe1a9871645d,"[(4.294554591178894, 50.872709695392615), (4.294758439064026, 50.872647069313956), (4.294924736022949, 50.872586135751256), (4.295015931129456, 50.87254551333185), (4.295305609703064, 50.872440571917885), (4.2956918478012085, 50.872325474611515), (4.295933246612549, 50.87226115540475), (4.296206831932068, 50.872193450880694), (4.296464323997498, 50.872139287190635), (4.296813011169434, 50.87207496772693), (4.297097325325012, 50.87203434486202), (4.297553300857544, 50.8719767957428), (4.2979395389556885, 50.871942943286534), (4.298218488693237, 50.87192263180097), (4.298486709594727, 50.87191586130382), (4.298803210258484, 50.87190232030655), (4.299039244651794, 50.87189893505662), (4.299473762512207, 50.87190570555624), (4.299607872962952, 50.871912476054874), (4.300214052200317, 50.87197341049828), (4.300562739372253, 50.87202757438111), (4.3009114265441895, 50.87208850867403), (4.301340579986572, 50.87218668042288), (4.301721453666687, 50.8722916224085), (4.302080869674683, 50.87239656415784), (4.302815794944763, 50.87262675813525), (4.303336143493652, 50.87277232138713), (4.303942322731018, 50.87294835075887), (4.304838180541992, 50.873195467793565), (4.304940104484558, 50.87322593418657)]",30.0,0.0,2026-09-28 16:10:00,0.9
Traffic flow_64ba4d07c3884c7bbd36306c0240001988fa349f,"[(4.307740330696106, 50.872586135751256), (4.307557940483093, 50.872586135751256), (4.307155609130859, 50.87256243934424), (4.306758642196655, 50.872528587313326), (4.3062543869018555, 50.872450727548916), (4.30588960647583, 50.87238302330023), (4.305616021156311, 50.872311933733265), (4.304757714271545, 50.87206142677589)]",30.0,0.0,2026-09-28 16:10:00,0.9
Traffic flow_f5c051778edda935ec4d23f795c340ec31fcc53b,"[(4.294554591178894, 50.869898209336604), (4.294758439064026, 50.86999977108684), (4.295552372932434, 50.870412786591395), (4.2956167459487915, 50.87044325480334), (4.295734763145447, 50.87050757651872), (4.296335577964783, 50.87081225712243), (4.296378493309021, 50.87083595441924)]",30.0,0.0,2026-09-28 16:10:00,0.9
Traffic flow_83a78de2ba06767dd94ef73e38575507d951fbca,"[(4.307740330696106, 50.87391988552302), (4.307531118392944, 50.87385895362436), (4.305841326713562, 50.87337488071013), (4.305433630943298, 50.87324624510417), (4.305025935173035, 50.873127764626695)]",45.0,0.0,2026-09-28 16:10:00,0.9
Traffic flow_90e6978703d284f46c4ff1a667b19592eedeff72,"[(4.294635057449341, 50.865070385557864), (4.29514467716217, 50.86519904372773), (4.296421408653259, 50.86555454471958), (4.296560883522034, 50.86562903029819), (4.296850562095642, 50.8655680875609), (4.297108054161072, 50.865507144743965), (4.297435283660889, 50.86541911608996)]",5.0,0.0,2026-09-28 16:10:00,0.9
Traffic flow_19002038b646784458eca6fd70635b60f9ee7638,"[(4.296759366989136, 50.864823225445875), (4.296770095825195, 50.86488755491622), (4.296882748603821, 50.86498574183143), (4.296995401382446, 50.86507715704934), (4.2972904443740845, 50.86530400144545), (4.297446012496948, 50.865425887530776)]",10.0,0.0,2026-09-28 16:10:00,0.9
Traffic flow_d5ff6e1b33516140dd2645aaebe2765df8767b72,"[(4.307740330696106, 50.86301349950013), (4.3054282665252686, 50.863038893708406), (4.305170774459839, 50.863065980848646), (4.304822087287903, 50.86312015508193), (4.304516315460205, 50.86318787278501), (4.304087162017822, 50.86330976440272), (4.303974509239197, 50.863350394871134), (4.303615093231201, 50.86345535675067)]",10.0,0.0,2026-09-28 16:10:00,0.9
Traffic flow_8de249181f637e22e293adf53dfa8a4473cdf457,"[(4.307037591934204, 50.86302196423775), (4.307037591934204, 50.8624362007675), (4.307048320770264, 50.862334622538384), (4.307069778442383, 50.86223304408797), (4.3071019649505615, 50.86215178116831), (4.307268261909485, 50.8618978336315), (4.307579398155212, 50.86139332042166), (4.30763840675354, 50.861389934408535), (4.307665228843689, 50.86137639035351), (4.307686686515808, 50.86135946027921), (4.307697415351868, 50.86134253019876), (4.307692050933838, 50.86131544205727), (4.307686686515808, 50.86130189798062), (4.3076491355896, 50.86127480981551), (4.307740330696106, 50.86113598272235)]",10.0,0.0,2026-09-28 16:10:00,0.9
Traffic flow_d84b6d8b9951714a2ee12e56e28930a513b49451,"[(4.301753640174866, 50.86796510850199), (4.301689267158508, 50.867904168818534), (4.301249384880066, 50.867765361464365), (4.300997257232666, 50.867680722630936), (4.300814867019653, 50.867596083643825), (4.300712943077087, 50.8675520713098), (4.300718307495117, 50.86751821563996), (4.300712943077087, 50.8674775888037), (4.300696849822998, 50.867436961932036), (4.300675392150879, 50.867409877331255), (4.300627112388611, 50.86738956387035), (4.300562739372253, 50.867372635979486), (4.300482273101807, 50.86736586482142), (4.30040180683136, 50.86736925040057), (4.300332069396973, 50.86738956387035), (4.300208687782288, 50.86733878017934), (4.2999351024627686, 50.8672067423238), (4.299688339233398, 50.86707131849376), (4.299302101135254, 50.86679708403296), (4.298422336578369, 50.86612672633738), (4.29790198802948, 50.86568658725469), (4.297698140144348, 50.86552068759906), (4.2975157499313354, 50.865364944527954), (4.29740309715271, 50.865263372679536), (4.297376275062561, 50.86524305828329)]",15.0,0.0,2026-09-28 16:10:00,0.9
Traffic flow_024ab27695ed9d548c6006686e012414ca9f56a2,"[(4.305165410041809, 50.869072165548964), (4.304001331329346, 50.86870314945456), (4.303598999977112, 50.8685677299716), (4.302231073379517, 50.86812084288669), (4.302129149436951, 50.86809037315671), (4.302048683166504, 50.86805990340682), (4.301753640174866, 50.86796510850199)]",15.0,0.0,2026-09-28 16:10:00,0.9
Traffic flow_26c34fe61ed681d36240a0a6cbd0e159f2d4ab33,"[(4.297446012496948, 50.865425887530776), (4.297617673873901, 50.86556470185094), (4.29815411567688, 50.86597098529086), (4.2983633279800415, 50.86616058301778), (4.298733472824097, 50.86648222025524), (4.299114346504211, 50.86676322781481), (4.299366474151611, 50.86695282231973), (4.2996132373809814, 50.86713225926596), (4.300176501274109, 50.86741326290721), (4.3002623319625854, 50.86747081766088), (4.300267696380615, 50.86752160120805), (4.300299882888794, 50.86759269808115), (4.300321340560913, 50.86760962589209), (4.300417900085449, 50.8676400959363), (4.300482273101807, 50.86764686705453), (4.300584197044373, 50.8676400959363), (4.300605654716492, 50.867629939257114), (4.30063784122467, 50.867623168136426), (4.3006592988967896, 50.867613011453535), (4.300954341888428, 50.86773150594944), (4.301673173904419, 50.867968494037626), (4.301753640174866, 50.86796510850199)]",20.0,0.0,2026-09-28 16:10:00,0.9
Traffic flow_461ee645003e4ed68a184c9c0d3f681e0d4840e3,"[(4.2972904443740845, 50.86530400144545), (4.29740309715271, 50.865263372679536), (4.297741055488586, 50.865165186349046), (4.298191666603088, 50.865053456824874), (4.298298954963684, 50.86502298508999), (4.300004839897156, 50.86449480518756), (4.301882386207581, 50.863959847648545), (4.303078651428223, 50.863604334496564), (4.30364191532135, 50.86344858502364), (4.303974509239197, 50.863350394871134), (4.304087162017822, 50.86330976440272), (4.304516315460205, 50.86318787278501), (4.304822087287903, 50.86312015508193), (4.305170774459839, 50.863065980848646), (4.3054282665252686, 50.863038893708406), (4.307037591934204, 50.86302196423775), (4.307740330696106, 50.86301349950013)]",20.0,0.0,2026-09-28 16:10:00,0.9
Traffic flow_031d206bf7f434c5fef372ed5e59cd3061e5140c,"[(4.305744767189026, 50.86540218748359), (4.305723309516907, 50.86541234464814), (4.305685758590698, 50.86545297328424), (4.305658936500549, 50.8655105304581), (4.305664300918579, 50.86554777329744), (4.305675029754639, 50.865557930430285), (4.305691123008728, 50.865588401815515), (4.305707216262817, 50.86560871606128), (4.305766224861145, 50.86563580170852), (4.305809140205383, 50.865645958822185), (4.30588960647583, 50.865642573117874), (4.305916428565979, 50.865632416003486), (4.3059539794921875, 50.86560533035426), (4.305975437164307, 50.86558501610703), (4.305991530418396, 50.86553761616239), (4.305986166000366, 50.865493601884936), (4.305975437164307, 50.86546313043774), (4.305948615074158, 50.865429273250825)]",20.0,0.0,2026-09-28 16:10:00,0.9
Traffic flow_a0024c127560a0c26dfb2ee81a9a6404c5845735,"[(4.305916428565979, 50.865632416003486), (4.305932521820068, 50.865669658745446), (4.306098818778992, 50.86621475365527), (4.306157827377319, 50.8664314355758), (4.306372404098511, 50.86713225926596), (4.306426048278809, 50.86727445409131), (4.306490421295166, 50.86749451665644), (4.306501150131226, 50.86756561357085), (4.306495785713196, 50.86761639701475), (4.306474328041077, 50.867673951517624), (4.3064045906066895, 50.8678026025024), (4.3058842420578, 50.86860497036864), (4.305610656738281, 50.869072165548964)]",20.0,0.0,2026-09-28 16:10:00,0.9
Traffic flow_56ebd6580c442dc237d9c5811a0e6d1ba20014ac,"[(4.297376275062561, 50.86524305828329), (4.297306537628174, 50.865185500779205), (4.296957850456238, 50.86491802673962), (4.296861290931702, 50.86484692578738), (4.296759366989136, 50.864823225445875)]",25.0,0.0,2026-09-28 16:10:00,0.9
Traffic flow_a848b125397d6f2bf63841a471eb8261a8623321,"[(4.296759366989136, 50.864823225445875), (4.296169281005859, 50.864362759276986), (4.295380711555481, 50.863705909959464), (4.295021295547485, 50.863411340507376), (4.294554591178894, 50.86299826296852)]",25.0,0.0,2026-09-28 16:10:00,0.9
Traffic flow_d8f8a18100acb6eac947e5963adb600a7eeb82a0,"[(4.296351671218872, 50.869028154608564), (4.297499656677246, 50.868869037785046), (4.29766058921814, 50.86884195401631), (4.2980897426605225, 50.868737004263835), (4.298266768455505, 50.8686828365572), (4.298556447029114, 50.86856095898714), (4.298776388168335, 50.86845262310179), (4.299119710922241, 50.86825626366787), (4.299173355102539, 50.86821225195713), (4.299216270446777, 50.868188553326455), (4.299318194389343, 50.8681445415518), (4.299978017807007, 50.867761975913986), (4.300299882888794, 50.86759269808115)]",25.0,0.0,2026-09-28 16:10:00,0.9
Traffic flow_f4ea3b3d987494ca917f2567dd2f23df1468f1aa,"[(4.3018341064453125, 50.867992192780186), (4.301694631576538, 50.868049746819096), (4.300289154052734, 50.868672680105206), (4.2999619245529175, 50.86882502665286), (4.299540817737579, 50.869072165548964)]",25.0,0.0,2026-09-28 16:10:00,0.9
Traffic flow_76738d64b80e21ed6ad81c8e654dbab31a911781,"[(4.301882386207581, 50.863959847648545), (4.302048683166504, 50.86405126487803), (4.302370548248291, 50.8642171697626), (4.302826523780823, 50.86444740413448), (4.302949905395508, 50.864521891481964), (4.302992820739746, 50.86456252089407), (4.3030571937561035, 50.8646133076094), (4.303212761878967, 50.8647758247267), (4.30439293384552, 50.86606239857688)]",25.0,0.0,2026-09-28 16:10:00,0.9
Traffic flow_6c3288207c7a5fbe8c5a02a940999647f3187f6e,"[(4.303615093231201, 50.86345535675067), (4.303078651428223, 50.863604334496564), (4.301882386207581, 50.863959847648545), (4.2999619245529175, 50.86450834833673)]",30.0,0.0,2026-09-28 16:10:00,0.9
Traffic flow_dfbce2f62bfe4116a694c795d577dca99f48e085,"[(4.307740330696106, 50.85985943129624), (4.307289719581604, 50.860164181496714), (4.306726455688477, 50.86053326518382)]",15.0,0.0,2026-09-28 16:10:00,0.9
Traffic flow_02cf807d8e647ed880dd98637d9b8130cc57d5df,"[(4.299307465553284, 50.86047570186527), (4.299382567405701, 50.86049601833876), (4.299441576004028, 50.860519720879964), (4.299554228782654, 50.86057728414417), (4.30014431476593, 50.86099376917396), (4.3003910779953, 50.861176615085085), (4.3006110191345215, 50.86134591621534), (4.3006432056427, 50.86136623230967), (4.3006861209869385, 50.861379776367635), (4.300755858421326, 50.861389934408535), (4.300847053527832, 50.86136961832453), (4.300927519798279, 50.86132898612998), (4.301083087921143, 50.861220633438094), (4.301211833953857, 50.86113936875393), (4.301437139511108, 50.8610140854217), (4.301673173904419, 50.8608989599007), (4.301882386207581, 50.860814308600986), (4.302086234092712, 50.860739815330106), (4.302354454994202, 50.86065854980795), (4.302665591239929, 50.86057389807178), (4.303368330001831, 50.86040459413837), (4.303684830665588, 50.86033348630303)]",15.0,0.0,2026-09-28 16:10:00,0.9
Traffic flow_8d19d26f879eafdff2c3277861e32c0e86691bf0,"[(4.305825233459473, 50.86000164830433), (4.306018352508545, 50.860103231615966), (4.306249022483826, 50.86024206178398), (4.306409955024719, 50.86033687239289), (4.306726455688477, 50.86053326518382), (4.306871294975281, 50.86064839160773), (4.306930303573608, 50.860821080710615), (4.307278990745544, 50.86159648076), (4.3073272705078125, 50.86174885043284), (4.307359457015991, 50.861877517768804), (4.30738091468811, 50.8620095707181), (4.30738627910614, 50.862138237334605)]",15.0,0.0,2026-09-28 16:10:00,0.9
Traffic flow_9a785521207e887d419e3ba1a2b6e8d444463e30,"[(4.305825233459473, 50.86000164830433), (4.305852055549622, 50.85998471773087), (4.305857419967651, 50.85994069821112), (4.305835962295532, 50.859903450892716), (4.305819869041443, 50.85988990640592), (4.305782318115234, 50.85987636191519), (4.305750131607056, 50.85986958966834), (4.305717945098877, 50.85986958966834), (4.3056535720825195, 50.85988652028361), (4.304907917976379, 50.85939552994537), (4.30414617061615, 50.85890792063087), (4.303990602493286, 50.85880294851423), (4.303926229476929, 50.85873183823646), (4.30389940738678, 50.85868104511451), (4.30389404296875, 50.858626865723444), (4.303910136222839, 50.85855236895795), (4.303953051567078, 50.8584338511312), (4.304001331329346, 50.858254380705844), (4.304060339927673, 50.85806813708131), (4.304248094558716, 50.857695647600735), (4.304339289665222, 50.85753310580405), (4.304543137550354, 50.85722156577683), (4.30513322353363, 50.8561311592916), (4.305267333984375, 50.85583315556772), (4.305326342582703, 50.85571801725532), (4.305353164672852, 50.85564351584288), (4.305337071418762, 50.855602878658665), (4.305278062820435, 50.8556367429813), (4.305181503295898, 50.85581622348079), (4.304999113082886, 50.85611422731286), (4.304827451705933, 50.85644947934779), (4.30440366268158, 50.85721140682786), (4.304172992706299, 50.85758390017637), (4.304028153419495, 50.85783448493677), (4.30389940738678, 50.85813247587207), (4.303786754608154, 50.85842030621754), (4.303727746009827, 50.858613320865835), (4.303743839263916, 50.858721679616494), (4.303770661354065, 50.85878601750556), (4.303851127624512, 50.85888421727036)]",20.0,0.0,2026-09-28 16:10:00,0.9
Traffic flow_8803d0b852d457603e7d042d2bf1f73e267a1784,"[(4.296947121620178, 50.855948293595866), (4.297043681144714, 50.855968612041906), (4.297247529029846, 50.85604311293501), (4.297553300857544, 50.8561480912642), (4.2979127168655396, 50.85624968297066), (4.298170208930969, 50.85631063788831), (4.298615455627441, 50.856371592726305), (4.298878312110901, 50.856385138235034), (4.299532771110535, 50.85639868373983), (4.299945831298828, 50.85641900198966), (4.3000853061676025, 50.856432547484616), (4.300600290298462, 50.85650027490041), (4.3015605211257935, 50.8566458885113), (4.302161335945129, 50.85673054737839), (4.302472472190857, 50.85679827436141), (4.302574396133423, 50.856832137816035), (4.302810430526733, 50.85694727337782), (4.3029069900512695, 50.85702177270751), (4.303035736083984, 50.85717415732936), (4.303078651428223, 50.857255428924084), (4.303100109100342, 50.85736717713556), (4.30313766002655, 50.857448448393896), (4.303185939788818, 50.85749924285843), (4.303277134895325, 50.857556809851346), (4.303411245346069, 50.85758390017637), (4.303491711616516, 50.857590672755165), (4.303759932518005, 50.857570355015824), (4.303915500640869, 50.857556809851346), (4.304210543632507, 50.857519560628745), (4.304339289665222, 50.85753310580405)]",20.0,0.0,2026-09-28 16:10:00,0.9
Traffic flow_48e091a357331079c158f6f4e3d328e0eb92d3fc,"[(4.303684830665588, 50.86033348630303), (4.30365264415741, 50.860275922737856), (4.3036311864852905, 50.860198042507164), (4.303609728813171, 50.8598729757919), (4.303663372993469, 50.8592194493922), (4.30365264415741, 50.85910431944025), (4.303620457649231, 50.85901966488246)]",20.0,0.0,2026-09-28 16:10:00,0.9
Traffic flow_caf24c2625d4095aff3fb2336399173ba36ab2cb,"[(4.304229319095612, 50.862138237334605), (4.304339289665222, 50.86211453561613), (4.304543137550354, 50.8620569742497), (4.304687976837158, 50.8620095707181), (4.3050044775009155, 50.86188090374653), (4.305111765861511, 50.861830114054754), (4.305353164672852, 50.86168451663171), (4.305583834648132, 50.86153214674864), (4.305798411369324, 50.86137639035351), (4.306871294975281, 50.86064839160773), (4.307740330696106, 50.86005243998781)]",25.0,0.0,2026-09-28 16:10:00,0.9
Traffic flow_e0371855abaaab40b23239a9045061da890fe38b,"[(4.29889976978302, 50.86033010021293), (4.298835396766663, 50.86028269492569), (4.298765659332275, 50.860211586904455), (4.298604726791382, 50.86007952886305), (4.298433065414429, 50.85993392597362), (4.298180937767029, 50.8597273722575), (4.29789662361145, 50.85948356997262), (4.297612309455872, 50.85925331108867), (4.2969149351119995, 50.85865056921478), (4.296786189079285, 50.858535437858286), (4.2965662479400635, 50.85838644391617), (4.296448230743408, 50.85831533300324), (4.296281933784485, 50.858210359552636), (4.295654296875, 50.85784803002059), (4.294881820678711, 50.85735024560558), (4.294795989990234, 50.85730283728893), (4.294930100440979, 50.85716061204981), (4.295423626899719, 50.85657816130698), (4.2956167459487915, 50.856371592726305), (4.29590106010437, 50.85604988573757), (4.295938611030579, 50.8560126353113)]",25.0,0.0,2026-09-28 16:10:00,0.9
Traffic flow_d44eef9f333c130f84c6626a8668eb3535e71949,"[(4.303620457649231, 50.85901966488246), (4.30365264415741, 50.85910431944025), (4.303663372993469, 50.8592194493922), (4.303609728813171, 50.8598729757919), (4.3036311864852905, 50.860198042507164), (4.30365264415741, 50.860275922737856), (4.303684830665588, 50.86033348630303)]",25.0,0.0,2026-09-28 16:10:00,0.9
Traffic flow_d17268e924833ae7332be0ef08fd91111bf556ff,"[(4.298867583274841, 50.860455385382934), (4.29890513420105, 50.860468929705476), (4.298958778381348, 50.8604790879448), (4.299275279045105, 50.860485860103125), (4.299307465553284, 50.86047570186527), (4.299339652061462, 50.86045199930169), (4.299377202987671, 50.86041813847566), (4.299382567405701, 50.86039782196825), (4.299371838569641, 50.860367347190525), (4.299345016479492, 50.86034364457186)]",30.0,0.0,2026-09-28 16:10:00,0.9
Traffic flow_a284615a17524dc98d8888da71a4e0cbf0724108,"[(4.298867583274841, 50.860455385382934), (4.298765659332275, 50.86047570186527), (4.297837615013123, 50.860519720879964), (4.297070503234863, 50.86057051199913), (4.295434355735779, 50.86066870800596), (4.2948925495147705, 50.86066532194021), (4.294554591178894, 50.86065008464125)]",30.0,0.0,2026-09-28 16:10:00,0.9
Traffic flow_5f7666175d5c47f3047f38752d321fcc657567fb,"[(4.299345016479492, 50.86034364457186), (4.299516677856445, 50.86028269492569), (4.299983382225037, 50.860089687187205), (4.300804138183594, 50.85977139197865), (4.301281571388245, 50.85958176826846), (4.301469326019287, 50.85952420377529), (4.301785826683044, 50.85944632228907), (4.302354454994202, 50.85933119289726), (4.303169846534729, 50.859172042975814), (4.3034327030181885, 50.85909416090143), (4.303620457649231, 50.85901966488246), (4.303679466247559, 50.858985803016324)]",30.0,0.0,2026-09-28 16:10:00,0.9
Traffic flow_44da35bf7d86c18bc7852c9c83583af1e6284bc9,"[(4.306726455688477, 50.86053326518382), (4.305825233459473, 50.86114614081635), (4.305465817451477, 50.861325600112174), (4.30514395236969, 50.86144749659844), (4.3048059940338135, 50.86153553275144), (4.3036580085754395, 50.86175562240675), (4.303539991378784, 50.861775938322545), (4.303314685821533, 50.86183688601685), (4.303089380264282, 50.86190460558377), (4.30289089679718, 50.86198248296411), (4.302687048912048, 50.862073904070726), (4.302566349506378, 50.862138237334605)]",35.0,0.0,2026-09-28 16:10:00,0.9
Traffic flow_06ec6796d60f048df7c9b55fe4131387285a279d,"[(4.316403865814209, 50.87523667209245), (4.316339492797852, 50.875138506767854), (4.316280484199524, 50.87503357119223), (4.316055178642273, 50.87469168267786), (4.315685033798218, 50.874180537745886), (4.315271973609924, 50.873567833453386)]",5.0,0.0,2026-09-28 16:10:00,0.9
Traffic flow_d612ab114c26656c2383792beb3feeec7991822f,"[(4.309982657432556, 50.874657832193456), (4.309912919998169, 50.87478984894362), (4.309676885604858, 50.87536530220479), (4.30950790643692, 50.876005062489405)]",5.0,0.0,2026-09-28 16:10:00,0.9
Traffic flow_ee8370f187966a95c2b7f02d03825daac4cdd81c,"[(4.309982657432556, 50.874657832193456), (4.310025572776794, 50.87457659093055)]",5.0,0.0,2026-09-28 16:10:00,0.9
Traffic flow_b3c689a10dd2bb481235d2b9f6fc7bd948e66576,"[(4.313555359840393, 50.8717669101176), (4.313399791717529, 50.87187185304834), (4.313260316848755, 50.871963254763244), (4.313040375709534, 50.87209866438178), (4.3127453327178955, 50.872301778071986), (4.312525391578674, 50.872443957128475), (4.3124717473983765, 50.87247103880434), (4.312235713005066, 50.87253197251752), (4.31212306022644, 50.87255905414225), (4.3120211362838745, 50.872599676549854), (4.311940670013428, 50.8726538397049), (4.311575889587402, 50.873026209691986), (4.311511516571045, 50.87309729816952), (4.311162829399109, 50.87358814422199), (4.310363531112671, 50.874671372390175), (4.3102991580963135, 50.87474922844494)]",10.0,0.0,2026-09-28 16:10:00,0.9
Traffic flow_dce34456836884c36ac1d42334b410fca74a0419,"[(4.307110011577606, 50.876005062489405), (4.307268261909485, 50.875764730290705), (4.307579398155212, 50.8752569821338), (4.307606220245361, 50.875260367139816), (4.30763840675354, 50.87525359712751), (4.307665228843689, 50.87524344210722), (4.307697415351868, 50.87520959202356), (4.307692050933838, 50.875182511938945), (4.307686686515808, 50.87516558687805), (4.3076491355896, 50.8751418917825), (4.30789053440094, 50.874772923740146), (4.308094382286072, 50.87444118851101)]",10.0,0.0,2026-09-28 16:10:00,0.9
Traffic flow_60d0f58c0feffdf8eefa19bc62eccd1c4a80e583,"[(4.308094382286072, 50.87444118851101), (4.308292865753174, 50.874194078081274), (4.3083518743515015, 50.874099295650986)]",10.0,0.0,2026-09-28 16:10:00,0.9
Traffic flow_dff8b37ca8af59c79138749d5d2193769769e555,"[(4.308968782424927, 50.87438025729388), (4.309703707695007, 50.87458336104121), (4.310100674629211, 50.87469168267786), (4.311329126358032, 50.8750606513634), (4.312300086021423, 50.875334837210275), (4.314284920692444, 50.875903513824255), (4.314612150192261, 50.876005062489405)]",15.0,0.0,2026-09-28 16:10:00,0.9
Traffic flow_977fc9e586e233bece9969eabdc176d11de6d745,"[(4.317744970321655, 50.86768410818722), (4.3177396059036255, 50.86810730078694), (4.317734241485596, 50.86837475652868), (4.317744970321655, 50.868655752680276), (4.317750334739685, 50.86865913816576)]",15.0,0.0,2026-09-28 16:10:00,0.9
Traffic flow_48064441b66524810c00e98cfe1db47376e5a53d,"[(4.313753843307495, 50.87147916215987), (4.313727021217346, 50.871489318000386), (4.3136948347091675, 50.871506244396336), (4.313673377037048, 50.871526556063344), (4.313662648200989, 50.871560408822035), (4.3136680126190186, 50.87158749101128), (4.313684105873108, 50.87161118791397), (4.313716292381287, 50.87163149953524), (4.313753843307495, 50.871648425879556), (4.3138182163238525, 50.871648425879556), (4.3138182163238525, 50.87171951645852), (4.313834309577942, 50.87177029537711), (4.314086437225342, 50.872210377020934), (4.314740896224976, 50.87313453494781), (4.315052032470703, 50.873632150856956), (4.315518736839294, 50.87428886031881), (4.316049814224243, 50.875097886573066), (4.316178560256958, 50.87527729216628)]",15.0,0.0,2026-09-28 16:10:00,0.9
Traffic flow_e3b39b917bb7deae2f63c34c99d4265ca20e13bf,"[(4.314054250717163, 50.871370833056694), (4.314225912094116, 50.871235421323675), (4.314397573471069, 50.871110165120385), (4.3146175146102905, 50.87094428476554), (4.314751625061035, 50.87085288105245), (4.315502643585205, 50.87030784037555), (4.315953254699707, 50.869972687975086), (4.3159908056259155, 50.869942219455545), (4.316098093986511, 50.86986435537068), (4.31613028049469, 50.86984404297933), (4.316613078117371, 50.86949534554755), (4.3171656131744385, 50.86908232191393), (4.3173640966415405, 50.86894013260311), (4.317744970321655, 50.868655752680276), (4.31787371635437, 50.868547417015236)]",15.0,0.0,2026-09-28 16:10:00,0.9
Traffic flow_66b6097e620e79f000e17567499bd6e592be0a4c,"[(4.3115222454071045, 50.87033153792882), (4.311924576759338, 50.87056512745199), (4.312251806259155, 50.87075132116101), (4.312461018562317, 50.87087657832861), (4.313431978225708, 50.87141822707032), (4.313662648200989, 50.871560408822035)]",15.0,0.0,2026-09-28 16:10:00,0.9
Traffic flow_1a684446c3da72f6a7142faba7d16a0817b1dedf,"[(4.308872222900391, 50.872586135751256), (4.30914044380188, 50.87256920974747), (4.309435486793518, 50.87256582454598), (4.309617877006531, 50.87258275055099), (4.309843182563782, 50.87260983214621), (4.310014843940735, 50.872640298922036), (4.31014358997345, 50.872670765677945), (4.310604929924011, 50.872806173241024), (4.311511516571045, 50.87309729816952)]",15.0,0.0,2026-09-28 16:10:00,0.9
Traffic flow_4827f04575916a06937a142321a96e15d8074a2f,"[(4.3118977546691895, 50.8694513350067), (4.311951398849487, 50.86948518927259), (4.312005043029785, 50.869508887244066), (4.312214255332947, 50.86957659566766), (4.312418103218079, 50.86961383525871), (4.312557578086853, 50.869651074820005), (4.31263267993927, 50.86967477270717), (4.312815070152283, 50.86976279332539), (4.312992095947266, 50.869850813777425), (4.3130940198898315, 50.869894823941124), (4.313458800315857, 50.870060708030756), (4.31362509727478, 50.86996253180411), (4.313775300979614, 50.869850813777425), (4.3138933181762695, 50.86975263710871), (4.314000606536865, 50.8696680018835)]",15.0,0.0,2026-09-28 16:10:00,0.9
Traffic flow_063786cb97c64d6842865d2280427a3ae26eed24,"[(4.3137431144714355, 50.87563271630207), (4.31237518787384, 50.875246827114225), (4.310808777809143, 50.87479661902329), (4.310025572776794, 50.87457659093055), (4.309966564178467, 50.87455628059271), (4.309601783752441, 50.87445472877067), (4.309027791023254, 50.87428886031881), (4.308840036392212, 50.874238084144096)]",20.0,0.0,2026-09-28 16:10:00,0.9
Traffic flow_e52dea888b0fb831a309cea9cfabf98754b8c5bf,"[(4.318726658821106, 50.869737402779506), (4.318431615829468, 50.86954612688921), (4.318308234214783, 50.86945472043439), (4.318184852600098, 50.869346386626205), (4.3180882930755615, 50.869234667122804), (4.3180400133132935, 50.869166958202555), (4.3180131912231445, 50.86911279099553), (4.317975640296936, 50.86905523826912), (4.317932724952698, 50.86896721631479), (4.317895174026489, 50.86884195401631), (4.3178790807724, 50.86872007686226), (4.31787371635437, 50.868537260533735)]",20.0,0.0,2026-09-28 16:10:00,0.9
Traffic flow_f9b6a7b9aeb338a677b522e4b9265178701540de,"[(4.313657283782959, 50.87170597540422), (4.313727021217346, 50.871712745931866), (4.313775300979614, 50.87172290172149), (4.313796758651733, 50.871733057508884), (4.313834309577942, 50.87177029537711)]",20.0,0.0,2026-09-28 16:10:00,0.9
Traffic flow_c87523f7b87b2fc7347b267d3b94bea2c4c21e10,"[(4.3102991580963135, 50.87474922844494), (4.310363531112671, 50.874671372390175), (4.311162829399109, 50.87358814422199), (4.311511516571045, 50.87309729816952), (4.311575889587402, 50.873026209691986), (4.311940670013428, 50.8726538397049), (4.3120211362838745, 50.872599676549854), (4.31212306022644, 50.87255905414225), (4.312402009963989, 50.87249135005093), (4.3124717473983765, 50.87247103880434), (4.312525391578674, 50.872443957128475), (4.3127453327178955, 50.872301778071986), (4.313040375709534, 50.87209866438178), (4.313260316848755, 50.871963254763244), (4.313555359840393, 50.8717669101176)]",20.0,0.0,2026-09-28 16:10:00,0.9
Traffic flow_56549a7ab7116849f58be03ab38cf69ec07c1863,"[(4.3137431144714355, 50.87563271630207), (4.313807487487793, 50.87556840165933), (4.3139201402664185, 50.875443157100314), (4.314156174659729, 50.87523667209245), (4.314660429954529, 50.87484062451719), (4.314976930618286, 50.874617211579704), (4.31537389755249, 50.874370102083276), (4.315518736839294, 50.87428886031881), (4.315685033798218, 50.874180537745886), (4.316237568855286, 50.87385556851653), (4.316811561584473, 50.873506901094444), (4.317069053649902, 50.87337488071013), (4.317170977592468, 50.87333087383226), (4.317294359207153, 50.87328348176346), (4.3174391984939575, 50.87324285995185), (4.3176645040512085, 50.87319208263755), (4.318023920059204, 50.87310406849506)]",20.0,0.0,2026-09-28 16:10:00,0.9
Traffic flow_35aaef64eee2349fca5a2216253a9db41aec2d0a,"[(4.314000606536865, 50.8696680018835), (4.3138933181762695, 50.86975263710871), (4.313775300979614, 50.869850813777425), (4.31362509727478, 50.86996253180411), (4.313458800315857, 50.870060708030756), (4.3130940198898315, 50.869894823941124), (4.312992095947266, 50.869850813777425), (4.312691688537598, 50.86970185599203), (4.31263267993927, 50.86967477270717), (4.312487840652466, 50.86963076233571), (4.312278628349304, 50.86958675192272), (4.312214255332947, 50.86957659566766), (4.312005043029785, 50.869508887244066), (4.311951398849487, 50.86948518927259), (4.3118977546691895, 50.8694513350067)]",20.0,0.0,2026-09-28 16:10:00,0.9
Traffic flow_f04d2507caa8f473c1cc9eab4b0891fc641a6f7e,"[(4.317750334739685, 50.86865913816576), (4.317777156829834, 50.868879194194264), (4.317798614501953, 50.86894013260311), (4.3178898096084595, 50.86914664550729), (4.317932724952698, 50.8692515943375), (4.318034648895264, 50.86939378269825), (4.318152666091919, 50.86951565809086), (4.3185120820999146, 50.86975940792008), (4.318726658821106, 50.869899902034255)]",25.0,0.0,2026-09-28 16:10:00,0.9
Traffic flow_10d9ae4016760ddc9d2de373aed2617797fff455,"[(4.315271973609924, 50.873567833453386), (4.31463360786438, 50.87262675813525), (4.314317107200623, 50.87214944288731), (4.314070343971252, 50.871800762701724), (4.313914775848389, 50.87160780264289), (4.313925504684448, 50.87156717937082), (4.3139201402664185, 50.87154009716977), (4.313904047012329, 50.871516400230945), (4.313866496086121, 50.87149270328007), (4.313834309577942, 50.871482547440294), (4.313753843307495, 50.87147916215987)]",25.0,0.0,2026-09-28 16:10:00,0.9
Traffic flow_f0622fcc98c9fdcac8003fb831d018e5f3257e2e,"[(4.313753843307495, 50.87147916215987), (4.3134695291519165, 50.8713166684107), (4.313340783119202, 50.8712286507267), (4.312562942504883, 50.87078855981357), (4.311913847923279, 50.87043986944744), (4.3112969398498535, 50.87009794723505), (4.310771226882935, 50.869796647365085), (4.309955835342407, 50.86934977206152), (4.310004115104675, 50.86928883418818), (4.310025572776794, 50.8692549797797), (4.310036301612854, 50.869163572753955), (4.310004115104675, 50.86908570736843), (4.309982657432556, 50.86905523826912), (4.309945106506348, 50.869017998231804), (4.30988609790802, 50.86897737270262), (4.309821724891663, 50.868946903532496), (4.309676885604858, 50.868909663408644), (4.309515953063965, 50.868913048875676), (4.309446215629578, 50.8689232052753), (4.30937647819519, 50.86894351806793), (4.309328198432922, 50.8689638308517), (4.3091511726379395, 50.868875808724766), (4.308443069458008, 50.868459394102004), (4.308083653450012, 50.86824272160746), (4.307799339294434, 50.868049746819096), (4.307734966278076, 50.86800912044607), (4.3076008558273315, 50.8679177109773), (4.307456016540527, 50.8678026025024), (4.307289719581604, 50.86768410818722)]",25.0,0.0,2026-09-28 16:10:00,0.9
Traffic flow_c1b8a898a1978215dd2183b54525345d5c70310b,"[(4.308823943138123, 50.872589520951266), (4.308813214302063, 50.87256920974747), (4.308791756629944, 50.87254889853483), (4.308764934539795, 50.87253535772148), (4.308732748031616, 50.872528587313326), (4.308711290359497, 50.872481194428744), (4.308684468269348, 50.872440571917885), (4.308609366416931, 50.87238302330023), (4.308544993400574, 50.87233901548584), (4.3084001541137695, 50.872257770180894), (4.308255314826965, 50.8721900656519), (4.308105111122131, 50.87212913149175), (4.307960271835327, 50.872081738200976), (4.307783246040344, 50.87204111534197), (4.307670593261719, 50.87202757438111), (4.307595491409302, 50.87202418914026), (4.307531118392944, 50.87202757438111), (4.307456016540527, 50.87204111534197), (4.307359457015991, 50.871777065895415), (4.307241439819336, 50.87154009716977), (4.307155609130859, 50.87139453006953), (4.307059049606323, 50.87125234781182), (4.306790828704834, 50.87089689027002), (4.306715726852417, 50.87078855981357), (4.306581616401672, 50.87063960502484), (4.306485056877136, 50.87055158606231), (4.306420683860779, 50.87048726440766), (4.306372404098511, 50.87044664015899), (4.306232929229736, 50.87037554763863), (4.30614709854126, 50.87034169401938), (4.305964708328247, 50.87029091354442), (4.305776953697205, 50.87024690375472), (4.305685758590698, 50.87021982078654), (4.305626749992371, 50.87018935242855), (4.305567741394043, 50.87014872792023), (4.305540919303894, 50.87012672296344)]",25.0,0.0,2026-09-28 16:10:00,0.9
Traffic flow_656859bd08367c385896174a1045918da0d9d529,"[(4.314815998077393, 50.86845262310179), (4.314821362495422, 50.868598199389574), (4.314794540405273, 50.86872684782364), (4.3147677183151245, 50.868818255705754), (4.3147194385528564, 50.86894013260311), (4.314681887626648, 50.86900445639268), (4.314601421356201, 50.86911279099553), (4.314000606536865, 50.8696680018835)]",25.0,0.0,2026-09-28 16:10:00,0.9
Traffic flow_5b990c248c9cd280c830d1bea781de6c9f77b1ea,"[(4.31787371635437, 50.868537260533735), (4.317846894264221, 50.867941409745676), (4.317846894264221, 50.86768410818722)]",30.0,0.0,2026-09-28 16:10:00,0.9
Traffic flow_a3ae1357b4d265409b97b060e98d2d0aeffcef94,"[(4.30988073348999, 50.86940393899315), (4.309955835342407, 50.86934977206152)]",30.0,0.0,2026-09-28 16:10:00,0.9
Traffic flow_ef3049b4cc2c2a4d2f90ebe232cc00c365a7cfa7,"[(4.308587908744812, 50.87256920974747), (4.308432340621948, 50.87256920974747), (4.3077778816223145, 50.872586135751256), (4.307557940483093, 50.872586135751256), (4.307155609130859, 50.87256243934424), (4.306758642196655, 50.872528587313326), (4.3062543869018555, 50.872450727548916), (4.30588960647583, 50.87238302330023), (4.305616021156311, 50.872311933733265), (4.305540919303894, 50.872289929797695)]",30.0,0.0,2026-09-28 16:10:00,0.9
Traffic flow_3d14e25e9d5d7c7a64c6c3e491754058f60763ef,"[(4.308840036392212, 50.874238084144096), (4.3083518743515015, 50.874099295650986), (4.307531118392944, 50.87385895362436), (4.305846691131592, 50.87337488071013), (4.305540919303894, 50.87328009661385)]",45.0,0.0,2026-09-28 16:10:00,0.9
Traffic flow_fa099bf47c5fd614b6998545c6eea106f0c3865f,"[(4.318726658821106, 50.862471753095406), (4.318683743476868, 50.86241927107802), (4.318608641624451, 50.86234478037126), (4.318394064903259, 50.862161939041016), (4.318200945854187, 50.8620095707181), (4.318034648895264, 50.86191476351032), (4.3178898096084595, 50.8618504299381), (4.31763768196106, 50.86174885043284), (4.317455291748047, 50.86169806059722), (4.317353367805481, 50.86167774464747), (4.3170905113220215, 50.86164049871663), (4.316859841346741, 50.861616796745146), (4.316580891609192, 50.86162018274182), (4.316457509994507, 50.86163034073033), (4.31613564491272, 50.86168451663171), (4.3159157037734985, 50.86174885043284), (4.315770864486694, 50.86180641217967), (4.315674304962158, 50.861853815917804), (4.315556287765503, 50.861921535460134), (4.315486550331116, 50.86195878116648), (4.315406084060669, 50.86199602684307), (4.315309524536133, 50.86202650055635), (4.315250515937805, 50.862040044422514), (4.315057396888733, 50.8620569742497)]",5.0,0.0,2026-09-28 16:10:00,0.9
Traffic flow_9f88990fad1069af66296ace2774d54913c7ff1f,"[(4.316403865814209, 50.86137300433915), (4.316280484199524, 50.86116984302709), (4.316055178642273, 50.86082785281927), (4.31599885225296, 50.860749973510416)]",5.0,0.0,2026-09-28 16:10:00,0.9
Traffic flow_6ff8eb4767ff8b7d09eaa4bd8b95f3024243536f,"[(4.316285848617554, 50.86398016260393), (4.316795468330383, 50.86409528051719), (4.316918849945068, 50.86411220959811), (4.316999316215515, 50.8641325244871), (4.31788444519043, 50.8642815000692), (4.318442344665527, 50.864379688260776), (4.318726658821106, 50.86443724675971)]",5.0,0.0,2026-09-28 16:10:00,0.9
Traffic flow_c810756599a64dd2acc1dd9478f33b868fb126e4,"[(4.309982657432556, 50.86079399226618), (4.309912919998169, 50.860926048284156), (4.309746623039246, 50.861325600112174), (4.309676885604858, 50.86149828670699), (4.309440851211548, 50.86239556950241), (4.30938184261322, 50.862507305396214), (4.309317469596863, 50.86265967209258), (4.309258460998535, 50.862849283286046), (4.309263825416565, 50.86291022957731), (4.309279918670654, 50.86297456168724)]",5.0,0.0,2026-09-28 16:10:00,0.9
Traffic flow_488c45428028affc3fe5d66e708164f576317eab,"[(4.309982657432556, 50.86079399226618), (4.31000679731369, 50.860749973510416)]",5.0,0.0,2026-09-28 16:10:00,0.9
Traffic flow_15666b0444430590146fc61c762d178d1f01d93e,"[(4.315057396888733, 50.8620569742497), (4.314928650856018, 50.862063746178855), (4.314751625061035, 50.86204681635412), (4.3146926164627075, 50.86203327248992), (4.3137431144714355, 50.86176578036575)]",10.0,0.0,2026-09-28 16:10:00,0.9
Traffic flow_53e0037d5b5c6c29aff94060626a7434625d873f,"[(4.316731095314026, 50.86722705586439), (4.316527247428894, 50.86728122526265), (4.316452145576477, 50.86730492435459), (4.316323399543762, 50.86735909366237), (4.316269755363464, 50.867386178292655), (4.316200017929077, 50.867440347506026), (4.3160927295684814, 50.86751483007163), (4.31588888168335, 50.8676773370744), (4.315760135650635, 50.86777551811405), (4.3154919147491455, 50.86798880724628), (4.3153685331344604, 50.8680836021029)]",10.0,0.0,2026-09-28 16:10:00,0.9
Traffic flow_3bf408235530d16f4f61ed8daa05fc418d6bb24d,"[(4.316178560256958, 50.861413636495335), (4.315974712371826, 50.86145765462457), (4.315400719642639, 50.86164727070627), (4.3153417110443115, 50.86167774464747), (4.315207600593567, 50.86177255233719), (4.315111041069031, 50.861847043958164), (4.315014481544495, 50.86193507935679), (4.3148428201675415, 50.86211114965537), (4.314735531806946, 50.86227367549469), (4.314671158790588, 50.86239556950241), (4.31462287902832, 50.86255470842177), (4.314612150192261, 50.86262919879314)]",10.0,0.0,2026-09-28 16:10:00,0.9
Traffic flow_f0badc22142f3ce2dc184ae261b767d9cb417884,"[(4.318726658821106, 50.861894447655004), (4.318608641624451, 50.86184365797798), (4.318458437919617, 50.8617691663516), (4.318023920059204, 50.861599866758134), (4.317793250083923, 50.86152876074558), (4.317492842674255, 50.8614508826074), (4.317294359207153, 50.861413636495335), (4.317101240158081, 50.861389934408535), (4.316934943199158, 50.86137639035351), (4.316688179969788, 50.86136961832453), (4.316403865814209, 50.86137300433915), (4.316339492797852, 50.861379776367635), (4.316178560256958, 50.861413636495335)]",10.0,0.0,2026-09-28 16:10:00,0.9
Traffic flow_58e02b86b67fc7d53928d098475ca6d3746eecdf,"[(4.317262172698975, 50.86883518307166), (4.3171226978302, 50.868855495902636), (4.317036867141724, 50.868858881373605), (4.316961765289307, 50.868855495902636), (4.31687593460083, 50.86884195401631), (4.316763281822205, 50.868808099283264), (4.316655993461609, 50.86877085904851), (4.316500425338745, 50.8687065349366), (4.316462874412537, 50.86868622204071), (4.316409230232239, 50.86866252365099), (4.316312670707703, 50.86860158487923), (4.316253662109375, 50.8685677299716), (4.3159908056259155, 50.86836798551619), (4.315727949142456, 50.868178396766766), (4.3154919147491455, 50.86798880724628), (4.315239787101746, 50.86783984351067), (4.314520955085754, 50.867318466687436), (4.313861131668091, 50.86682078337103), (4.313700199127197, 50.86669212967668), (4.3130189180374146, 50.86616396868446), (4.312831163406372, 50.86602515614866), (4.312793612480164, 50.86599129936991), (4.312659502029419, 50.8658965002586), (4.312702417373657, 50.865872800450646), (4.312707781791687, 50.86583217218042), (4.312702417373657, 50.86581524372405), (4.312680959701538, 50.865788158181054), (4.312654137611389, 50.865764458318026), (4.312573671340942, 50.865737372745535), (4.312530755996704, 50.86573060134995), (4.312498569488525, 50.86573398704787), (4.312461018562317, 50.86574414414013), (4.311956763267517, 50.865314158631406), (4.311715364456177, 50.86509408577373), (4.311264753341675, 50.864714880874104), (4.311211109161377, 50.864664094269415), (4.310899972915649, 50.86439323144339), (4.310803413391113, 50.86429842908251), (4.310819506645203, 50.86427472846216), (4.310824871063232, 50.8642408704122), (4.310814142227173, 50.864223941378), (4.310765862464905, 50.864186697481124), (4.310690760612488, 50.86416299680398), (4.31064248085022, 50.86415961099198), (4.310610294342041, 50.864166382615736), (4.3104493618011475, 50.86400724919732), (4.310111403465271, 50.863729610868965), (4.309451580047607, 50.86320141631383), (4.309408664703369, 50.863160785715586), (4.3093496561050415, 50.86309306797315), (4.309279918670654, 50.86297456168724)]",10.0,0.0,2026-09-28 16:10:00,0.9
Traffic flow_95eade7ae53ca5eb0e8fb364e12ada1debfa7237,"[(4.316768646240234, 50.86658378944815), (4.317085146903992, 50.866678587161886), (4.317535758018494, 50.86682755460828)]",10.0,0.0,2026-09-28 16:10:00,0.9
Traffic flow_af2a5bc1b6bebf4a9c2f34a03dd98ebb022dac5d,"[(4.316323399543762, 50.86735909366237), (4.316296577453613, 50.867298153186695), (4.3162912130355835, 50.86724059821985), (4.316334128379822, 50.867183043181946), (4.316462874412537, 50.866976521578636), (4.316484332084656, 50.86689526692654), (4.316495060920715, 50.86681062651333), (4.316495060920715, 50.86673952844749), (4.3165165185928345, 50.86651946231834)]",10.0,0.0,2026-09-28 16:10:00,0.9
Traffic flow_449dfd184628c80bebf0aa1b47bf86626f3d9411,"[(4.309821724891663, 50.860749973510416), (4.310100674629211, 50.86082785281927), (4.311329126358032, 50.86119693125318), (4.312300086021423, 50.8614678126485), (4.314284920692444, 50.86203665845635), (4.31463360786438, 50.86214500925194), (4.3147677183151245, 50.86221950027787)]",15.0,0.0,2026-09-28 16:10:00,0.9
Traffic flow_232bae7f323e646bfb83093c1bf46c750cdaf9b8,"[(4.315647482872009, 50.86811407183731), (4.3159425258636475, 50.86788047003123), (4.316468238830566, 50.86748774551608), (4.316511154174805, 50.867464046517085), (4.316575527191162, 50.867436961932036), (4.316661357879639, 50.867409877331255), (4.316827654838562, 50.86736586482142), (4.31688129901886, 50.867342165760455), (4.316956400871277, 50.867298153186695), (4.317085146903992, 50.8672236702749), (4.317219257354736, 50.86713564486208), (4.317337274551392, 50.86703746247477), (4.317460656166077, 50.86691219499074), (4.317535758018494, 50.86682755460828), (4.317723512649536, 50.86658378944815), (4.318147301673889, 50.86595067120296), (4.318705201148987, 50.865175343565234), (4.318726658821106, 50.865141486169314)]",15.0,0.0,2026-09-28 16:10:00,0.9
Traffic flow_9e4e70158bb1f8703ebacff8eaf3ca11b57f738c,"[(4.317605495452881, 50.869072165548964), (4.317578673362732, 50.86899768547164), (4.317610859870911, 50.86897737270262), (4.31763768196106, 50.86894013260311), (4.317648410797119, 50.868896121538036), (4.317610859870911, 50.86882164117943), (4.317551851272583, 50.86878101547912), (4.317508935928345, 50.86877424452563), (4.317042231559753, 50.86751483007163), (4.316956400871277, 50.867298153186695), (4.31687593460083, 50.867162729622194)]",15.0,0.0,2026-09-28 16:10:00,0.9
Traffic flow_e5dbe7960f71375b622bedc4116c867578e8a104,"[(4.316178560256958, 50.861413636495335), (4.316339492797852, 50.861379776367635), (4.316478967666626, 50.86136961832453), (4.316752552986145, 50.86136961832453), (4.316934943199158, 50.86137639035351), (4.317101240158081, 50.861389934408535), (4.317294359207153, 50.861413636495335), (4.317525029182434, 50.86145765462457), (4.317793250083923, 50.86152876074558), (4.318023920059204, 50.861599866758134), (4.318458437919617, 50.8617691663516), (4.318608641624451, 50.86184365797798), (4.318726658821106, 50.861894447655004)]",15.0,0.0,2026-09-28 16:10:00,0.9
Traffic flow_0b6e3def753b9fb81e9a82232ca56a1a256c3ebe,"[(4.311613440513611, 50.86513132894575), (4.31188702583313, 50.86537848742435), (4.312069416046143, 50.865530844737805), (4.312230348587036, 50.865656115933625), (4.3123215436935425, 50.86573060134995), (4.31239128112793, 50.86577800109838), (4.3123698234558105, 50.86579831526152), (4.312359094619751, 50.86583217218042), (4.312364459037781, 50.86585248631996), (4.3123859167099, 50.865872800450646), (4.312439560890198, 50.865899885944465), (4.312509298324585, 50.86591004300059), (4.312557578086853, 50.865913428685474), (4.31288480758667, 50.866157197350844), (4.3136197328567505, 50.86673275719746), (4.3139684200286865, 50.8670036064312), (4.314086437225342, 50.867084860894465), (4.314655065536499, 50.86750805893421), (4.314934015274048, 50.8677247348435), (4.315159320831299, 50.86788724111455), (4.315508008003235, 50.86821563747482), (4.31563675403595, 50.868323973910925), (4.315819144248962, 50.86846277960174), (4.315937161445618, 50.8685677299716), (4.316082000732422, 50.8686692946207), (4.316162467002869, 50.86872007686226), (4.316280484199524, 50.86878778643163), (4.316403865814209, 50.86884533948826), (4.316559433937073, 50.868902892473834), (4.316752552986145, 50.8689638308517), (4.316956400871277, 50.86900784185283), (4.317101240158081, 50.86902138369096), (4.317224621772766, 50.869017998231804), (4.317310452461243, 50.86900784185283)]",15.0,0.0,2026-09-28 16:10:00,0.9
Traffic flow_71bc01a2bf79d1da9c41c80dd53c27d26fe4a266,"[(4.3137431144714355, 50.86176578036575), (4.31237518787384, 50.86138316238151), (4.310808777809143, 50.86092943433099), (4.310363531112671, 50.86080753649036), (4.310218691825867, 50.86076351774739), (4.310167729854584, 50.860749973510416)]",20.0,0.0,2026-09-28 16:10:00,0.9
Traffic flow_8724ea9c5aecbea30e3bad9f65a881459ee6554b,"[(4.316731095314026, 50.86722705586439), (4.316784739494324, 50.86728799643301), (4.316827654838562, 50.86736586482142), (4.316913485527039, 50.867558842440815), (4.316988587379456, 50.867778903663456), (4.317074418067932, 50.86799557831385), (4.317111968994141, 50.8681276139351), (4.317197799682617, 50.868371371022555), (4.317353367805481, 50.8687776300025), (4.317310452461243, 50.868797942858556), (4.317283630371094, 50.868814870231844), (4.317262172698975, 50.86883518307166), (4.317251443862915, 50.868858881373605), (4.317251443862915, 50.86893336167272), (4.317262172698975, 50.868960445388346), (4.317310452461243, 50.86900784185283), (4.317433834075928, 50.869031540067), (4.317447245121002, 50.869072165548964)]",20.0,0.0,2026-09-28 16:10:00,0.9
Traffic flow_6a7dcf34738700dfcd25c835e0523b68b400d3b5,"[(4.318726658821106, 50.864438939655656), (4.318442344665527, 50.864379688260776), (4.317052960395813, 50.86413929611479), (4.316999316215515, 50.8641325244871), (4.316918849945068, 50.86411220959811), (4.316795468330383, 50.86409528051719)]",20.0,0.0,2026-09-28 16:10:00,0.9
Traffic flow_1d45dc2e1c379aa9c6d746784c599f92327f56b6,"[(4.305744767189026, 50.86540218748359), (4.3057286739349365, 50.86541234464814), (4.305707216262817, 50.86543604469018), (4.305685758590698, 50.86545297328424), (4.305664300918579, 50.8655105304581), (4.305669665336609, 50.86554777329744), (4.305707216262817, 50.86560871606128), (4.305771589279175, 50.86563580170852), (4.305809140205383, 50.865645958822185), (4.30588960647583, 50.865642573117874), (4.305921792984009, 50.865632416003486), (4.305959343910217, 50.86560533035426), (4.305991530418396, 50.86555454471958), (4.305996894836426, 50.865513916172), (4.305964708328247, 50.865446201847355), (4.305948615074158, 50.865429273250825)]",20.0,0.0,2026-09-28 16:10:00,0.9
Traffic flow_ce7dd30eaf2d707c01abd474a65156fcfc10d80e,"[(4.305921792984009, 50.865632416003486), (4.3063777685165405, 50.86713225926596), (4.306495785713196, 50.86749451665644), (4.306506514549255, 50.86756561357085), (4.306501150131226, 50.86761639701475), (4.3064796924591064, 50.867673951517624), (4.306318759918213, 50.86793802420807), (4.30588960647583, 50.86860497036864), (4.305616021156311, 50.869072165548964)]",20.0,0.0,2026-09-28 16:10:00,0.9
Traffic flow_81bc016be955925d900c3a1c73fb43e8aed25f27,"[(4.318726658821106, 50.8646827160309), (4.318705201148987, 50.8647047235576), (4.318109750747681, 50.86552407331222), (4.3179380893707275, 50.865764458318026), (4.317900538444519, 50.86582540079861), (4.3177396059036255, 50.86605224155396), (4.3174391984939575, 50.86651607667747), (4.317251443862915, 50.8667903127913), (4.317101240158081, 50.86698329279325), (4.317085146903992, 50.86699683521953), (4.317069053649902, 50.86701714885157), (4.316988587379456, 50.867084860894465), (4.31687593460083, 50.867162729622194), (4.316816926002502, 50.8671931999585), (4.316731095314026, 50.86722705586439)]",25.0,0.0,2026-09-28 16:10:00,0.9
Traffic flow_e81324614462638af8e9f83d88185040ed95dbaf,"[(4.314612150192261, 50.86262919879314), (4.3128204345703125, 50.86274432004208), (4.312149882316589, 50.86276802144041), (4.311549067497253, 50.86279849464913)]",25.0,0.0,2026-09-28 16:10:00,0.9
Traffic flow_321994570aad6a782cbb14ea904c48346d280de3,"[(4.309210181236267, 50.8629779475853), (4.309215545654297, 50.8630558231729), (4.309242367744446, 50.863109997417986), (4.3092745542526245, 50.8631438562892), (4.309473037719727, 50.863319922023145), (4.30988609790802, 50.86366189395271), (4.310325980186462, 50.86405126487803), (4.3103742599487305, 50.86408512306569), (4.310401082038879, 50.864108823782416), (4.310438632965088, 50.8641325244871), (4.310508370399475, 50.864186697481124), (4.310470819473267, 50.864200240719796), (4.3104493618011475, 50.8642171697626), (4.310427904129028, 50.8642408704122), (4.3104225397109985, 50.864267956854135), (4.310433268547058, 50.86428827167526), (4.310460090637207, 50.864318743890344), (4.310551285743713, 50.86434583028704), (4.310653209686279, 50.86435260188376), (4.310701489448547, 50.86434583028704), (4.311157464981079, 50.86473180973004), (4.3114471435546875, 50.864992513335196), (4.311613440513611, 50.86513132894575)]",25.0,0.0,2026-09-28 16:10:00,0.9
Traffic flow_31629ae99956ad3a181e42634547180073368b59,"[(4.3076008558273315, 50.86416299680398), (4.307219982147217, 50.86446771887742), (4.307075142860413, 50.86458960714913), (4.3069517612457275, 50.86467425159478), (4.306640625, 50.86492141249655), (4.306468963623047, 50.86503991383405), (4.306318759918213, 50.86515841487034), (4.30613100528717, 50.86529722998692), (4.306007623672485, 50.865392030316826), (4.305948615074158, 50.865429273250825)]",25.0,0.0,2026-09-28 16:10:00,0.9
Traffic flow_1b96da17fa58dd69b0f5fbbf248145644a9f5482,"[(4.3153685331344604, 50.8680836021029), (4.3152666091918945, 50.868171625725736), (4.314864277839661, 50.868489863590774), (4.314687252044678, 50.868621897812005), (4.3145424127578735, 50.868733618784006), (4.314510226249695, 50.86875393165924), (4.314099848270416, 50.869072165548964)]",30.0,0.0,2026-09-28 16:10:00,0.9
Traffic flow_1e0eb1de93455c99d7d1090b33c7796b45b1fe45,"[(4.317433834075928, 50.869031540067), (4.317519664764404, 50.86902138369096), (4.317578673362732, 50.86899768547164)]",30.0,0.0,2026-09-28 16:10:00,0.9
Traffic flow_55727ab3427fc6f8f668d28428e5ae4a28dad34e,"[(4.31763768196106, 50.86894013260311), (4.318726658821106, 50.868714998640606)]",30.0,0.0,2026-09-28 16:10:00,0.9
Traffic flow_a711fafe9143c5591e80da6b372df8199faae172,"[(4.3147677183151245, 50.86221950027787), (4.3148428201675415, 50.86227028954549), (4.314934015274048, 50.86234816631505), (4.315014481544495, 50.86249037573254), (4.315046668052673, 50.862591953622335), (4.315084218978882, 50.86280865238093), (4.3151164054870605, 50.86291700138254), (4.3151432275772095, 50.86298133348312), (4.315245151519775, 50.86315062806049), (4.315352439880371, 50.86327251977556), (4.315529465675354, 50.86340456877395), (4.315679669380188, 50.86349598709222), (4.315819144248962, 50.863560318393915), (4.315996170043945, 50.863624649606855), (4.316242933273315, 50.86370929580441), (4.316398501396179, 50.86374654008266), (4.316580891609192, 50.863780398491606), (4.3168652057647705, 50.86381764271306), (4.317192435264587, 50.86384134356577), (4.317353367805481, 50.86383118605893), (4.317530393600464, 50.86382780022284), (4.317702054977417, 50.86381764271306), (4.317905902862549, 50.86379732768686), (4.318093657493591, 50.863770240971505), (4.318292140960693, 50.863732996712194), (4.318608641624451, 50.86368898073101), (4.318726658821106, 50.86367713026744)]",50.0,0.0,2026-09-28 16:10:00,0.9
Traffic flow_ff7d31ed4648bb0cd72c194435612da54277a433,"[(4.317718148231506, 50.855948293595866), (4.318034648895264, 50.856821978782236), (4.318302869796753, 50.8575026291541), (4.318426251411438, 50.85786834763895), (4.318436980247498, 50.857932686705354), (4.318420886993408, 50.85802411575228), (4.318399429321289, 50.85808845460377)]",5.0,0.0,2026-09-28 16:10:00,0.9
Traffic flow_ab34e4ba4c0784acfe9c4f4db1641ec9c003423c,"[(4.310803413391113, 50.8588537415034), (4.310047030448914, 50.85852527919555)]",5.0,0.0,2026-09-28 16:10:00,0.9
Traffic flow_d162844c6946754a7ff808379fcf8116c2be31f0,"[(4.315094947814941, 50.85753987839022), (4.3139201402664185, 50.857370563440824), (4.312477111816406, 50.857140294123106), (4.311940670013428, 50.857059022327725), (4.311736822128296, 50.8570150000461)]",10.0,0.0,2026-09-28 16:10:00,0.9
Traffic flow_e0e24005e99d7ddff257a1b5d2b2f45b6a0402f5,"[(4.310047030448914, 50.85852527919555), (4.310283064842224, 50.858345809122056), (4.310443997383118, 50.85822729077033), (4.3107980489730835, 50.85794623176065), (4.311270117759705, 50.85758728646589), (4.311726093292236, 50.857224952092665), (4.311838746070862, 50.857140294123106), (4.311940670013428, 50.857059022327725)]",15.0,0.0,2026-09-28 16:10:00,0.9
Traffic flow_33ed00b10b2a1208e0e7a8b1794b0bfaf65f6c79,"[(4.316347539424896, 50.862138237334605), (4.3162161111831665, 50.86180979816256), (4.31613028049469, 50.86157277876614), (4.316049814224243, 50.86131205603847), (4.316006898880005, 50.861193545225774), (4.315953254699707, 50.86096329478571), (4.315963983535767, 50.8608989599007), (4.315985441207886, 50.860838010980395), (4.316098093986511, 50.860712726838464), (4.316285848617554, 50.860536651259174), (4.316613078117371, 50.860211586904455), (4.31687593460083, 50.85996778715127), (4.3173640966415405, 50.8594801838208), (4.318292140960693, 50.85851173430842), (4.318506717681885, 50.85830856052969), (4.318554997444153, 50.858237449498), (4.3185871839523315, 50.85817311085207), (4.318603277206421, 50.858122317121534), (4.318603277206421, 50.858047819549995), (4.318576455116272, 50.85788189271294), (4.318184852600098, 50.85683891050401), (4.317734241485596, 50.85554192281593), (4.317578673362732, 50.85512877555971), (4.317610859870911, 50.85510845674777), (4.31763768196106, 50.855071205569544), (4.317648410797119, 50.855027181411465), (4.317610859870911, 50.85495267889544), (4.317551851272583, 50.85491204110925), (4.317508935928345, 50.854905268141444), (4.317103922367096, 50.85381480749744)]",15.0,0.0,2026-09-28 16:10:00,0.9
Traffic flow_ceeaf48fe6198a26d26ce07a15fafc8890b5cf59,"[(4.311736822128296, 50.8570150000461), (4.3113774061203, 50.85694727337782), (4.31089460849762, 50.85687277392913), (4.310583472251892, 50.856818592437136), (4.310036301612854, 50.85673732008112), (4.3097734451293945, 50.85668313843176), (4.309371113777161, 50.85656461585431), (4.30888295173645, 50.856408842865854), (4.308663010597229, 50.85632756979576), (4.305546283721924, 50.85532180383167), (4.305540919303894, 50.85532011060469)]",15.0,0.0,2026-09-28 16:10:00,0.9
Traffic flow_efea66edff08a4b89e3bbf55eb12c83dcbc9292f,"[(4.305830597877502, 50.86000164830433), (4.305948615074158, 50.86006259831786), (4.306071996688843, 50.86013709267066), (4.3062543869018555, 50.86024206178398), (4.306726455688477, 50.86053326518382), (4.306871294975281, 50.86064839160773), (4.306930303573608, 50.860821080710615), (4.307278990745544, 50.86159648076), (4.3073272705078125, 50.86174885043284), (4.307359457015991, 50.861877517768804), (4.30738091468811, 50.8620095707181), (4.30738627910614, 50.862138237334605)]",15.0,0.0,2026-09-28 16:10:00,0.9
Traffic flow_07584d709167c7d8042ddcca8895d7726bcbcb81,"[(4.311736822128296, 50.8570150000461), (4.311549067497253, 50.857153839408554), (4.310819506645203, 50.857715965285486), (4.310106039047241, 50.858257766946686), (4.310014843940735, 50.85833226418281), (4.309864640235901, 50.85844400981387)]",20.0,0.0,2026-09-28 16:10:00,0.9
Traffic flow_7fe8c045a0c965b5275163e8949d06c56a7519f5,"[(4.318399429321289, 50.85808845460377), (4.318351149559021, 50.858186655837535), (4.318297505378723, 50.85826792566771), (4.31813657283783, 50.858454168494326), (4.317578673362732, 50.859026437252744), (4.317208528518677, 50.859429391513984), (4.316312670707703, 50.86029285320558), (4.31612491607666, 50.8604621575447), (4.315947890281677, 50.86064839160773), (4.315856695175171, 50.860749973510416), (4.315797686576843, 50.86083462492693), (4.315776228904724, 50.86089557385167), (4.315770864486694, 50.861010699381026), (4.315963983535767, 50.86161002475108), (4.316044449806213, 50.861833500035935), (4.3161651492118835, 50.862138237334605)]",20.0,0.0,2026-09-28 16:10:00,0.9
Traffic flow_7153b1d9ebce8e2f97af3bc3af1f227079fe6c2b,"[(4.305540919303894, 50.85532011060469), (4.305546283721924, 50.85532180383167), (4.308663010597229, 50.85632756979576), (4.30888295173645, 50.856408842865854), (4.309371113777161, 50.85656461585431), (4.3097734451293945, 50.85668313843176), (4.310036301612854, 50.85673732008112), (4.310583472251892, 50.856818592437136), (4.310991168022156, 50.85688970563247), (4.3113774061203, 50.85694727337782), (4.311736822128296, 50.8570150000461), (4.311940670013428, 50.857059022327725)]",20.0,0.0,2026-09-28 16:10:00,0.9
Traffic flow_528015c949a7e1c2763fc8e19f9e874e04efc889,"[(4.305830597877502, 50.86000164830433), (4.305852055549622, 50.85998471773087), (4.305862784385681, 50.85995762880055), (4.305852055549622, 50.85992038149568), (4.305825233459473, 50.85988990640592), (4.305787682533264, 50.85987636191519), (4.305750131607056, 50.85986958966834), (4.305717945098877, 50.85986958966834), (4.3056535720825195, 50.85988652028361), (4.305540919303894, 50.859812025530495)]",20.0,0.0,2026-09-28 16:10:00,0.9
Traffic flow_855858ca2609e8128dbb2d2b028be667dd79a355,"[(4.315105676651001, 50.85754326468294), (4.3150681257247925, 50.857577127596585), (4.315046668052673, 50.85760083162152), (4.315035939216614, 50.85763130820729), (4.315035939216614, 50.85766178477314), (4.315094947814941, 50.85796993559796), (4.315180778503418, 50.85830856052969), (4.315212965011597, 50.8584101475297), (4.315271973609924, 50.85869797616131), (4.315432906150818, 50.85935150986941), (4.3156421184539795, 50.860059212208085), (4.315690398216248, 50.86024883397672), (4.315733313560486, 50.86031994194116), (4.315776228904724, 50.860353802838475), (4.31612491607666, 50.8604621575447)]",20.0,0.0,2026-09-28 16:10:00,0.9
Traffic flow_9c5f06ff6dd3277eea42e206c1cd2588629bd44c,"[(4.311940670013428, 50.857059022327725), (4.312224984169006, 50.85684568319099), (4.312616586685181, 50.856537524937174), (4.3128955364227295, 50.85632418341475), (4.313260316848755, 50.85603634013147), (4.314081072807312, 50.85540985155005), (4.314182996749878, 50.855328576738984), (4.314547777175903, 50.85505088673252), (4.314837455749512, 50.854823992451045), (4.31486964225769, 50.85480367350632), (4.31513249874115, 50.85460725658419), (4.315508008003235, 50.85434988143412), (4.315647482872009, 50.854248285589165)]",25.0,0.0,2026-09-28 16:10:00,0.9
Traffic flow_06b1a700238daa527616bf7c817442ae49a49e0b,"[(4.318399429321289, 50.85808845460377), (4.317272901535034, 50.85789205151585), (4.316323399543762, 50.85774644179601), (4.315094947814941, 50.85753987839022)]",25.0,0.0,2026-09-28 16:10:00,0.9
Traffic flow_4e952be6306c1688564a6bc2628abc51a2c9653f,"[(4.312949180603027, 50.859720599989025), (4.313442707061768, 50.859910223134634), (4.313753843307495, 50.86004905387729), (4.31462287902832, 50.860424910642834), (4.315255880355835, 50.86070595471308), (4.31538462638855, 50.86076013168851), (4.315239787101746, 50.8608989599007), (4.315153956413269, 50.86099715521586), (4.315111041069031, 50.861037787699566), (4.315062761306763, 50.86106826203912), (4.315014481544495, 50.861091964289436), (4.314939379692078, 50.861122438593576), (4.314107894897461, 50.86137639035351)]",25.0,0.0,2026-09-28 16:10:00,0.9
Traffic flow_321191eb61e093c008a45469b712d4343b8a812e,"[(4.311390817165375, 50.862138237334605), (4.31187629699707, 50.862012956686236), (4.312428832054138, 50.861847043958164), (4.314107894897461, 50.86137639035351), (4.314585328102112, 50.86200279878108), (4.314687252044678, 50.862138237334605)]",25.0,0.0,2026-09-28 16:10:00,0.9
Traffic flow_125b0a951466663bec04ce54be84b63de0b8edf4,"[(4.3153685331344604, 50.85421780679252), (4.3152666091918945, 50.854302470067346), (4.314864277839661, 50.85462080260538), (4.314687252044678, 50.85475287610576), (4.3145424127578735, 50.85486463031395), (4.314510226249695, 50.854884949232115), (4.312756061553955, 50.85624968297066), (4.312273263931274, 50.85662218400098), (4.311929941177368, 50.85687616027029), (4.311736822128296, 50.8570150000461)]",30.0,0.0,2026-09-28 16:10:00,0.9
Traffic flow_2a7d3066237f0c53f41d7e8485c0d849f56c1a7e,"[(4.306726455688477, 50.86053326518382), (4.305825233459473, 50.86114614081635), (4.305540919303894, 50.86129004691032)]",35.0,0.0,2026-09-28 16:10:00,0.9
Traffic flow_45fc82d685ebf0f75941e83830f05b16dd512562,"[(4.326676726341248, 50.87157733519216), (4.32611882686615, 50.8716856638154), (4.325990080833435, 50.87169581961091), (4.325791597366333, 50.87169581961091), (4.325598478317261, 50.87172290172149), (4.324461221694946, 50.871936172792324), (4.324187636375427, 50.871993721961715), (4.323973059654236, 50.87207835296409), (4.323651194572449, 50.87227131107488), (4.322964549064636, 50.872721543560196), (4.322669506072998, 50.872944965584914), (4.322567582130432, 50.87304652069663), (4.322444200515747, 50.87319208263755), (4.322304725646973, 50.873385036137584), (4.322224259376526, 50.873537367283866), (4.322138428688049, 50.87373708958802), (4.322047233581543, 50.87388941958365)]",10.0,0.0,2026-09-28 16:10:00,0.9
Traffic flow_92e5e20e1ddf614c7b314cfd78fbd4a954df0341,"[(4.321757555007935, 50.87348659029043), (4.321838021278381, 50.87343919837998), (4.321913123130798, 50.87339857670408)]",10.0,0.0,2026-09-28 16:10:00,0.9
Traffic flow_da3eaa9c68cbf5cb25145f5a0dad786d3df2b33f,"[(4.321355223655701, 50.86904508189825), (4.321569800376892, 50.8691534164067), (4.321821928024292, 50.869275292427744), (4.322025775909424, 50.86938362640117), (4.32211697101593, 50.86944456415056), (4.3222349882125854, 50.869535970625314), (4.322288632392883, 50.86958675192272), (4.3224334716796875, 50.86975263710871), (4.322605133056641, 50.86999300031038), (4.322953820228577, 50.87052788862093), (4.323291778564453, 50.87103230298652), (4.32336151599884, 50.87116094470283), (4.3235331773757935, 50.87142499763976), (4.323973059654236, 50.87207835296409)]",15.0,0.0,2026-09-28 16:10:00,0.9
Traffic flow_b537f8295459474db275c9b17e6c4d31213b6f0a,"[(4.322197437286377, 50.8741568421495), (4.322326183319092, 50.87397743224308), (4.322138428688049, 50.87373708958802), (4.320824146270752, 50.87178722167103), (4.320593476295471, 50.87144530934218), (4.320357441902161, 50.871086467962975), (4.320255517959595, 50.870940899446026), (4.3200623989105225, 50.87071746781469), (4.319815635681152, 50.870477108348815), (4.319735169410706, 50.87040601587491), (4.319643974304199, 50.87034507938242), (4.3195366859436035, 50.87026383060183), (4.318431615829468, 50.86954612688921), (4.318308234214783, 50.86945472043439), (4.318184852600098, 50.869346386626205), (4.3180882930755615, 50.869234667122804), (4.3180400133132935, 50.869166958202555), (4.3180131912231445, 50.86911279099553), (4.317975640296936, 50.86905523826912), (4.317932724952698, 50.86896721631479), (4.317895174026489, 50.86884195401631), (4.3178790807724, 50.86872007686226), (4.31787371635437, 50.868537260533735)]",20.0,0.0,2026-09-28 16:10:00,0.9
Traffic flow_cb3efca233474f00462be2e49c2886e298845e30,"[(4.31787371635437, 50.868547417015236), (4.317744970321655, 50.868655752680276), (4.3175143003463745, 50.86883179759897), (4.3171656131744385, 50.86908232191393), (4.316613078117371, 50.86949534554755), (4.316527247428894, 50.86955797586098)]",20.0,0.0,2026-09-28 16:10:00,0.9
Traffic flow_44510ba2705483f8f8db4ed6738fdcb6ac1eec0b,"[(4.324187636375427, 50.871993721961715), (4.323951601982117, 50.871641655342565), (4.323688745498657, 50.87127943018006), (4.322937726974487, 50.870169040178816), (4.322825074195862, 50.86998961492177), (4.322674870491028, 50.86973232466867), (4.322637319564819, 50.86967815811863), (4.322530031204224, 50.86954951231003), (4.322460293769836, 50.86945472043439), (4.3223583698272705, 50.869380240968304), (4.322143793106079, 50.86924143800942), (4.321725368499756, 50.86903492552518), (4.321505427360535, 50.86893336167272), (4.320738315582275, 50.86855080250858), (4.320523738861084, 50.868456008602024), (4.320416450500488, 50.86838829855074), (4.3200355768203735, 50.86820886643921), (4.31912362575531, 50.867768747014516), (4.318914413452148, 50.86768749374326)]",20.0,0.0,2026-09-28 16:10:00,0.9
Traffic flow_f3af985ec141cab45750cf894c22fa840edd7152,"[(4.317750334739685, 50.86865913816576), (4.317777156829834, 50.868879194194264), (4.317798614501953, 50.86894013260311), (4.3178898096084595, 50.86914664550729), (4.317932724952698, 50.8692515943375), (4.318034648895264, 50.86939378269825), (4.318152666091919, 50.86951565809086), (4.3185120820999146, 50.86975940792008), (4.319096803665161, 50.8701419571654), (4.319391846656799, 50.87033830865611), (4.319477677345276, 50.870399245157465), (4.319584965705872, 50.87048387905496), (4.319713711738586, 50.87060236625329), (4.319804906845093, 50.870683614443784), (4.319981932640076, 50.87087657832861), (4.320105314254761, 50.87102553236004), (4.320791959762573, 50.87206481201403), (4.321006536483765, 50.872376252869955), (4.321607351303101, 50.87327671146399), (4.322047233581543, 50.87388941958365)]",25.0,0.0,2026-09-28 16:10:00,0.9
Traffic flow_93462b8451be472b7712080e1541197f7a7ffd93,"[(4.320542514324188, 50.86768410818722), (4.320529103279114, 50.86775859036335), (4.320443272590637, 50.86834090145633), (4.320416450500488, 50.86838829855074), (4.320287704467773, 50.86852033305964)]",25.0,0.0,2026-09-28 16:10:00,0.9
Traffic flow_c792d29205d045e71617940ed4caa5f34fea75f0,"[(4.323978424072266, 50.86455913511108), (4.323152303695679, 50.86434583028704), (4.3228679895401, 50.86426457104975), (4.3220847845077515, 50.864078351430116), (4.321237206459045, 50.863844729400874), (4.320019483566284, 50.86351968810843), (4.319778084754944, 50.86340795464079), (4.319665431976318, 50.86334362312886), (4.319660067558289, 50.86334362312886), (4.319606423377991, 50.863319922023145), (4.3194615840911865, 50.863235275118654), (4.319348931312561, 50.86316417160012), (4.319295287132263, 50.86312692685666), (4.3192362785339355, 50.86307952441287), (4.319145083427429, 50.86298810527803), (4.318909049034119, 50.86269353129082), (4.318683743476868, 50.86241927107802), (4.318608641624451, 50.86234478037126), (4.318394064903259, 50.862161939041016), (4.318200945854187, 50.8620095707181), (4.318034648895264, 50.86191476351032), (4.3178898096084595, 50.8618504299381), (4.31763768196106, 50.86174885043284), (4.317455291748047, 50.86169806059722), (4.317358732223511, 50.86167774464747), (4.3170905113220215, 50.86164049871663), (4.316859841346741, 50.861616796745146), (4.316586256027222, 50.86162018274182), (4.316527247428894, 50.86162526173634)]",5.0,0.0,2026-09-28 16:10:00,0.9
Traffic flow_bdb31a25df22d47b5e23108c6a6bf2787b8d0aa1,"[(4.31913435459137, 50.864521891481964), (4.3192362785339355, 50.86438984564811), (4.3194133043289185, 50.86412575285841), (4.319552779197693, 50.863905674390935), (4.3196117877960205, 50.863834571894785), (4.319665431976318, 50.863783784331154), (4.319751262664795, 50.86373976839792), (4.319799542427063, 50.863732996712194), (4.319858551025391, 50.86370929580441), (4.319901466369629, 50.86368220903791), (4.319998025894165, 50.86357047595975), (4.320030212402344, 50.863492601231776), (4.320024847984314, 50.86343165570175), (4.320003390312195, 50.86340456877395)]",5.0,0.0,2026-09-28 16:10:00,0.9
Traffic flow_b5893f12ae5483a23e10e6596ac07cc42c825136,"[(4.316527247428894, 50.86403433577498), (4.316800832748413, 50.86409528051719), (4.316918849945068, 50.86411220959811), (4.316999316215515, 50.8641325244871), (4.31788444519043, 50.8642815000692), (4.318442344665527, 50.864379688260776), (4.3191879987716675, 50.86453204883831)]",5.0,0.0,2026-09-28 16:10:00,0.9
Traffic flow_3d81bc0c2aab93603661c73cc3d85034fd59f28f,"[(4.323978424072266, 50.86455913511108), (4.3238067626953125, 50.8644846478231), (4.32362973690033, 50.864430475175276), (4.322760701179504, 50.86419346910095), (4.322454929351807, 50.86411898122876), (4.3220579624176025, 50.86403433577498), (4.321811199188232, 50.86397000512734), (4.320293068885803, 50.86354677496935), (4.320164322853088, 50.863506144672066), (4.320030212402344, 50.863451970887276)]",10.0,0.0,2026-09-28 16:10:00,0.9
Traffic flow_7515f878f90dc5ed953cff48a0fad3f4f5e99cb4,"[(4.320298433303833, 50.862517463191466), (4.319890737533569, 50.86237186791476), (4.319676160812378, 50.86229060523705), (4.319032430648804, 50.86202311458919), (4.318608641624451, 50.86184365797798), (4.318458437919617, 50.8617691663516), (4.318023920059204, 50.861599866758134), (4.317793250083923, 50.86152876074558), (4.317525029182434, 50.86145765462457), (4.317294359207153, 50.861413636495335), (4.317101240158081, 50.861389934408535), (4.316934943199158, 50.86137639035351), (4.316688179969788, 50.86136961832453), (4.316527247428894, 50.861371311331865)]",10.0,0.0,2026-09-28 16:10:00,0.9
Traffic flow_6242d82f2fd94dd9248c4f012016eadca9b61e35,"[(4.317262172698975, 50.86883518307166), (4.31712806224823, 50.868855495902636), (4.317036867141724, 50.868858881373605), (4.316961765289307, 50.868855495902636), (4.31687593460083, 50.86884195401631), (4.316763281822205, 50.868808099283264), (4.316655993461609, 50.86877085904851), (4.316527247428894, 50.868714998640606)]",10.0,0.0,2026-09-28 16:10:00,0.9
Traffic flow_a72db1e059314cdf078d536e09e5794ededfc33d,"[(4.316768646240234, 50.86658378944815), (4.317085146903992, 50.866678587161886), (4.3172889947891235, 50.86674291407213), (4.317423105239868, 50.8667903127913), (4.317541122436523, 50.86682755460828)]",10.0,0.0,2026-09-28 16:10:00,0.9
Traffic flow_c4efdd8ea4a2e741433bc31eded757d7659c056e,"[(4.321548342704773, 50.860749973510416), (4.321253299713135, 50.861176615085085), (4.320926070213318, 50.86166420067606), (4.320598840713501, 50.862138237334605), (4.320496916770935, 50.86227367549469), (4.3204110860824585, 50.86240234138238), (4.320319890975952, 50.862524235053726), (4.3202126026153564, 50.86268675945315), (4.319998025894165, 50.86298133348312), (4.319842457771301, 50.86315062806049), (4.3196868896484375, 50.8632589762674), (4.319606423377991, 50.863319922023145), (4.319509863853455, 50.86344181329562), (4.3194884061813354, 50.863465514339374), (4.3194615840911865, 50.86352307396691)]",15.0,0.0,2026-09-28 16:10:00,0.9
Traffic flow_b74e83920005e31b3b17de7bd884a1c8abaad168,"[(4.317605495452881, 50.869072165548964), (4.317578673362732, 50.86899768547164), (4.317610859870911, 50.86897737270262), (4.31763768196106, 50.86894013260311), (4.317648410797119, 50.868896121538036), (4.317610859870911, 50.86882164117943), (4.317551851272583, 50.86878101547912), (4.3175143003463745, 50.86877424452563), (4.317331910133362, 50.868286733289416), (4.317208528518677, 50.86797187957303), (4.316961765289307, 50.867298153186695), (4.31688129901886, 50.867162729622194)]",15.0,0.0,2026-09-28 16:10:00,0.9
Traffic flow_f31498fb41ccb94b24a738ad897f783b8baaf153,"[(4.316527247428894, 50.86136961832453), (4.316757917404175, 50.86136961832453), (4.316934943199158, 50.86137639035351), (4.317101240158081, 50.861389934408535), (4.317294359207153, 50.861413636495335), (4.317525029182434, 50.86145765462457), (4.317793250083923, 50.86152876074558), (4.318023920059204, 50.861599866758134), (4.318458437919617, 50.8617691663516), (4.318608641624451, 50.86184365797798), (4.319032430648804, 50.86202311458919), (4.319676160812378, 50.86229060523705), (4.319890737533569, 50.86237186791476), (4.320319890975952, 50.862524235053726), (4.320529103279114, 50.86260211139914)]",15.0,0.0,2026-09-28 16:10:00,0.9
Traffic flow_5c660d59b413053386e3bac967d310e726d6a91b,"[(4.3272265791893005, 50.869072165548964), (4.326950311660767, 50.86874377522273), (4.326896667480469, 50.8687065349366), (4.326708912849426, 50.86864559622238), (4.326440691947937, 50.86857111546348), (4.3243807554244995, 50.868056517877825), (4.323490262031555, 50.867826301329295), (4.323452711105347, 50.86780937359703), (4.3233829736709595, 50.867765361464365), (4.323350787162781, 50.86773489150204)]",15.0,0.0,2026-09-28 16:10:00,0.9
Traffic flow_57ab3675858813949e3fa4918c4653ab62f63476,"[(4.316731095314026, 50.86722705586439), (4.316784739494324, 50.86728799643301), (4.316827654838562, 50.86736586482142), (4.316956400871277, 50.867663794845804), (4.317203164100647, 50.868371371022555), (4.317358732223511, 50.8687776300025), (4.317310452461243, 50.868797942858556), (4.317283630371094, 50.868814870231844), (4.317262172698975, 50.86883518307166), (4.317251443862915, 50.868858881373605), (4.317251443862915, 50.86893336167272), (4.317262172698975, 50.868960445388346), (4.3173158168792725, 50.86900784185283), (4.31736946105957, 50.86902138369096), (4.3174391984939575, 50.869031540067), (4.317452609539032, 50.869072165548964)]",20.0,0.0,2026-09-28 16:10:00,0.9
Traffic flow_728fcf96703c09932f2deefb2353cf66090877f7,"[(4.328323602676392, 50.86433228709066), (4.328141212463379, 50.86437291666799), (4.327948093414307, 50.86439323144339), (4.32786226272583, 50.86438984564811), (4.327390193939209, 50.86432890129095), (4.32686448097229, 50.86424764202416), (4.326526522636414, 50.864190083291156), (4.326043725013733, 50.86412575285841), (4.325668215751648, 50.8640546506979), (4.325271248817444, 50.86397339095311), (4.324842095375061, 50.863895516898125), (4.324498772621155, 50.863824414386485), (4.3238765001297, 50.863658508104315), (4.3233078718185425, 50.86351291639075), (4.3223583698272705, 50.86324204687667), (4.321344494819641, 50.86289330005995)]",20.0,0.0,2026-09-28 16:10:00,0.9
Traffic flow_1959c3fb92cb2479bb5e844257e4904c4f2a3297,"[(4.324842095375061, 50.863895516898125), (4.323999881744385, 50.862588567696235), (4.323914051055908, 50.862500533531474), (4.323796033859253, 50.862415885139384), (4.323812127113342, 50.86240911326137), (4.323833584785461, 50.86239218356206), (4.323828220367432, 50.86233800848292), (4.323801398277283, 50.8623007630795), (4.323785305023193, 50.86229060523705), (4.323753118515015, 50.86228044739237), (4.323763847351074, 50.86227706144366), (4.323779940605164, 50.862256745746194), (4.323774576187134, 50.86223304408797), (4.323758482933044, 50.862216114324724), (4.322776794433594, 50.860749973510416)]",20.0,0.0,2026-09-28 16:10:00,0.9
Traffic flow_f70adc1e236246c3843b0ce05bb6605646dde701,"[(4.317541122436523, 50.86682755460828), (4.317423105239868, 50.8667903127913), (4.3172889947891235, 50.86674291407213), (4.31688666343689, 50.866617645796616), (4.316768646240234, 50.86658378944815)]",20.0,0.0,2026-09-28 16:10:00,0.9
Traffic flow_f172fd6ee01536e08bc64a71bc540c4a9c12528b,"[(4.318903684616089, 50.86447449045643), (4.318807125091553, 50.86459976449072), (4.318705201148987, 50.8647047235576), (4.318109750747681, 50.86552407331222), (4.3179380893707275, 50.865764458318026), (4.317900538444519, 50.86582540079861), (4.3177396059036255, 50.86605224155396), (4.317444562911987, 50.86651607667747), (4.317256808280945, 50.8667903127913), (4.317106604576111, 50.86698329279325), (4.317036867141724, 50.86705100488531), (4.316993951797485, 50.867084860894465), (4.31688129901886, 50.867162729622194), (4.316822290420532, 50.8671931999585), (4.316731095314026, 50.86722705586439)]",25.0,0.0,2026-09-28 16:10:00,0.9
Traffic flow_cd86cc1562c35b5e69d3fd6553e4bd8336652bb9,"[(4.322513937950134, 50.860749973510416), (4.3234312534332275, 50.86212130753692), (4.323495626449585, 50.8622025705097), (4.323602914810181, 50.86231092091975), (4.323592185974121, 50.86232107875779), (4.323592185974121, 50.8623515522586), (4.323602914810181, 50.862385411680606), (4.32361900806427, 50.86240911326137), (4.323661923408508, 50.862429428892455), (4.323983788490295, 50.86297117578893), (4.3243324756622314, 50.86349598709222), (4.324477314949036, 50.86373976839792), (4.324493408203125, 50.863780398491606), (4.324498772621155, 50.863824414386485)]",25.0,0.0,2026-09-28 16:10:00,0.9
Traffic flow_0b1ba613363b52998b561b8646055d33eb3e8f2a,"[(4.3174391984939575, 50.869031540067), (4.317525029182434, 50.86902138369096), (4.317578673362732, 50.86899768547164)]",30.0,0.0,2026-09-28 16:10:00,0.9
Traffic flow_2ba7e7a36a4caa9de38522e1f5a326255cbc62b6,"[(4.3191879987716675, 50.86453204883831), (4.319509863853455, 50.864592992929914), (4.320572018623352, 50.86483338273657), (4.320931434631348, 50.86490786946737), (4.32136595249176, 50.86500944209032), (4.321838021278381, 50.865138100428375), (4.322256445884705, 50.86526675841138), (4.322937726974487, 50.865486830453946), (4.323146939277649, 50.865557930430285), (4.3236082792282104, 50.86573060134995), (4.3243807554244995, 50.86603869885328), (4.324783086776733, 50.86620459666555), (4.325662851333618, 50.86658040381195), (4.3260544538497925, 50.86675307094458), (4.326172471046448, 50.86681062651333), (4.326462149620056, 50.86693589427029), (4.326730370521545, 50.86701714885157)]",30.0,0.0,2026-09-28 16:10:00,0.9
Traffic flow_a0a0641e730531e95be3ddd6f12bf1a77c31beb5,"[(4.31763768196106, 50.86894013260311), (4.319729804992676, 50.868506791075944), (4.3206095695495605, 50.868310431870185), (4.32162344455719, 50.86809714420954), (4.322567582130432, 50.867890626655836), (4.3226158618927, 50.86791432543798), (4.322680234909058, 50.8679177109773), (4.322744607925415, 50.86791432543798), (4.3228089809417725, 50.86790078327823), (4.322851896286011, 50.86788724111455), (4.32287871837616, 50.86786692786164), (4.322916269302368, 50.867816144690664), (4.323238134384155, 50.86775859036335), (4.324209094047546, 50.867545300177795), (4.326730370521545, 50.86701714885157)]",30.0,0.0,2026-09-28 16:10:00,0.9
Traffic flow_66a9e07ee5a1fa1dc7dedbf257e8760ff32ed2d4,"[(4.323350787162781, 50.86773489150204), (4.3233829736709595, 50.867765361464365), (4.323452711105347, 50.86780937359703), (4.323490262031555, 50.867826301329295), (4.3243807554244995, 50.868056517877825), (4.326440691947937, 50.86857111546348), (4.326708912849426, 50.86864559622238), (4.326896667480469, 50.8687065349366), (4.326950311660767, 50.86874377522273), (4.3272265791893005, 50.869072165548964)]",30.0,0.0,2026-09-28 16:10:00,0.9
Traffic flow_b508930fd0bc7b1394d0fbef70f052a539d330bc,"[(4.3194133043289185, 50.86412575285841), (4.319483041763306, 50.8640885088831), (4.319531321525574, 50.8640546506979), (4.319574236869812, 50.86401402084321), (4.31963324546814, 50.8639429185123), (4.319676160812378, 50.86391244605158), (4.319713711738586, 50.863895516898125), (4.319756627082825, 50.86387181607296), (4.319939017295837, 50.86383118605893), (4.3201106786727905, 50.863824414386485), (4.320196509361267, 50.86382780022284), (4.32037353515625, 50.863868430239805), (4.320802688598633, 50.863983548428955), (4.3210601806640625, 50.864027564132044)]",35.0,0.0,2026-09-28 16:10:00,0.9
Traffic flow_4075ed8b177730e49a4fd411bd312014461e0f9c,"[(4.326462149620056, 50.86693589427029), (4.326145648956299, 50.86679708403296), (4.3260544538497925, 50.86675307094458), (4.325662851333618, 50.86658040381195), (4.324713349342346, 50.86617412568305), (4.3243807554244995, 50.86603869885328), (4.3236082792282104, 50.86573060134995), (4.32312548160553, 50.86555115900864)]",35.0,0.0,2026-09-28 16:10:00,0.9
Traffic flow_26af71b74ed4c3d982b85f203ad95d4a401a6be8,"[(4.319858551025391, 50.86370929580441), (4.320346713066101, 50.863824414386485), (4.3210601806640625, 50.864027564132044)]",40.0,0.0,2026-09-28 16:10:00,0.9
Traffic flow_f8fc399a3b23f8fa81d8026ad213c2664218a157,"[(4.316527247428894, 50.863770240971505), (4.316580891609192, 50.863780398491606), (4.3168652057647705, 50.86381764271306), (4.317197799682617, 50.86384134356577), (4.317358732223511, 50.86383118605893), (4.317530393600464, 50.86382780022284), (4.317702054977417, 50.86381764271306), (4.317905902862549, 50.86379732768686), (4.318093657493591, 50.863770240971505), (4.318292140960693, 50.863732996712194), (4.318608641624451, 50.86368898073101), (4.318769574165344, 50.86367205149642), (4.318903684616089, 50.86365173640679), (4.319193363189697, 50.863624649606855), (4.319418668746948, 50.863621263755746), (4.319606423377991, 50.86363819300879), (4.319740533828735, 50.86365512225568), (4.320099949836731, 50.863712681649126), (4.32036817073822, 50.863780398491606), (4.321762919425964, 50.864169768427246), (4.322015047073364, 50.86424764202416), (4.322170615196228, 50.86429165747792), (4.32261049747467, 50.864430475175276), (4.32311475276947, 50.864582835586845)]",50.0,0.0,2026-09-28 16:10:00,0.9
Traffic flow_41500f2fdede19c33e966d67704aa356728df524,"[(4.32311475276947, 50.864582835586845), (4.324139356613159, 50.864860468834266), (4.32436466217041, 50.864924798253234), (4.325088858604431, 50.865117785977546), (4.326038360595703, 50.86538864459406), (4.329385757446289, 50.866319709086305), (4.329712986946106, 50.86642127863328)]",55.0,0.0,2026-09-28 16:10:00,0.9
Traffic flow_aea8aa7f6f042a9957742a88ab7204b88a93d99d,"[(4.3210601806640625, 50.864027564132044), (4.322143793106079, 50.86433567289013), (4.322267174720764, 50.86437291666799), (4.322594404220581, 50.86446094729742), (4.322744607925415, 50.86450496254981), (4.32311475276947, 50.864582835586845)]",55.0,0.0,2026-09-28 16:10:00,0.9
Traffic flow_e7d32e6877dbbdb034d577a7545f799fa36018d1,"[(4.329712986946106, 50.85907553690785), (4.329659342765808, 50.85908400236039), (4.329348206520081, 50.85912463651125), (4.3288493156433105, 50.85916188445176), (4.328661561012268, 50.859172042975814), (4.328082203865051, 50.85916527062669), (4.327899813652039, 50.85916865680138), (4.327041506767273, 50.85916865680138), (4.326714277267456, 50.85915849827658), (4.326494336128235, 50.85914495357339), (4.325582385063171, 50.859016278696956), (4.325389266014099, 50.85899596157875), (4.324911832809448, 50.8589248515953), (4.324461221694946, 50.85884696910805), (4.323763847351074, 50.858745383059635), (4.323216676712036, 50.85868104511451), (4.322487115859985, 50.85862347950942), (4.321505427360535, 50.85857607248716), (4.32088315486908, 50.85850157564052), (4.320255517959595, 50.858399988839665), (4.319247007369995, 50.85822729077033), (4.318399429321289, 50.85808845460377)]",10.0,0.0,2026-09-28 16:10:00,0.9
Traffic flow_04507f1d0f8931e07b7217cc9fd3e1817e1989c9,"[(4.322717785835266, 50.862040044422514), (4.322991371154785, 50.86187413179083), (4.323039650917053, 50.861830114054754), (4.323077201843262, 50.86178609627713), (4.323173761367798, 50.86164727070627), (4.323592185974121, 50.86086848545051), (4.324074983596802, 50.86001857887163), (4.32462215423584, 50.85900612013896), (4.324697256088257, 50.85888760346545)]",10.0,0.0,2026-09-28 16:10:00,0.9
Traffic flow_f0321ded851f0834d83ecbd6a6f0f30272e480da,"[(4.316527247428894, 50.86029962539095), (4.3166184425354, 50.860211586904455), (4.31688129901886, 50.85996778715127), (4.31736946105957, 50.8594801838208), (4.318292140960693, 50.85851173430842), (4.318506717681885, 50.85830856052969), (4.318554997444153, 50.858237449498), (4.3185871839523315, 50.85817311085207), (4.318603277206421, 50.858122317121534), (4.318603277206421, 50.858047819549995), (4.318576455116272, 50.85788189271294), (4.318184852600098, 50.85683891050401), (4.317734241485596, 50.85554192281593), (4.317578673362732, 50.85512877555971), (4.317610859870911, 50.85510845674777), (4.31763768196106, 50.855071205569544), (4.317648410797119, 50.855027181411465), (4.317610859870911, 50.85495267889544), (4.317551851272583, 50.85491204110925), (4.3175143003463745, 50.854905268141444), (4.317331910133362, 50.85442099839391), (4.317208528518677, 50.854106051034414), (4.317101240158081, 50.85381480749744)]",15.0,0.0,2026-09-28 16:10:00,0.9
Traffic flow_2b6e4f0cbbd607e15e3f6546cda0faa844c6239b,"[(4.316527247428894, 50.85777691828662), (4.317278265953064, 50.85789205151585), (4.318603277206421, 50.858122317121534)]",15.0,0.0,2026-09-28 16:10:00,0.9
Traffic flow_2c9ffe98695b7b26cb5f9a93b09e0e029a2263a1,"[(4.32088315486908, 50.85850157564052), (4.320947527885437, 50.85842369244633), (4.321076273918152, 50.85822729077033), (4.321301579475403, 50.857831098665194), (4.321344494819641, 50.857715965285486), (4.321339130401611, 50.857668557340624), (4.321328401565552, 50.85765162592007), (4.321301579475403, 50.85762453563439), (4.321253299713135, 50.85760760419785), (4.321194291114807, 50.85760083162152), (4.321097731590271, 50.8576042179098), (4.320920705795288, 50.85761776306052), (4.3204110860824585, 50.85767871619001), (4.320175051689148, 50.857715965285486), (4.319826364517212, 50.85779723593596), (4.319209456443787, 50.857963163074245), (4.319043159484863, 50.858017343236426), (4.318994879722595, 50.85804104703759), (4.3189626932144165, 50.85807152333567), (4.318909049034119, 50.85817311085207)]",15.0,0.0,2026-09-28 16:10:00,0.9
Traffic flow_84a1ddc6babaffd985dcfb511589a8543ed2f0b6,"[(4.325185418128967, 50.857312996217985), (4.324488043785095, 50.85717415732936), (4.324316382408142, 50.85711997618753), (4.3241822719573975, 50.857062408655366), (4.32412326335907, 50.8570319316978), (4.324085712432861, 50.85700484105213), (4.324026703834534, 50.8569709777229), (4.323897957801819, 50.85686938758772), (4.323774576187134, 50.85674070643212), (4.323694109916687, 50.856601865839686), (4.323597550392151, 50.85632418341475), (4.323227405548096, 50.8553082580141), (4.3231576681137085, 50.855057659679176), (4.323141574859619, 50.854979770733216), (4.32313084602356, 50.854837538409285), (4.323141574859619, 50.8547596490957), (4.322851896286011, 50.85401800085457)]",20.0,0.0,2026-09-28 16:10:00,0.9
Traffic flow_96f900c7a3b95b258c922a2f59ad57000183c477,"[(4.3226158618927, 50.85404847978179), (4.322846531867981, 50.85473255713004), (4.32287871837616, 50.85481383297979), (4.322943091392517, 50.85490188165717), (4.323071837425232, 50.85511184321704), (4.323104023933411, 50.85517618608649), (4.323586821556091, 50.85646641120481), (4.323640465736389, 50.85661879764138), (4.323667287826538, 50.85668313843176), (4.323699474334717, 50.856733933729885), (4.3238067626953125, 50.856855842219645), (4.323849678039551, 50.85689986465152), (4.323903322219849, 50.85694388704182), (4.324021339416504, 50.8570319316978), (4.324144721031189, 50.85709627191819), (4.324321746826172, 50.85716738469008), (4.324396848678589, 50.85719108892328), (4.324890375137329, 50.85730283728893), (4.32511031627655, 50.85739426757075)]",25.0,0.0,2026-09-28 16:10:00,0.9
Traffic flow_ecb2127fee322e68bec75567ef61e390c3df6e9b,"[(4.324074983596802, 50.86001857887163), (4.323838949203491, 50.860055826098076), (4.323715567588806, 50.86008630107939), (4.322315454483032, 50.860485860103125), (4.321902394294739, 50.86061114485463), (4.321516156196594, 50.860712726838464), (4.3207597732543945, 50.860919276189776), (4.319456219673157, 50.86129851196085), (4.318855404853821, 50.861454268616114), (4.317793250083923, 50.86176239437966), (4.317396283149719, 50.86189106167824), (4.316572844982147, 50.862138237334605)]",25.0,0.0,2026-09-28 16:10:00,0.9
